trial_id,system_type,pulls_required
1,System_A_SinglePity,73
2,System_A_SinglePity,56
3,System_A_SinglePity,77
4,System_A_SinglePity,3
5,System_A_SinglePity,80
6,System_A_SinglePity,45
7,System_A_SinglePity,75
8,System_A_SinglePity,49
9,System_A_SinglePity,14
10,System_A_SinglePity,80
11,System_A_SinglePity,14
12,System_A_SinglePity,80
13,System_A_SinglePity,80
14,System_A_SinglePity,80
15,System_A_SinglePity,21
16,System_A_SinglePity,19
17,System_A_SinglePity,58
18,System_A_SinglePity,47
19,System_A_SinglePity,80
20,System_A_SinglePity,80
21,System_A_SinglePity,65
22,System_A_SinglePity,80
23,System_A_SinglePity,17
24,System_A_SinglePity,19
25,System_A_SinglePity,80
26,System_A_SinglePity,64
27,System_A_SinglePity,57
28,System_A_SinglePity,32
29,System_A_SinglePity,80
30,System_A_SinglePity,80
31,System_A_SinglePity,70
32,System_A_SinglePity,9
33,System_A_SinglePity,47
34,System_A_SinglePity,80
35,System_A_SinglePity,8
36,System_A_SinglePity,15
37,System_A_SinglePity,20
38,System_A_SinglePity,80
39,System_A_SinglePity,80
40,System_A_SinglePity,52
41,System_A_SinglePity,80
42,System_A_SinglePity,14
43,System_A_SinglePity,70
44,System_A_SinglePity,1
45,System_A_SinglePity,32
46,System_A_SinglePity,22
47,System_A_SinglePity,11
48,System_A_SinglePity,80
49,System_A_SinglePity,80
50,System_A_SinglePity,10
51,System_A_SinglePity,5
52,System_A_SinglePity,71
53,System_A_SinglePity,7
54,System_A_SinglePity,21
55,System_A_SinglePity,50
56,System_A_SinglePity,10
57,System_A_SinglePity,22
58,System_A_SinglePity,47
59,System_A_SinglePity,56
60,System_A_SinglePity,1
61,System_A_SinglePity,80
62,System_A_SinglePity,5
63,System_A_SinglePity,9
64,System_A_SinglePity,66
65,System_A_SinglePity,30
66,System_A_SinglePity,80
67,System_A_SinglePity,12
68,System_A_SinglePity,9
69,System_A_SinglePity,10
70,System_A_SinglePity,80
71,System_A_SinglePity,21
72,System_A_SinglePity,54
73,System_A_SinglePity,42
74,System_A_SinglePity,4
75,System_A_SinglePity,80
76,System_A_SinglePity,23
77,System_A_SinglePity,80
78,System_A_SinglePity,80
79,System_A_SinglePity,49
80,System_A_SinglePity,80
81,System_A_SinglePity,5
82,System_A_SinglePity,34
83,System_A_SinglePity,38
84,System_A_SinglePity,80
85,System_A_SinglePity,51
86,System_A_SinglePity,52
87,System_A_SinglePity,80
88,System_A_SinglePity,53
89,System_A_SinglePity,33
90,System_A_SinglePity,22
91,System_A_SinglePity,4
92,System_A_SinglePity,80
93,System_A_SinglePity,80
94,System_A_SinglePity,80
95,System_A_SinglePity,19
96,System_A_SinglePity,80
97,System_A_SinglePity,13
98,System_A_SinglePity,43
99,System_A_SinglePity,80
100,System_A_SinglePity,62
101,System_A_SinglePity,38
102,System_A_SinglePity,31
103,System_A_SinglePity,14
104,System_A_SinglePity,6
105,System_A_SinglePity,36
106,System_A_SinglePity,80
107,System_A_SinglePity,9
108,System_A_SinglePity,78
109,System_A_SinglePity,80
110,System_A_SinglePity,12
111,System_A_SinglePity,80
112,System_A_SinglePity,80
113,System_A_SinglePity,8
114,System_A_SinglePity,66
115,System_A_SinglePity,38
116,System_A_SinglePity,7
117,System_A_SinglePity,37
118,System_A_SinglePity,80
119,System_A_SinglePity,12
120,System_A_SinglePity,80
121,System_A_SinglePity,80
122,System_A_SinglePity,80
123,System_A_SinglePity,80
124,System_A_SinglePity,67
125,System_A_SinglePity,5
126,System_A_SinglePity,80
127,System_A_SinglePity,6
128,System_A_SinglePity,38
129,System_A_SinglePity,5
130,System_A_SinglePity,80
131,System_A_SinglePity,53
132,System_A_SinglePity,80
133,System_A_SinglePity,80
134,System_A_SinglePity,70
135,System_A_SinglePity,80
136,System_A_SinglePity,54
137,System_A_SinglePity,20
138,System_A_SinglePity,30
139,System_A_SinglePity,20
140,System_A_SinglePity,18
141,System_A_SinglePity,80
142,System_A_SinglePity,80
143,System_A_SinglePity,8
144,System_A_SinglePity,17
145,System_A_SinglePity,58
146,System_A_SinglePity,80
147,System_A_SinglePity,6
148,System_A_SinglePity,56
149,System_A_SinglePity,54
150,System_A_SinglePity,80
151,System_A_SinglePity,14
152,System_A_SinglePity,80
153,System_A_SinglePity,51
154,System_A_SinglePity,33
155,System_A_SinglePity,80
156,System_A_SinglePity,80
157,System_A_SinglePity,56
158,System_A_SinglePity,80
159,System_A_SinglePity,18
160,System_A_SinglePity,8
161,System_A_SinglePity,15
162,System_A_SinglePity,80
163,System_A_SinglePity,46
164,System_A_SinglePity,10
165,System_A_SinglePity,51
166,System_A_SinglePity,12
167,System_A_SinglePity,54
168,System_A_SinglePity,13
169,System_A_SinglePity,7
170,System_A_SinglePity,45
171,System_A_SinglePity,80
172,System_A_SinglePity,72
173,System_A_SinglePity,60
174,System_A_SinglePity,55
175,System_A_SinglePity,72
176,System_A_SinglePity,13
177,System_A_SinglePity,80
178,System_A_SinglePity,62
179,System_A_SinglePity,17
180,System_A_SinglePity,57
181,System_A_SinglePity,26
182,System_A_SinglePity,80
183,System_A_SinglePity,6
184,System_A_SinglePity,27
185,System_A_SinglePity,62
186,System_A_SinglePity,13
187,System_A_SinglePity,80
188,System_A_SinglePity,80
189,System_A_SinglePity,13
190,System_A_SinglePity,9
191,System_A_SinglePity,21
192,System_A_SinglePity,58
193,System_A_SinglePity,11
194,System_A_SinglePity,21
195,System_A_SinglePity,80
196,System_A_SinglePity,80
197,System_A_SinglePity,37
198,System_A_SinglePity,8
199,System_A_SinglePity,80
200,System_A_SinglePity,80
201,System_A_SinglePity,35
202,System_A_SinglePity,15
203,System_A_SinglePity,1
204,System_A_SinglePity,42
205,System_A_SinglePity,48
206,System_A_SinglePity,80
207,System_A_SinglePity,80
208,System_A_SinglePity,62
209,System_A_SinglePity,34
210,System_A_SinglePity,52
211,System_A_SinglePity,43
212,System_A_SinglePity,30
213,System_A_SinglePity,42
214,System_A_SinglePity,26
215,System_A_SinglePity,9
216,System_A_SinglePity,73
217,System_A_SinglePity,1
218,System_A_SinglePity,7
219,System_A_SinglePity,7
220,System_A_SinglePity,17
221,System_A_SinglePity,80
222,System_A_SinglePity,9
223,System_A_SinglePity,80
224,System_A_SinglePity,41
225,System_A_SinglePity,36
226,System_A_SinglePity,73
227,System_A_SinglePity,80
228,System_A_SinglePity,43
229,System_A_SinglePity,5
230,System_A_SinglePity,80
231,System_A_SinglePity,80
232,System_A_SinglePity,17
233,System_A_SinglePity,8
234,System_A_SinglePity,44
235,System_A_SinglePity,57
236,System_A_SinglePity,12
237,System_A_SinglePity,80
238,System_A_SinglePity,44
239,System_A_SinglePity,80
240,System_A_SinglePity,42
241,System_A_SinglePity,80
242,System_A_SinglePity,80
243,System_A_SinglePity,80
244,System_A_SinglePity,15
245,System_A_SinglePity,12
246,System_A_SinglePity,56
247,System_A_SinglePity,39
248,System_A_SinglePity,38
249,System_A_SinglePity,80
250,System_A_SinglePity,59
251,System_A_SinglePity,80
252,System_A_SinglePity,80
253,System_A_SinglePity,22
254,System_A_SinglePity,22
255,System_A_SinglePity,2
256,System_A_SinglePity,21
257,System_A_SinglePity,49
258,System_A_SinglePity,21
259,System_A_SinglePity,22
260,System_A_SinglePity,26
261,System_A_SinglePity,17
262,System_A_SinglePity,55
263,System_A_SinglePity,14
264,System_A_SinglePity,80
265,System_A_SinglePity,73
266,System_A_SinglePity,9
267,System_A_SinglePity,49
268,System_A_SinglePity,80
269,System_A_SinglePity,5
270,System_A_SinglePity,29
271,System_A_SinglePity,80
272,System_A_SinglePity,48
273,System_A_SinglePity,80
274,System_A_SinglePity,2
275,System_A_SinglePity,1
276,System_A_SinglePity,80
277,System_A_SinglePity,51
278,System_A_SinglePity,80
279,System_A_SinglePity,78
280,System_A_SinglePity,80
281,System_A_SinglePity,6
282,System_A_SinglePity,61
283,System_A_SinglePity,27
284,System_A_SinglePity,17
285,System_A_SinglePity,21
286,System_A_SinglePity,60
287,System_A_SinglePity,52
288,System_A_SinglePity,15
289,System_A_SinglePity,48
290,System_A_SinglePity,80
291,System_A_SinglePity,14
292,System_A_SinglePity,80
293,System_A_SinglePity,27
294,System_A_SinglePity,80
295,System_A_SinglePity,3
296,System_A_SinglePity,80
297,System_A_SinglePity,28
298,System_A_SinglePity,64
299,System_A_SinglePity,80
300,System_A_SinglePity,29
301,System_A_SinglePity,21
302,System_A_SinglePity,20
303,System_A_SinglePity,10
304,System_A_SinglePity,76
305,System_A_SinglePity,80
306,System_A_SinglePity,12
307,System_A_SinglePity,8
308,System_A_SinglePity,80
309,System_A_SinglePity,80
310,System_A_SinglePity,80
311,System_A_SinglePity,4
312,System_A_SinglePity,1
313,System_A_SinglePity,63
314,System_A_SinglePity,6
315,System_A_SinglePity,80
316,System_A_SinglePity,14
317,System_A_SinglePity,80
318,System_A_SinglePity,13
319,System_A_SinglePity,80
320,System_A_SinglePity,80
321,System_A_SinglePity,61
322,System_A_SinglePity,80
323,System_A_SinglePity,41
324,System_A_SinglePity,77
325,System_A_SinglePity,80
326,System_A_SinglePity,80
327,System_A_SinglePity,57
328,System_A_SinglePity,71
329,System_A_SinglePity,40
330,System_A_SinglePity,46
331,System_A_SinglePity,43
332,System_A_SinglePity,30
333,System_A_SinglePity,7
334,System_A_SinglePity,15
335,System_A_SinglePity,3
336,System_A_SinglePity,14
337,System_A_SinglePity,80
338,System_A_SinglePity,59
339,System_A_SinglePity,80
340,System_A_SinglePity,80
341,System_A_SinglePity,3
342,System_A_SinglePity,1
343,System_A_SinglePity,32
344,System_A_SinglePity,80
345,System_A_SinglePity,80
346,System_A_SinglePity,5
347,System_A_SinglePity,47
348,System_A_SinglePity,47
349,System_A_SinglePity,24
350,System_A_SinglePity,5
351,System_A_SinglePity,1
352,System_A_SinglePity,80
353,System_A_SinglePity,80
354,System_A_SinglePity,80
355,System_A_SinglePity,80
356,System_A_SinglePity,10
357,System_A_SinglePity,13
358,System_A_SinglePity,12
359,System_A_SinglePity,80
360,System_A_SinglePity,80
361,System_A_SinglePity,50
362,System_A_SinglePity,80
363,System_A_SinglePity,18
364,System_A_SinglePity,80
365,System_A_SinglePity,79
366,System_A_SinglePity,77
367,System_A_SinglePity,80
368,System_A_SinglePity,14
369,System_A_SinglePity,80
370,System_A_SinglePity,80
371,System_A_SinglePity,29
372,System_A_SinglePity,2
373,System_A_SinglePity,14
374,System_A_SinglePity,58
375,System_A_SinglePity,62
376,System_A_SinglePity,13
377,System_A_SinglePity,15
378,System_A_SinglePity,3
379,System_A_SinglePity,33
380,System_A_SinglePity,80
381,System_A_SinglePity,40
382,System_A_SinglePity,80
383,System_A_SinglePity,80
384,System_A_SinglePity,80
385,System_A_SinglePity,49
386,System_A_SinglePity,55
387,System_A_SinglePity,9
388,System_A_SinglePity,80
389,System_A_SinglePity,41
390,System_A_SinglePity,80
391,System_A_SinglePity,80
392,System_A_SinglePity,38
393,System_A_SinglePity,80
394,System_A_SinglePity,80
395,System_A_SinglePity,45
396,System_A_SinglePity,27
397,System_A_SinglePity,12
398,System_A_SinglePity,33
399,System_A_SinglePity,3
400,System_A_SinglePity,80
401,System_A_SinglePity,80
402,System_A_SinglePity,4
403,System_A_SinglePity,80
404,System_A_SinglePity,48
405,System_A_SinglePity,22
406,System_A_SinglePity,80
407,System_A_SinglePity,55
408,System_A_SinglePity,24
409,System_A_SinglePity,75
410,System_A_SinglePity,35
411,System_A_SinglePity,2
412,System_A_SinglePity,13
413,System_A_SinglePity,22
414,System_A_SinglePity,80
415,System_A_SinglePity,80
416,System_A_SinglePity,80
417,System_A_SinglePity,28
418,System_A_SinglePity,10
419,System_A_SinglePity,55
420,System_A_SinglePity,45
421,System_A_SinglePity,79
422,System_A_SinglePity,12
423,System_A_SinglePity,34
424,System_A_SinglePity,80
425,System_A_SinglePity,32
426,System_A_SinglePity,51
427,System_A_SinglePity,80
428,System_A_SinglePity,56
429,System_A_SinglePity,8
430,System_A_SinglePity,80
431,System_A_SinglePity,80
432,System_A_SinglePity,80
433,System_A_SinglePity,80
434,System_A_SinglePity,63
435,System_A_SinglePity,80
436,System_A_SinglePity,1
437,System_A_SinglePity,53
438,System_A_SinglePity,61
439,System_A_SinglePity,80
440,System_A_SinglePity,64
441,System_A_SinglePity,76
442,System_A_SinglePity,80
443,System_A_SinglePity,75
444,System_A_SinglePity,10
445,System_A_SinglePity,62
446,System_A_SinglePity,80
447,System_A_SinglePity,80
448,System_A_SinglePity,1
449,System_A_SinglePity,62
450,System_A_SinglePity,19
451,System_A_SinglePity,17
452,System_A_SinglePity,56
453,System_A_SinglePity,50
454,System_A_SinglePity,5
455,System_A_SinglePity,9
456,System_A_SinglePity,80
457,System_A_SinglePity,57
458,System_A_SinglePity,10
459,System_A_SinglePity,80
460,System_A_SinglePity,27
461,System_A_SinglePity,80
462,System_A_SinglePity,54
463,System_A_SinglePity,21
464,System_A_SinglePity,26
465,System_A_SinglePity,80
466,System_A_SinglePity,12
467,System_A_SinglePity,32
468,System_A_SinglePity,4
469,System_A_SinglePity,10
470,System_A_SinglePity,80
471,System_A_SinglePity,33
472,System_A_SinglePity,13
473,System_A_SinglePity,56
474,System_A_SinglePity,72
475,System_A_SinglePity,80
476,System_A_SinglePity,80
477,System_A_SinglePity,80
478,System_A_SinglePity,79
479,System_A_SinglePity,1
480,System_A_SinglePity,7
481,System_A_SinglePity,80
482,System_A_SinglePity,63
483,System_A_SinglePity,74
484,System_A_SinglePity,80
485,System_A_SinglePity,46
486,System_A_SinglePity,20
487,System_A_SinglePity,8
488,System_A_SinglePity,1
489,System_A_SinglePity,30
490,System_A_SinglePity,3
491,System_A_SinglePity,80
492,System_A_SinglePity,19
493,System_A_SinglePity,80
494,System_A_SinglePity,15
495,System_A_SinglePity,36
496,System_A_SinglePity,80
497,System_A_SinglePity,17
498,System_A_SinglePity,80
499,System_A_SinglePity,15
500,System_A_SinglePity,79
501,System_A_SinglePity,59
502,System_A_SinglePity,1
503,System_A_SinglePity,10
504,System_A_SinglePity,80
505,System_A_SinglePity,6
506,System_A_SinglePity,78
507,System_A_SinglePity,8
508,System_A_SinglePity,58
509,System_A_SinglePity,72
510,System_A_SinglePity,80
511,System_A_SinglePity,80
512,System_A_SinglePity,80
513,System_A_SinglePity,80
514,System_A_SinglePity,80
515,System_A_SinglePity,45
516,System_A_SinglePity,80
517,System_A_SinglePity,80
518,System_A_SinglePity,37
519,System_A_SinglePity,80
520,System_A_SinglePity,13
521,System_A_SinglePity,63
522,System_A_SinglePity,33
523,System_A_SinglePity,59
524,System_A_SinglePity,79
525,System_A_SinglePity,80
526,System_A_SinglePity,11
527,System_A_SinglePity,52
528,System_A_SinglePity,73
529,System_A_SinglePity,4
530,System_A_SinglePity,31
531,System_A_SinglePity,8
532,System_A_SinglePity,80
533,System_A_SinglePity,80
534,System_A_SinglePity,64
535,System_A_SinglePity,7
536,System_A_SinglePity,28
537,System_A_SinglePity,61
538,System_A_SinglePity,6
539,System_A_SinglePity,73
540,System_A_SinglePity,80
541,System_A_SinglePity,60
542,System_A_SinglePity,25
543,System_A_SinglePity,31
544,System_A_SinglePity,80
545,System_A_SinglePity,80
546,System_A_SinglePity,80
547,System_A_SinglePity,80
548,System_A_SinglePity,28
549,System_A_SinglePity,38
550,System_A_SinglePity,33
551,System_A_SinglePity,9
552,System_A_SinglePity,80
553,System_A_SinglePity,24
554,System_A_SinglePity,2
555,System_A_SinglePity,80
556,System_A_SinglePity,19
557,System_A_SinglePity,80
558,System_A_SinglePity,28
559,System_A_SinglePity,23
560,System_A_SinglePity,12
561,System_A_SinglePity,80
562,System_A_SinglePity,80
563,System_A_SinglePity,55
564,System_A_SinglePity,80
565,System_A_SinglePity,54
566,System_A_SinglePity,35
567,System_A_SinglePity,8
568,System_A_SinglePity,33
569,System_A_SinglePity,71
570,System_A_SinglePity,80
571,System_A_SinglePity,43
572,System_A_SinglePity,80
573,System_A_SinglePity,8
574,System_A_SinglePity,80
575,System_A_SinglePity,80
576,System_A_SinglePity,80
577,System_A_SinglePity,17
578,System_A_SinglePity,21
579,System_A_SinglePity,15
580,System_A_SinglePity,33
581,System_A_SinglePity,80
582,System_A_SinglePity,5
583,System_A_SinglePity,80
584,System_A_SinglePity,12
585,System_A_SinglePity,26
586,System_A_SinglePity,30
587,System_A_SinglePity,80
588,System_A_SinglePity,45
589,System_A_SinglePity,80
590,System_A_SinglePity,21
591,System_A_SinglePity,27
592,System_A_SinglePity,13
593,System_A_SinglePity,80
594,System_A_SinglePity,80
595,System_A_SinglePity,80
596,System_A_SinglePity,28
597,System_A_SinglePity,12
598,System_A_SinglePity,80
599,System_A_SinglePity,2
600,System_A_SinglePity,53
601,System_A_SinglePity,23
602,System_A_SinglePity,5
603,System_A_SinglePity,80
604,System_A_SinglePity,78
605,System_A_SinglePity,27
606,System_A_SinglePity,72
607,System_A_SinglePity,80
608,System_A_SinglePity,80
609,System_A_SinglePity,80
610,System_A_SinglePity,31
611,System_A_SinglePity,80
612,System_A_SinglePity,75
613,System_A_SinglePity,15
614,System_A_SinglePity,33
615,System_A_SinglePity,50
616,System_A_SinglePity,80
617,System_A_SinglePity,11
618,System_A_SinglePity,80
619,System_A_SinglePity,56
620,System_A_SinglePity,64
621,System_A_SinglePity,11
622,System_A_SinglePity,14
623,System_A_SinglePity,80
624,System_A_SinglePity,34
625,System_A_SinglePity,8
626,System_A_SinglePity,31
627,System_A_SinglePity,23
628,System_A_SinglePity,39
629,System_A_SinglePity,80
630,System_A_SinglePity,80
631,System_A_SinglePity,80
632,System_A_SinglePity,54
633,System_A_SinglePity,77
634,System_A_SinglePity,55
635,System_A_SinglePity,28
636,System_A_SinglePity,80
637,System_A_SinglePity,80
638,System_A_SinglePity,40
639,System_A_SinglePity,80
640,System_A_SinglePity,80
641,System_A_SinglePity,5
642,System_A_SinglePity,79
643,System_A_SinglePity,40
644,System_A_SinglePity,77
645,System_A_SinglePity,35
646,System_A_SinglePity,23
647,System_A_SinglePity,80
648,System_A_SinglePity,80
649,System_A_SinglePity,26
650,System_A_SinglePity,46
651,System_A_SinglePity,44
652,System_A_SinglePity,2
653,System_A_SinglePity,11
654,System_A_SinglePity,72
655,System_A_SinglePity,80
656,System_A_SinglePity,80
657,System_A_SinglePity,80
658,System_A_SinglePity,18
659,System_A_SinglePity,51
660,System_A_SinglePity,52
661,System_A_SinglePity,80
662,System_A_SinglePity,28
663,System_A_SinglePity,35
664,System_A_SinglePity,80
665,System_A_SinglePity,70
666,System_A_SinglePity,45
667,System_A_SinglePity,14
668,System_A_SinglePity,40
669,System_A_SinglePity,70
670,System_A_SinglePity,80
671,System_A_SinglePity,41
672,System_A_SinglePity,80
673,System_A_SinglePity,48
674,System_A_SinglePity,18
675,System_A_SinglePity,80
676,System_A_SinglePity,80
677,System_A_SinglePity,45
678,System_A_SinglePity,32
679,System_A_SinglePity,30
680,System_A_SinglePity,2
681,System_A_SinglePity,15
682,System_A_SinglePity,13
683,System_A_SinglePity,80
684,System_A_SinglePity,62
685,System_A_SinglePity,25
686,System_A_SinglePity,20
687,System_A_SinglePity,54
688,System_A_SinglePity,21
689,System_A_SinglePity,66
690,System_A_SinglePity,80
691,System_A_SinglePity,70
692,System_A_SinglePity,80
693,System_A_SinglePity,1
694,System_A_SinglePity,80
695,System_A_SinglePity,80
696,System_A_SinglePity,80
697,System_A_SinglePity,25
698,System_A_SinglePity,13
699,System_A_SinglePity,28
700,System_A_SinglePity,24
701,System_A_SinglePity,7
702,System_A_SinglePity,19
703,System_A_SinglePity,78
704,System_A_SinglePity,58
705,System_A_SinglePity,80
706,System_A_SinglePity,44
707,System_A_SinglePity,8
708,System_A_SinglePity,80
709,System_A_SinglePity,2
710,System_A_SinglePity,51
711,System_A_SinglePity,8
712,System_A_SinglePity,80
713,System_A_SinglePity,17
714,System_A_SinglePity,80
715,System_A_SinglePity,80
716,System_A_SinglePity,80
717,System_A_SinglePity,70
718,System_A_SinglePity,15
719,System_A_SinglePity,80
720,System_A_SinglePity,18
721,System_A_SinglePity,80
722,System_A_SinglePity,80
723,System_A_SinglePity,18
724,System_A_SinglePity,19
725,System_A_SinglePity,13
726,System_A_SinglePity,24
727,System_A_SinglePity,80
728,System_A_SinglePity,80
729,System_A_SinglePity,36
730,System_A_SinglePity,80
731,System_A_SinglePity,23
732,System_A_SinglePity,27
733,System_A_SinglePity,14
734,System_A_SinglePity,22
735,System_A_SinglePity,47
736,System_A_SinglePity,12
737,System_A_SinglePity,80
738,System_A_SinglePity,21
739,System_A_SinglePity,80
740,System_A_SinglePity,80
741,System_A_SinglePity,80
742,System_A_SinglePity,8
743,System_A_SinglePity,80
744,System_A_SinglePity,60
745,System_A_SinglePity,39
746,System_A_SinglePity,68
747,System_A_SinglePity,80
748,System_A_SinglePity,80
749,System_A_SinglePity,13
750,System_A_SinglePity,62
751,System_A_SinglePity,4
752,System_A_SinglePity,14
753,System_A_SinglePity,21
754,System_A_SinglePity,20
755,System_A_SinglePity,66
756,System_A_SinglePity,80
757,System_A_SinglePity,6
758,System_A_SinglePity,74
759,System_A_SinglePity,2
760,System_A_SinglePity,1
761,System_A_SinglePity,49
762,System_A_SinglePity,47
763,System_A_SinglePity,30
764,System_A_SinglePity,52
765,System_A_SinglePity,3
766,System_A_SinglePity,7
767,System_A_SinglePity,80
768,System_A_SinglePity,80
769,System_A_SinglePity,30
770,System_A_SinglePity,80
771,System_A_SinglePity,64
772,System_A_SinglePity,80
773,System_A_SinglePity,80
774,System_A_SinglePity,80
775,System_A_SinglePity,14
776,System_A_SinglePity,80
777,System_A_SinglePity,43
778,System_A_SinglePity,20
779,System_A_SinglePity,62
780,System_A_SinglePity,11
781,System_A_SinglePity,27
782,System_A_SinglePity,80
783,System_A_SinglePity,8
784,System_A_SinglePity,33
785,System_A_SinglePity,67
786,System_A_SinglePity,78
787,System_A_SinglePity,80
788,System_A_SinglePity,29
789,System_A_SinglePity,49
790,System_A_SinglePity,18
791,System_A_SinglePity,7
792,System_A_SinglePity,15
793,System_A_SinglePity,12
794,System_A_SinglePity,36
795,System_A_SinglePity,80
796,System_A_SinglePity,80
797,System_A_SinglePity,80
798,System_A_SinglePity,48
799,System_A_SinglePity,11
800,System_A_SinglePity,46
801,System_A_SinglePity,35
802,System_A_SinglePity,12
803,System_A_SinglePity,3
804,System_A_SinglePity,67
805,System_A_SinglePity,40
806,System_A_SinglePity,13
807,System_A_SinglePity,80
808,System_A_SinglePity,80
809,System_A_SinglePity,6
810,System_A_SinglePity,17
811,System_A_SinglePity,14
812,System_A_SinglePity,16
813,System_A_SinglePity,3
814,System_A_SinglePity,51
815,System_A_SinglePity,80
816,System_A_SinglePity,80
817,System_A_SinglePity,23
818,System_A_SinglePity,3
819,System_A_SinglePity,1
820,System_A_SinglePity,2
821,System_A_SinglePity,19
822,System_A_SinglePity,3
823,System_A_SinglePity,80
824,System_A_SinglePity,62
825,System_A_SinglePity,66
826,System_A_SinglePity,9
827,System_A_SinglePity,80
828,System_A_SinglePity,80
829,System_A_SinglePity,35
830,System_A_SinglePity,80
831,System_A_SinglePity,12
832,System_A_SinglePity,54
833,System_A_SinglePity,18
834,System_A_SinglePity,18
835,System_A_SinglePity,50
836,System_A_SinglePity,80
837,System_A_SinglePity,48
838,System_A_SinglePity,45
839,System_A_SinglePity,80
840,System_A_SinglePity,11
841,System_A_SinglePity,80
842,System_A_SinglePity,22
843,System_A_SinglePity,14
844,System_A_SinglePity,4
845,System_A_SinglePity,33
846,System_A_SinglePity,30
847,System_A_SinglePity,41
848,System_A_SinglePity,8
849,System_A_SinglePity,80
850,System_A_SinglePity,61
851,System_A_SinglePity,33
852,System_A_SinglePity,40
853,System_A_SinglePity,32
854,System_A_SinglePity,80
855,System_A_SinglePity,5
856,System_A_SinglePity,15
857,System_A_SinglePity,32
858,System_A_SinglePity,60
859,System_A_SinglePity,1
860,System_A_SinglePity,34
861,System_A_SinglePity,44
862,System_A_SinglePity,56
863,System_A_SinglePity,80
864,System_A_SinglePity,35
865,System_A_SinglePity,80
866,System_A_SinglePity,10
867,System_A_SinglePity,48
868,System_A_SinglePity,80
869,System_A_SinglePity,32
870,System_A_SinglePity,80
871,System_A_SinglePity,13
872,System_A_SinglePity,37
873,System_A_SinglePity,80
874,System_A_SinglePity,80
875,System_A_SinglePity,53
876,System_A_SinglePity,40
877,System_A_SinglePity,44
878,System_A_SinglePity,74
879,System_A_SinglePity,18
880,System_A_SinglePity,64
881,System_A_SinglePity,75
882,System_A_SinglePity,80
883,System_A_SinglePity,2
884,System_A_SinglePity,5
885,System_A_SinglePity,80
886,System_A_SinglePity,80
887,System_A_SinglePity,7
888,System_A_SinglePity,6
889,System_A_SinglePity,25
890,System_A_SinglePity,65
891,System_A_SinglePity,19
892,System_A_SinglePity,10
893,System_A_SinglePity,80
894,System_A_SinglePity,12
895,System_A_SinglePity,80
896,System_A_SinglePity,67
897,System_A_SinglePity,2
898,System_A_SinglePity,17
899,System_A_SinglePity,2
900,System_A_SinglePity,20
901,System_A_SinglePity,67
902,System_A_SinglePity,55
903,System_A_SinglePity,13
904,System_A_SinglePity,80
905,System_A_SinglePity,80
906,System_A_SinglePity,22
907,System_A_SinglePity,48
908,System_A_SinglePity,80
909,System_A_SinglePity,80
910,System_A_SinglePity,54
911,System_A_SinglePity,11
912,System_A_SinglePity,80
913,System_A_SinglePity,43
914,System_A_SinglePity,80
915,System_A_SinglePity,40
916,System_A_SinglePity,15
917,System_A_SinglePity,80
918,System_A_SinglePity,80
919,System_A_SinglePity,80
920,System_A_SinglePity,11
921,System_A_SinglePity,40
922,System_A_SinglePity,80
923,System_A_SinglePity,21
924,System_A_SinglePity,80
925,System_A_SinglePity,80
926,System_A_SinglePity,52
927,System_A_SinglePity,35
928,System_A_SinglePity,80
929,System_A_SinglePity,37
930,System_A_SinglePity,80
931,System_A_SinglePity,55
932,System_A_SinglePity,73
933,System_A_SinglePity,26
934,System_A_SinglePity,80
935,System_A_SinglePity,14
936,System_A_SinglePity,33
937,System_A_SinglePity,62
938,System_A_SinglePity,32
939,System_A_SinglePity,80
940,System_A_SinglePity,80
941,System_A_SinglePity,75
942,System_A_SinglePity,80
943,System_A_SinglePity,40
944,System_A_SinglePity,80
945,System_A_SinglePity,18
946,System_A_SinglePity,7
947,System_A_SinglePity,80
948,System_A_SinglePity,66
949,System_A_SinglePity,80
950,System_A_SinglePity,80
951,System_A_SinglePity,33
952,System_A_SinglePity,80
953,System_A_SinglePity,80
954,System_A_SinglePity,80
955,System_A_SinglePity,80
956,System_A_SinglePity,14
957,System_A_SinglePity,80
958,System_A_SinglePity,48
959,System_A_SinglePity,80
960,System_A_SinglePity,80
961,System_A_SinglePity,18
962,System_A_SinglePity,34
963,System_A_SinglePity,80
964,System_A_SinglePity,23
965,System_A_SinglePity,80
966,System_A_SinglePity,45
967,System_A_SinglePity,51
968,System_A_SinglePity,80
969,System_A_SinglePity,80
970,System_A_SinglePity,9
971,System_A_SinglePity,16
972,System_A_SinglePity,80
973,System_A_SinglePity,5
974,System_A_SinglePity,75
975,System_A_SinglePity,80
976,System_A_SinglePity,13
977,System_A_SinglePity,21
978,System_A_SinglePity,46
979,System_A_SinglePity,9
980,System_A_SinglePity,5
981,System_A_SinglePity,37
982,System_A_SinglePity,80
983,System_A_SinglePity,8
984,System_A_SinglePity,80
985,System_A_SinglePity,31
986,System_A_SinglePity,80
987,System_A_SinglePity,23
988,System_A_SinglePity,11
989,System_A_SinglePity,26
990,System_A_SinglePity,69
991,System_A_SinglePity,80
992,System_A_SinglePity,13
993,System_A_SinglePity,11
994,System_A_SinglePity,2
995,System_A_SinglePity,76
996,System_A_SinglePity,1
997,System_A_SinglePity,80
998,System_A_SinglePity,80
999,System_A_SinglePity,80
1000,System_A_SinglePity,66
1001,System_A_SinglePity,59
1002,System_A_SinglePity,36
1003,System_A_SinglePity,27
1004,System_A_SinglePity,69
1005,System_A_SinglePity,25
1006,System_A_SinglePity,4
1007,System_A_SinglePity,9
1008,System_A_SinglePity,80
1009,System_A_SinglePity,80
1010,System_A_SinglePity,80
1011,System_A_SinglePity,80
1012,System_A_SinglePity,32
1013,System_A_SinglePity,25
1014,System_A_SinglePity,15
1015,System_A_SinglePity,38
1016,System_A_SinglePity,67
1017,System_A_SinglePity,80
1018,System_A_SinglePity,52
1019,System_A_SinglePity,80
1020,System_A_SinglePity,25
1021,System_A_SinglePity,80
1022,System_A_SinglePity,80
1023,System_A_SinglePity,3
1024,System_A_SinglePity,6
1025,System_A_SinglePity,8
1026,System_A_SinglePity,16
1027,System_A_SinglePity,5
1028,System_A_SinglePity,80
1029,System_A_SinglePity,10
1030,System_A_SinglePity,7
1031,System_A_SinglePity,6
1032,System_A_SinglePity,80
1033,System_A_SinglePity,15
1034,System_A_SinglePity,10
1035,System_A_SinglePity,29
1036,System_A_SinglePity,80
1037,System_A_SinglePity,11
1038,System_A_SinglePity,66
1039,System_A_SinglePity,80
1040,System_A_SinglePity,15
1041,System_A_SinglePity,80
1042,System_A_SinglePity,16
1043,System_A_SinglePity,41
1044,System_A_SinglePity,80
1045,System_A_SinglePity,30
1046,System_A_SinglePity,11
1047,System_A_SinglePity,27
1048,System_A_SinglePity,24
1049,System_A_SinglePity,42
1050,System_A_SinglePity,39
1051,System_A_SinglePity,33
1052,System_A_SinglePity,61
1053,System_A_SinglePity,29
1054,System_A_SinglePity,19
1055,System_A_SinglePity,28
1056,System_A_SinglePity,28
1057,System_A_SinglePity,47
1058,System_A_SinglePity,80
1059,System_A_SinglePity,37
1060,System_A_SinglePity,80
1061,System_A_SinglePity,55
1062,System_A_SinglePity,2
1063,System_A_SinglePity,12
1064,System_A_SinglePity,80
1065,System_A_SinglePity,67
1066,System_A_SinglePity,43
1067,System_A_SinglePity,67
1068,System_A_SinglePity,80
1069,System_A_SinglePity,27
1070,System_A_SinglePity,14
1071,System_A_SinglePity,80
1072,System_A_SinglePity,80
1073,System_A_SinglePity,69
1074,System_A_SinglePity,10
1075,System_A_SinglePity,41
1076,System_A_SinglePity,80
1077,System_A_SinglePity,79
1078,System_A_SinglePity,55
1079,System_A_SinglePity,80
1080,System_A_SinglePity,78
1081,System_A_SinglePity,80
1082,System_A_SinglePity,80
1083,System_A_SinglePity,65
1084,System_A_SinglePity,36
1085,System_A_SinglePity,21
1086,System_A_SinglePity,27
1087,System_A_SinglePity,80
1088,System_A_SinglePity,7
1089,System_A_SinglePity,26
1090,System_A_SinglePity,11
1091,System_A_SinglePity,68
1092,System_A_SinglePity,38
1093,System_A_SinglePity,40
1094,System_A_SinglePity,79
1095,System_A_SinglePity,80
1096,System_A_SinglePity,8
1097,System_A_SinglePity,7
1098,System_A_SinglePity,1
1099,System_A_SinglePity,80
1100,System_A_SinglePity,36
1101,System_A_SinglePity,3
1102,System_A_SinglePity,36
1103,System_A_SinglePity,52
1104,System_A_SinglePity,8
1105,System_A_SinglePity,6
1106,System_A_SinglePity,12
1107,System_A_SinglePity,80
1108,System_A_SinglePity,8
1109,System_A_SinglePity,53
1110,System_A_SinglePity,41
1111,System_A_SinglePity,39
1112,System_A_SinglePity,77
1113,System_A_SinglePity,80
1114,System_A_SinglePity,28
1115,System_A_SinglePity,8
1116,System_A_SinglePity,54
1117,System_A_SinglePity,73
1118,System_A_SinglePity,20
1119,System_A_SinglePity,30
1120,System_A_SinglePity,4
1121,System_A_SinglePity,9
1122,System_A_SinglePity,80
1123,System_A_SinglePity,12
1124,System_A_SinglePity,80
1125,System_A_SinglePity,80
1126,System_A_SinglePity,80
1127,System_A_SinglePity,47
1128,System_A_SinglePity,30
1129,System_A_SinglePity,8
1130,System_A_SinglePity,77
1131,System_A_SinglePity,80
1132,System_A_SinglePity,69
1133,System_A_SinglePity,80
1134,System_A_SinglePity,45
1135,System_A_SinglePity,18
1136,System_A_SinglePity,39
1137,System_A_SinglePity,9
1138,System_A_SinglePity,5
1139,System_A_SinglePity,5
1140,System_A_SinglePity,70
1141,System_A_SinglePity,80
1142,System_A_SinglePity,8
1143,System_A_SinglePity,9
1144,System_A_SinglePity,80
1145,System_A_SinglePity,80
1146,System_A_SinglePity,59
1147,System_A_SinglePity,74
1148,System_A_SinglePity,68
1149,System_A_SinglePity,80
1150,System_A_SinglePity,13
1151,System_A_SinglePity,9
1152,System_A_SinglePity,45
1153,System_A_SinglePity,12
1154,System_A_SinglePity,15
1155,System_A_SinglePity,30
1156,System_A_SinglePity,45
1157,System_A_SinglePity,24
1158,System_A_SinglePity,48
1159,System_A_SinglePity,80
1160,System_A_SinglePity,40
1161,System_A_SinglePity,38
1162,System_A_SinglePity,6
1163,System_A_SinglePity,13
1164,System_A_SinglePity,80
1165,System_A_SinglePity,80
1166,System_A_SinglePity,6
1167,System_A_SinglePity,6
1168,System_A_SinglePity,14
1169,System_A_SinglePity,56
1170,System_A_SinglePity,12
1171,System_A_SinglePity,80
1172,System_A_SinglePity,21
1173,System_A_SinglePity,14
1174,System_A_SinglePity,39
1175,System_A_SinglePity,80
1176,System_A_SinglePity,11
1177,System_A_SinglePity,12
1178,System_A_SinglePity,19
1179,System_A_SinglePity,22
1180,System_A_SinglePity,71
1181,System_A_SinglePity,4
1182,System_A_SinglePity,80
1183,System_A_SinglePity,80
1184,System_A_SinglePity,6
1185,System_A_SinglePity,25
1186,System_A_SinglePity,39
1187,System_A_SinglePity,9
1188,System_A_SinglePity,34
1189,System_A_SinglePity,80
1190,System_A_SinglePity,15
1191,System_A_SinglePity,77
1192,System_A_SinglePity,6
1193,System_A_SinglePity,80
1194,System_A_SinglePity,30
1195,System_A_SinglePity,55
1196,System_A_SinglePity,80
1197,System_A_SinglePity,4
1198,System_A_SinglePity,80
1199,System_A_SinglePity,80
1200,System_A_SinglePity,6
1201,System_A_SinglePity,20
1202,System_A_SinglePity,80
1203,System_A_SinglePity,28
1204,System_A_SinglePity,1
1205,System_A_SinglePity,45
1206,System_A_SinglePity,10
1207,System_A_SinglePity,54
1208,System_A_SinglePity,32
1209,System_A_SinglePity,3
1210,System_A_SinglePity,3
1211,System_A_SinglePity,42
1212,System_A_SinglePity,16
1213,System_A_SinglePity,24
1214,System_A_SinglePity,80
1215,System_A_SinglePity,4
1216,System_A_SinglePity,29
1217,System_A_SinglePity,80
1218,System_A_SinglePity,28
1219,System_A_SinglePity,80
1220,System_A_SinglePity,60
1221,System_A_SinglePity,80
1222,System_A_SinglePity,54
1223,System_A_SinglePity,56
1224,System_A_SinglePity,26
1225,System_A_SinglePity,21
1226,System_A_SinglePity,80
1227,System_A_SinglePity,65
1228,System_A_SinglePity,28
1229,System_A_SinglePity,27
1230,System_A_SinglePity,35
1231,System_A_SinglePity,80
1232,System_A_SinglePity,80
1233,System_A_SinglePity,30
1234,System_A_SinglePity,17
1235,System_A_SinglePity,5
1236,System_A_SinglePity,17
1237,System_A_SinglePity,51
1238,System_A_SinglePity,54
1239,System_A_SinglePity,58
1240,System_A_SinglePity,80
1241,System_A_SinglePity,80
1242,System_A_SinglePity,11
1243,System_A_SinglePity,2
1244,System_A_SinglePity,80
1245,System_A_SinglePity,80
1246,System_A_SinglePity,80
1247,System_A_SinglePity,46
1248,System_A_SinglePity,80
1249,System_A_SinglePity,31
1250,System_A_SinglePity,12
1251,System_A_SinglePity,13
1252,System_A_SinglePity,80
1253,System_A_SinglePity,15
1254,System_A_SinglePity,33
1255,System_A_SinglePity,80
1256,System_A_SinglePity,80
1257,System_A_SinglePity,74
1258,System_A_SinglePity,6
1259,System_A_SinglePity,80
1260,System_A_SinglePity,62
1261,System_A_SinglePity,76
1262,System_A_SinglePity,12
1263,System_A_SinglePity,80
1264,System_A_SinglePity,80
1265,System_A_SinglePity,14
1266,System_A_SinglePity,41
1267,System_A_SinglePity,1
1268,System_A_SinglePity,20
1269,System_A_SinglePity,67
1270,System_A_SinglePity,59
1271,System_A_SinglePity,47
1272,System_A_SinglePity,80
1273,System_A_SinglePity,33
1274,System_A_SinglePity,77
1275,System_A_SinglePity,10
1276,System_A_SinglePity,17
1277,System_A_SinglePity,80
1278,System_A_SinglePity,22
1279,System_A_SinglePity,61
1280,System_A_SinglePity,43
1281,System_A_SinglePity,18
1282,System_A_SinglePity,80
1283,System_A_SinglePity,80
1284,System_A_SinglePity,26
1285,System_A_SinglePity,80
1286,System_A_SinglePity,80
1287,System_A_SinglePity,1
1288,System_A_SinglePity,71
1289,System_A_SinglePity,14
1290,System_A_SinglePity,80
1291,System_A_SinglePity,80
1292,System_A_SinglePity,16
1293,System_A_SinglePity,26
1294,System_A_SinglePity,22
1295,System_A_SinglePity,13
1296,System_A_SinglePity,1
1297,System_A_SinglePity,80
1298,System_A_SinglePity,1
1299,System_A_SinglePity,60
1300,System_A_SinglePity,80
1301,System_A_SinglePity,80
1302,System_A_SinglePity,80
1303,System_A_SinglePity,27
1304,System_A_SinglePity,80
1305,System_A_SinglePity,75
1306,System_A_SinglePity,49
1307,System_A_SinglePity,26
1308,System_A_SinglePity,57
1309,System_A_SinglePity,9
1310,System_A_SinglePity,46
1311,System_A_SinglePity,80
1312,System_A_SinglePity,21
1313,System_A_SinglePity,61
1314,System_A_SinglePity,80
1315,System_A_SinglePity,17
1316,System_A_SinglePity,80
1317,System_A_SinglePity,6
1318,System_A_SinglePity,36
1319,System_A_SinglePity,22
1320,System_A_SinglePity,37
1321,System_A_SinglePity,80
1322,System_A_SinglePity,32
1323,System_A_SinglePity,13
1324,System_A_SinglePity,59
1325,System_A_SinglePity,36
1326,System_A_SinglePity,80
1327,System_A_SinglePity,53
1328,System_A_SinglePity,60
1329,System_A_SinglePity,80
1330,System_A_SinglePity,28
1331,System_A_SinglePity,80
1332,System_A_SinglePity,80
1333,System_A_SinglePity,80
1334,System_A_SinglePity,16
1335,System_A_SinglePity,58
1336,System_A_SinglePity,53
1337,System_A_SinglePity,35
1338,System_A_SinglePity,26
1339,System_A_SinglePity,80
1340,System_A_SinglePity,80
1341,System_A_SinglePity,38
1342,System_A_SinglePity,3
1343,System_A_SinglePity,80
1344,System_A_SinglePity,3
1345,System_A_SinglePity,66
1346,System_A_SinglePity,41
1347,System_A_SinglePity,43
1348,System_A_SinglePity,58
1349,System_A_SinglePity,52
1350,System_A_SinglePity,80
1351,System_A_SinglePity,70
1352,System_A_SinglePity,80
1353,System_A_SinglePity,67
1354,System_A_SinglePity,80
1355,System_A_SinglePity,45
1356,System_A_SinglePity,80
1357,System_A_SinglePity,6
1358,System_A_SinglePity,80
1359,System_A_SinglePity,37
1360,System_A_SinglePity,80
1361,System_A_SinglePity,19
1362,System_A_SinglePity,4
1363,System_A_SinglePity,31
1364,System_A_SinglePity,70
1365,System_A_SinglePity,51
1366,System_A_SinglePity,49
1367,System_A_SinglePity,9
1368,System_A_SinglePity,3
1369,System_A_SinglePity,58
1370,System_A_SinglePity,80
1371,System_A_SinglePity,56
1372,System_A_SinglePity,25
1373,System_A_SinglePity,6
1374,System_A_SinglePity,15
1375,System_A_SinglePity,7
1376,System_A_SinglePity,21
1377,System_A_SinglePity,18
1378,System_A_SinglePity,80
1379,System_A_SinglePity,12
1380,System_A_SinglePity,80
1381,System_A_SinglePity,12
1382,System_A_SinglePity,80
1383,System_A_SinglePity,80
1384,System_A_SinglePity,28
1385,System_A_SinglePity,80
1386,System_A_SinglePity,41
1387,System_A_SinglePity,5
1388,System_A_SinglePity,66
1389,System_A_SinglePity,80
1390,System_A_SinglePity,80
1391,System_A_SinglePity,23
1392,System_A_SinglePity,80
1393,System_A_SinglePity,59
1394,System_A_SinglePity,80
1395,System_A_SinglePity,27
1396,System_A_SinglePity,62
1397,System_A_SinglePity,32
1398,System_A_SinglePity,80
1399,System_A_SinglePity,38
1400,System_A_SinglePity,64
1401,System_A_SinglePity,46
1402,System_A_SinglePity,80
1403,System_A_SinglePity,67
1404,System_A_SinglePity,55
1405,System_A_SinglePity,22
1406,System_A_SinglePity,80
1407,System_A_SinglePity,80
1408,System_A_SinglePity,77
1409,System_A_SinglePity,57
1410,System_A_SinglePity,80
1411,System_A_SinglePity,39
1412,System_A_SinglePity,69
1413,System_A_SinglePity,80
1414,System_A_SinglePity,53
1415,System_A_SinglePity,69
1416,System_A_SinglePity,80
1417,System_A_SinglePity,24
1418,System_A_SinglePity,26
1419,System_A_SinglePity,47
1420,System_A_SinglePity,80
1421,System_A_SinglePity,80
1422,System_A_SinglePity,80
1423,System_A_SinglePity,80
1424,System_A_SinglePity,80
1425,System_A_SinglePity,65
1426,System_A_SinglePity,49
1427,System_A_SinglePity,45
1428,System_A_SinglePity,80
1429,System_A_SinglePity,10
1430,System_A_SinglePity,55
1431,System_A_SinglePity,43
1432,System_A_SinglePity,80
1433,System_A_SinglePity,80
1434,System_A_SinglePity,80
1435,System_A_SinglePity,32
1436,System_A_SinglePity,80
1437,System_A_SinglePity,26
1438,System_A_SinglePity,73
1439,System_A_SinglePity,23
1440,System_A_SinglePity,12
1441,System_A_SinglePity,55
1442,System_A_SinglePity,80
1443,System_A_SinglePity,35
1444,System_A_SinglePity,79
1445,System_A_SinglePity,80
1446,System_A_SinglePity,15
1447,System_A_SinglePity,80
1448,System_A_SinglePity,21
1449,System_A_SinglePity,69
1450,System_A_SinglePity,44
1451,System_A_SinglePity,16
1452,System_A_SinglePity,3
1453,System_A_SinglePity,59
1454,System_A_SinglePity,13
1455,System_A_SinglePity,1
1456,System_A_SinglePity,45
1457,System_A_SinglePity,32
1458,System_A_SinglePity,23
1459,System_A_SinglePity,16
1460,System_A_SinglePity,5
1461,System_A_SinglePity,64
1462,System_A_SinglePity,6
1463,System_A_SinglePity,80
1464,System_A_SinglePity,60
1465,System_A_SinglePity,57
1466,System_A_SinglePity,80
1467,System_A_SinglePity,17
1468,System_A_SinglePity,27
1469,System_A_SinglePity,80
1470,System_A_SinglePity,3
1471,System_A_SinglePity,80
1472,System_A_SinglePity,80
1473,System_A_SinglePity,20
1474,System_A_SinglePity,6
1475,System_A_SinglePity,58
1476,System_A_SinglePity,80
1477,System_A_SinglePity,21
1478,System_A_SinglePity,80
1479,System_A_SinglePity,68
1480,System_A_SinglePity,16
1481,System_A_SinglePity,17
1482,System_A_SinglePity,20
1483,System_A_SinglePity,80
1484,System_A_SinglePity,8
1485,System_A_SinglePity,76
1486,System_A_SinglePity,7
1487,System_A_SinglePity,46
1488,System_A_SinglePity,2
1489,System_A_SinglePity,80
1490,System_A_SinglePity,56
1491,System_A_SinglePity,37
1492,System_A_SinglePity,80
1493,System_A_SinglePity,80
1494,System_A_SinglePity,25
1495,System_A_SinglePity,35
1496,System_A_SinglePity,80
1497,System_A_SinglePity,70
1498,System_A_SinglePity,80
1499,System_A_SinglePity,80
1500,System_A_SinglePity,80
1501,System_A_SinglePity,11
1502,System_A_SinglePity,65
1503,System_A_SinglePity,13
1504,System_A_SinglePity,2
1505,System_A_SinglePity,78
1506,System_A_SinglePity,30
1507,System_A_SinglePity,49
1508,System_A_SinglePity,7
1509,System_A_SinglePity,2
1510,System_A_SinglePity,80
1511,System_A_SinglePity,59
1512,System_A_SinglePity,11
1513,System_A_SinglePity,23
1514,System_A_SinglePity,22
1515,System_A_SinglePity,80
1516,System_A_SinglePity,80
1517,System_A_SinglePity,80
1518,System_A_SinglePity,13
1519,System_A_SinglePity,80
1520,System_A_SinglePity,48
1521,System_A_SinglePity,15
1522,System_A_SinglePity,80
1523,System_A_SinglePity,72
1524,System_A_SinglePity,11
1525,System_A_SinglePity,80
1526,System_A_SinglePity,80
1527,System_A_SinglePity,80
1528,System_A_SinglePity,2
1529,System_A_SinglePity,80
1530,System_A_SinglePity,71
1531,System_A_SinglePity,80
1532,System_A_SinglePity,30
1533,System_A_SinglePity,76
1534,System_A_SinglePity,1
1535,System_A_SinglePity,80
1536,System_A_SinglePity,80
1537,System_A_SinglePity,80
1538,System_A_SinglePity,76
1539,System_A_SinglePity,64
1540,System_A_SinglePity,80
1541,System_A_SinglePity,42
1542,System_A_SinglePity,46
1543,System_A_SinglePity,80
1544,System_A_SinglePity,17
1545,System_A_SinglePity,35
1546,System_A_SinglePity,1
1547,System_A_SinglePity,80
1548,System_A_SinglePity,36
1549,System_A_SinglePity,28
1550,System_A_SinglePity,12
1551,System_A_SinglePity,80
1552,System_A_SinglePity,42
1553,System_A_SinglePity,36
1554,System_A_SinglePity,76
1555,System_A_SinglePity,80
1556,System_A_SinglePity,80
1557,System_A_SinglePity,19
1558,System_A_SinglePity,80
1559,System_A_SinglePity,80
1560,System_A_SinglePity,80
1561,System_A_SinglePity,32
1562,System_A_SinglePity,80
1563,System_A_SinglePity,80
1564,System_A_SinglePity,5
1565,System_A_SinglePity,6
1566,System_A_SinglePity,32
1567,System_A_SinglePity,65
1568,System_A_SinglePity,80
1569,System_A_SinglePity,43
1570,System_A_SinglePity,34
1571,System_A_SinglePity,18
1572,System_A_SinglePity,10
1573,System_A_SinglePity,3
1574,System_A_SinglePity,65
1575,System_A_SinglePity,80
1576,System_A_SinglePity,79
1577,System_A_SinglePity,80
1578,System_A_SinglePity,30
1579,System_A_SinglePity,24
1580,System_A_SinglePity,47
1581,System_A_SinglePity,70
1582,System_A_SinglePity,62
1583,System_A_SinglePity,80
1584,System_A_SinglePity,15
1585,System_A_SinglePity,17
1586,System_A_SinglePity,11
1587,System_A_SinglePity,1
1588,System_A_SinglePity,38
1589,System_A_SinglePity,26
1590,System_A_SinglePity,80
1591,System_A_SinglePity,80
1592,System_A_SinglePity,19
1593,System_A_SinglePity,80
1594,System_A_SinglePity,62
1595,System_A_SinglePity,80
1596,System_A_SinglePity,67
1597,System_A_SinglePity,80
1598,System_A_SinglePity,34
1599,System_A_SinglePity,80
1600,System_A_SinglePity,48
1601,System_A_SinglePity,39
1602,System_A_SinglePity,8
1603,System_A_SinglePity,62
1604,System_A_SinglePity,42
1605,System_A_SinglePity,53
1606,System_A_SinglePity,80
1607,System_A_SinglePity,80
1608,System_A_SinglePity,61
1609,System_A_SinglePity,13
1610,System_A_SinglePity,80
1611,System_A_SinglePity,47
1612,System_A_SinglePity,8
1613,System_A_SinglePity,80
1614,System_A_SinglePity,3
1615,System_A_SinglePity,9
1616,System_A_SinglePity,23
1617,System_A_SinglePity,55
1618,System_A_SinglePity,38
1619,System_A_SinglePity,80
1620,System_A_SinglePity,40
1621,System_A_SinglePity,80
1622,System_A_SinglePity,26
1623,System_A_SinglePity,80
1624,System_A_SinglePity,17
1625,System_A_SinglePity,35
1626,System_A_SinglePity,59
1627,System_A_SinglePity,4
1628,System_A_SinglePity,18
1629,System_A_SinglePity,22
1630,System_A_SinglePity,31
1631,System_A_SinglePity,13
1632,System_A_SinglePity,68
1633,System_A_SinglePity,21
1634,System_A_SinglePity,22
1635,System_A_SinglePity,8
1636,System_A_SinglePity,80
1637,System_A_SinglePity,14
1638,System_A_SinglePity,43
1639,System_A_SinglePity,18
1640,System_A_SinglePity,52
1641,System_A_SinglePity,34
1642,System_A_SinglePity,80
1643,System_A_SinglePity,8
1644,System_A_SinglePity,31
1645,System_A_SinglePity,80
1646,System_A_SinglePity,29
1647,System_A_SinglePity,80
1648,System_A_SinglePity,80
1649,System_A_SinglePity,80
1650,System_A_SinglePity,80
1651,System_A_SinglePity,80
1652,System_A_SinglePity,80
1653,System_A_SinglePity,1
1654,System_A_SinglePity,5
1655,System_A_SinglePity,77
1656,System_A_SinglePity,80
1657,System_A_SinglePity,33
1658,System_A_SinglePity,80
1659,System_A_SinglePity,27
1660,System_A_SinglePity,80
1661,System_A_SinglePity,51
1662,System_A_SinglePity,49
1663,System_A_SinglePity,80
1664,System_A_SinglePity,3
1665,System_A_SinglePity,17
1666,System_A_SinglePity,68
1667,System_A_SinglePity,76
1668,System_A_SinglePity,80
1669,System_A_SinglePity,29
1670,System_A_SinglePity,14
1671,System_A_SinglePity,49
1672,System_A_SinglePity,80
1673,System_A_SinglePity,26
1674,System_A_SinglePity,38
1675,System_A_SinglePity,4
1676,System_A_SinglePity,80
1677,System_A_SinglePity,80
1678,System_A_SinglePity,64
1679,System_A_SinglePity,80
1680,System_A_SinglePity,71
1681,System_A_SinglePity,33
1682,System_A_SinglePity,70
1683,System_A_SinglePity,20
1684,System_A_SinglePity,23
1685,System_A_SinglePity,68
1686,System_A_SinglePity,80
1687,System_A_SinglePity,63
1688,System_A_SinglePity,36
1689,System_A_SinglePity,80
1690,System_A_SinglePity,67
1691,System_A_SinglePity,31
1692,System_A_SinglePity,12
1693,System_A_SinglePity,11
1694,System_A_SinglePity,80
1695,System_A_SinglePity,38
1696,System_A_SinglePity,16
1697,System_A_SinglePity,15
1698,System_A_SinglePity,60
1699,System_A_SinglePity,80
1700,System_A_SinglePity,2
1701,System_A_SinglePity,27
1702,System_A_SinglePity,1
1703,System_A_SinglePity,80
1704,System_A_SinglePity,26
1705,System_A_SinglePity,26
1706,System_A_SinglePity,35
1707,System_A_SinglePity,80
1708,System_A_SinglePity,80
1709,System_A_SinglePity,26
1710,System_A_SinglePity,58
1711,System_A_SinglePity,30
1712,System_A_SinglePity,78
1713,System_A_SinglePity,80
1714,System_A_SinglePity,76
1715,System_A_SinglePity,13
1716,System_A_SinglePity,80
1717,System_A_SinglePity,11
1718,System_A_SinglePity,11
1719,System_A_SinglePity,80
1720,System_A_SinglePity,3
1721,System_A_SinglePity,61
1722,System_A_SinglePity,34
1723,System_A_SinglePity,12
1724,System_A_SinglePity,80
1725,System_A_SinglePity,13
1726,System_A_SinglePity,21
1727,System_A_SinglePity,14
1728,System_A_SinglePity,74
1729,System_A_SinglePity,80
1730,System_A_SinglePity,80
1731,System_A_SinglePity,53
1732,System_A_SinglePity,8
1733,System_A_SinglePity,80
1734,System_A_SinglePity,80
1735,System_A_SinglePity,80
1736,System_A_SinglePity,45
1737,System_A_SinglePity,80
1738,System_A_SinglePity,3
1739,System_A_SinglePity,63
1740,System_A_SinglePity,80
1741,System_A_SinglePity,7
1742,System_A_SinglePity,80
1743,System_A_SinglePity,16
1744,System_A_SinglePity,80
1745,System_A_SinglePity,4
1746,System_A_SinglePity,80
1747,System_A_SinglePity,80
1748,System_A_SinglePity,80
1749,System_A_SinglePity,22
1750,System_A_SinglePity,24
1751,System_A_SinglePity,80
1752,System_A_SinglePity,80
1753,System_A_SinglePity,80
1754,System_A_SinglePity,80
1755,System_A_SinglePity,40
1756,System_A_SinglePity,56
1757,System_A_SinglePity,51
1758,System_A_SinglePity,1
1759,System_A_SinglePity,80
1760,System_A_SinglePity,42
1761,System_A_SinglePity,80
1762,System_A_SinglePity,80
1763,System_A_SinglePity,13
1764,System_A_SinglePity,80
1765,System_A_SinglePity,33
1766,System_A_SinglePity,41
1767,System_A_SinglePity,42
1768,System_A_SinglePity,80
1769,System_A_SinglePity,80
1770,System_A_SinglePity,30
1771,System_A_SinglePity,22
1772,System_A_SinglePity,46
1773,System_A_SinglePity,46
1774,System_A_SinglePity,21
1775,System_A_SinglePity,48
1776,System_A_SinglePity,22
1777,System_A_SinglePity,2
1778,System_A_SinglePity,5
1779,System_A_SinglePity,46
1780,System_A_SinglePity,80
1781,System_A_SinglePity,3
1782,System_A_SinglePity,80
1783,System_A_SinglePity,18
1784,System_A_SinglePity,28
1785,System_A_SinglePity,9
1786,System_A_SinglePity,15
1787,System_A_SinglePity,11
1788,System_A_SinglePity,5
1789,System_A_SinglePity,49
1790,System_A_SinglePity,80
1791,System_A_SinglePity,54
1792,System_A_SinglePity,69
1793,System_A_SinglePity,58
1794,System_A_SinglePity,27
1795,System_A_SinglePity,4
1796,System_A_SinglePity,80
1797,System_A_SinglePity,69
1798,System_A_SinglePity,9
1799,System_A_SinglePity,3
1800,System_A_SinglePity,80
1801,System_A_SinglePity,6
1802,System_A_SinglePity,80
1803,System_A_SinglePity,5
1804,System_A_SinglePity,26
1805,System_A_SinglePity,20
1806,System_A_SinglePity,70
1807,System_A_SinglePity,5
1808,System_A_SinglePity,1
1809,System_A_SinglePity,23
1810,System_A_SinglePity,22
1811,System_A_SinglePity,80
1812,System_A_SinglePity,39
1813,System_A_SinglePity,51
1814,System_A_SinglePity,3
1815,System_A_SinglePity,80
1816,System_A_SinglePity,63
1817,System_A_SinglePity,80
1818,System_A_SinglePity,18
1819,System_A_SinglePity,62
1820,System_A_SinglePity,17
1821,System_A_SinglePity,55
1822,System_A_SinglePity,80
1823,System_A_SinglePity,41
1824,System_A_SinglePity,52
1825,System_A_SinglePity,80
1826,System_A_SinglePity,76
1827,System_A_SinglePity,15
1828,System_A_SinglePity,38
1829,System_A_SinglePity,32
1830,System_A_SinglePity,80
1831,System_A_SinglePity,19
1832,System_A_SinglePity,33
1833,System_A_SinglePity,39
1834,System_A_SinglePity,15
1835,System_A_SinglePity,20
1836,System_A_SinglePity,53
1837,System_A_SinglePity,80
1838,System_A_SinglePity,14
1839,System_A_SinglePity,7
1840,System_A_SinglePity,80
1841,System_A_SinglePity,65
1842,System_A_SinglePity,47
1843,System_A_SinglePity,58
1844,System_A_SinglePity,5
1845,System_A_SinglePity,9
1846,System_A_SinglePity,46
1847,System_A_SinglePity,29
1848,System_A_SinglePity,80
1849,System_A_SinglePity,80
1850,System_A_SinglePity,77
1851,System_A_SinglePity,51
1852,System_A_SinglePity,80
1853,System_A_SinglePity,60
1854,System_A_SinglePity,10
1855,System_A_SinglePity,5
1856,System_A_SinglePity,53
1857,System_A_SinglePity,11
1858,System_A_SinglePity,80
1859,System_A_SinglePity,40
1860,System_A_SinglePity,28
1861,System_A_SinglePity,37
1862,System_A_SinglePity,25
1863,System_A_SinglePity,30
1864,System_A_SinglePity,59
1865,System_A_SinglePity,42
1866,System_A_SinglePity,66
1867,System_A_SinglePity,60
1868,System_A_SinglePity,61
1869,System_A_SinglePity,21
1870,System_A_SinglePity,1
1871,System_A_SinglePity,66
1872,System_A_SinglePity,40
1873,System_A_SinglePity,20
1874,System_A_SinglePity,80
1875,System_A_SinglePity,80
1876,System_A_SinglePity,31
1877,System_A_SinglePity,26
1878,System_A_SinglePity,7
1879,System_A_SinglePity,80
1880,System_A_SinglePity,80
1881,System_A_SinglePity,8
1882,System_A_SinglePity,47
1883,System_A_SinglePity,39
1884,System_A_SinglePity,80
1885,System_A_SinglePity,3
1886,System_A_SinglePity,13
1887,System_A_SinglePity,34
1888,System_A_SinglePity,80
1889,System_A_SinglePity,80
1890,System_A_SinglePity,20
1891,System_A_SinglePity,80
1892,System_A_SinglePity,50
1893,System_A_SinglePity,78
1894,System_A_SinglePity,38
1895,System_A_SinglePity,16
1896,System_A_SinglePity,80
1897,System_A_SinglePity,80
1898,System_A_SinglePity,20
1899,System_A_SinglePity,14
1900,System_A_SinglePity,38
1901,System_A_SinglePity,19
1902,System_A_SinglePity,80
1903,System_A_SinglePity,80
1904,System_A_SinglePity,1
1905,System_A_SinglePity,38
1906,System_A_SinglePity,4
1907,System_A_SinglePity,70
1908,System_A_SinglePity,31
1909,System_A_SinglePity,72
1910,System_A_SinglePity,80
1911,System_A_SinglePity,80
1912,System_A_SinglePity,80
1913,System_A_SinglePity,11
1914,System_A_SinglePity,17
1915,System_A_SinglePity,80
1916,System_A_SinglePity,80
1917,System_A_SinglePity,34
1918,System_A_SinglePity,80
1919,System_A_SinglePity,80
1920,System_A_SinglePity,28
1921,System_A_SinglePity,46
1922,System_A_SinglePity,4
1923,System_A_SinglePity,2
1924,System_A_SinglePity,23
1925,System_A_SinglePity,80
1926,System_A_SinglePity,80
1927,System_A_SinglePity,24
1928,System_A_SinglePity,39
1929,System_A_SinglePity,4
1930,System_A_SinglePity,13
1931,System_A_SinglePity,80
1932,System_A_SinglePity,33
1933,System_A_SinglePity,71
1934,System_A_SinglePity,5
1935,System_A_SinglePity,80
1936,System_A_SinglePity,23
1937,System_A_SinglePity,28
1938,System_A_SinglePity,9
1939,System_A_SinglePity,80
1940,System_A_SinglePity,22
1941,System_A_SinglePity,7
1942,System_A_SinglePity,53
1943,System_A_SinglePity,14
1944,System_A_SinglePity,53
1945,System_A_SinglePity,4
1946,System_A_SinglePity,80
1947,System_A_SinglePity,61
1948,System_A_SinglePity,80
1949,System_A_SinglePity,39
1950,System_A_SinglePity,42
1951,System_A_SinglePity,60
1952,System_A_SinglePity,66
1953,System_A_SinglePity,19
1954,System_A_SinglePity,80
1955,System_A_SinglePity,16
1956,System_A_SinglePity,80
1957,System_A_SinglePity,13
1958,System_A_SinglePity,80
1959,System_A_SinglePity,16
1960,System_A_SinglePity,31
1961,System_A_SinglePity,44
1962,System_A_SinglePity,22
1963,System_A_SinglePity,20
1964,System_A_SinglePity,11
1965,System_A_SinglePity,80
1966,System_A_SinglePity,46
1967,System_A_SinglePity,80
1968,System_A_SinglePity,80
1969,System_A_SinglePity,38
1970,System_A_SinglePity,20
1971,System_A_SinglePity,26
1972,System_A_SinglePity,80
1973,System_A_SinglePity,80
1974,System_A_SinglePity,29
1975,System_A_SinglePity,50
1976,System_A_SinglePity,42
1977,System_A_SinglePity,80
1978,System_A_SinglePity,80
1979,System_A_SinglePity,61
1980,System_A_SinglePity,12
1981,System_A_SinglePity,72
1982,System_A_SinglePity,22
1983,System_A_SinglePity,80
1984,System_A_SinglePity,1
1985,System_A_SinglePity,64
1986,System_A_SinglePity,80
1987,System_A_SinglePity,39
1988,System_A_SinglePity,54
1989,System_A_SinglePity,38
1990,System_A_SinglePity,13
1991,System_A_SinglePity,23
1992,System_A_SinglePity,80
1993,System_A_SinglePity,80
1994,System_A_SinglePity,80
1995,System_A_SinglePity,3
1996,System_A_SinglePity,46
1997,System_A_SinglePity,36
1998,System_A_SinglePity,20
1999,System_A_SinglePity,78
2000,System_A_SinglePity,7
2001,System_A_SinglePity,80
2002,System_A_SinglePity,18
2003,System_A_SinglePity,13
2004,System_A_SinglePity,21
2005,System_A_SinglePity,2
2006,System_A_SinglePity,80
2007,System_A_SinglePity,80
2008,System_A_SinglePity,65
2009,System_A_SinglePity,8
2010,System_A_SinglePity,43
2011,System_A_SinglePity,13
2012,System_A_SinglePity,11
2013,System_A_SinglePity,18
2014,System_A_SinglePity,6
2015,System_A_SinglePity,60
2016,System_A_SinglePity,80
2017,System_A_SinglePity,31
2018,System_A_SinglePity,30
2019,System_A_SinglePity,49
2020,System_A_SinglePity,80
2021,System_A_SinglePity,56
2022,System_A_SinglePity,80
2023,System_A_SinglePity,44
2024,System_A_SinglePity,80
2025,System_A_SinglePity,80
2026,System_A_SinglePity,57
2027,System_A_SinglePity,1
2028,System_A_SinglePity,44
2029,System_A_SinglePity,1
2030,System_A_SinglePity,35
2031,System_A_SinglePity,79
2032,System_A_SinglePity,15
2033,System_A_SinglePity,64
2034,System_A_SinglePity,16
2035,System_A_SinglePity,80
2036,System_A_SinglePity,80
2037,System_A_SinglePity,26
2038,System_A_SinglePity,37
2039,System_A_SinglePity,80
2040,System_A_SinglePity,51
2041,System_A_SinglePity,80
2042,System_A_SinglePity,80
2043,System_A_SinglePity,80
2044,System_A_SinglePity,26
2045,System_A_SinglePity,80
2046,System_A_SinglePity,55
2047,System_A_SinglePity,11
2048,System_A_SinglePity,80
2049,System_A_SinglePity,80
2050,System_A_SinglePity,80
2051,System_A_SinglePity,53
2052,System_A_SinglePity,29
2053,System_A_SinglePity,58
2054,System_A_SinglePity,13
2055,System_A_SinglePity,41
2056,System_A_SinglePity,13
2057,System_A_SinglePity,80
2058,System_A_SinglePity,58
2059,System_A_SinglePity,8
2060,System_A_SinglePity,54
2061,System_A_SinglePity,13
2062,System_A_SinglePity,47
2063,System_A_SinglePity,80
2064,System_A_SinglePity,13
2065,System_A_SinglePity,80
2066,System_A_SinglePity,16
2067,System_A_SinglePity,80
2068,System_A_SinglePity,80
2069,System_A_SinglePity,80
2070,System_A_SinglePity,19
2071,System_A_SinglePity,62
2072,System_A_SinglePity,25
2073,System_A_SinglePity,80
2074,System_A_SinglePity,13
2075,System_A_SinglePity,21
2076,System_A_SinglePity,71
2077,System_A_SinglePity,80
2078,System_A_SinglePity,55
2079,System_A_SinglePity,80
2080,System_A_SinglePity,41
2081,System_A_SinglePity,64
2082,System_A_SinglePity,12
2083,System_A_SinglePity,35
2084,System_A_SinglePity,40
2085,System_A_SinglePity,72
2086,System_A_SinglePity,49
2087,System_A_SinglePity,80
2088,System_A_SinglePity,80
2089,System_A_SinglePity,46
2090,System_A_SinglePity,30
2091,System_A_SinglePity,51
2092,System_A_SinglePity,5
2093,System_A_SinglePity,71
2094,System_A_SinglePity,21
2095,System_A_SinglePity,13
2096,System_A_SinglePity,39
2097,System_A_SinglePity,80
2098,System_A_SinglePity,55
2099,System_A_SinglePity,40
2100,System_A_SinglePity,35
2101,System_A_SinglePity,75
2102,System_A_SinglePity,80
2103,System_A_SinglePity,54
2104,System_A_SinglePity,18
2105,System_A_SinglePity,9
2106,System_A_SinglePity,68
2107,System_A_SinglePity,45
2108,System_A_SinglePity,7
2109,System_A_SinglePity,60
2110,System_A_SinglePity,6
2111,System_A_SinglePity,15
2112,System_A_SinglePity,80
2113,System_A_SinglePity,29
2114,System_A_SinglePity,64
2115,System_A_SinglePity,14
2116,System_A_SinglePity,80
2117,System_A_SinglePity,32
2118,System_A_SinglePity,80
2119,System_A_SinglePity,23
2120,System_A_SinglePity,37
2121,System_A_SinglePity,36
2122,System_A_SinglePity,8
2123,System_A_SinglePity,20
2124,System_A_SinglePity,28
2125,System_A_SinglePity,14
2126,System_A_SinglePity,80
2127,System_A_SinglePity,8
2128,System_A_SinglePity,80
2129,System_A_SinglePity,20
2130,System_A_SinglePity,8
2131,System_A_SinglePity,80
2132,System_A_SinglePity,24
2133,System_A_SinglePity,29
2134,System_A_SinglePity,12
2135,System_A_SinglePity,70
2136,System_A_SinglePity,42
2137,System_A_SinglePity,80
2138,System_A_SinglePity,13
2139,System_A_SinglePity,80
2140,System_A_SinglePity,4
2141,System_A_SinglePity,80
2142,System_A_SinglePity,68
2143,System_A_SinglePity,80
2144,System_A_SinglePity,52
2145,System_A_SinglePity,5
2146,System_A_SinglePity,46
2147,System_A_SinglePity,65
2148,System_A_SinglePity,73
2149,System_A_SinglePity,59
2150,System_A_SinglePity,80
2151,System_A_SinglePity,80
2152,System_A_SinglePity,16
2153,System_A_SinglePity,80
2154,System_A_SinglePity,8
2155,System_A_SinglePity,16
2156,System_A_SinglePity,36
2157,System_A_SinglePity,2
2158,System_A_SinglePity,80
2159,System_A_SinglePity,7
2160,System_A_SinglePity,43
2161,System_A_SinglePity,13
2162,System_A_SinglePity,11
2163,System_A_SinglePity,46
2164,System_A_SinglePity,8
2165,System_A_SinglePity,80
2166,System_A_SinglePity,24
2167,System_A_SinglePity,18
2168,System_A_SinglePity,12
2169,System_A_SinglePity,26
2170,System_A_SinglePity,24
2171,System_A_SinglePity,43
2172,System_A_SinglePity,10
2173,System_A_SinglePity,11
2174,System_A_SinglePity,80
2175,System_A_SinglePity,6
2176,System_A_SinglePity,80
2177,System_A_SinglePity,66
2178,System_A_SinglePity,80
2179,System_A_SinglePity,17
2180,System_A_SinglePity,24
2181,System_A_SinglePity,67
2182,System_A_SinglePity,80
2183,System_A_SinglePity,54
2184,System_A_SinglePity,80
2185,System_A_SinglePity,80
2186,System_A_SinglePity,41
2187,System_A_SinglePity,10
2188,System_A_SinglePity,80
2189,System_A_SinglePity,36
2190,System_A_SinglePity,54
2191,System_A_SinglePity,65
2192,System_A_SinglePity,12
2193,System_A_SinglePity,7
2194,System_A_SinglePity,24
2195,System_A_SinglePity,80
2196,System_A_SinglePity,38
2197,System_A_SinglePity,23
2198,System_A_SinglePity,64
2199,System_A_SinglePity,80
2200,System_A_SinglePity,65
2201,System_A_SinglePity,80
2202,System_A_SinglePity,68
2203,System_A_SinglePity,21
2204,System_A_SinglePity,80
2205,System_A_SinglePity,2
2206,System_A_SinglePity,42
2207,System_A_SinglePity,46
2208,System_A_SinglePity,13
2209,System_A_SinglePity,49
2210,System_A_SinglePity,80
2211,System_A_SinglePity,5
2212,System_A_SinglePity,20
2213,System_A_SinglePity,6
2214,System_A_SinglePity,60
2215,System_A_SinglePity,80
2216,System_A_SinglePity,36
2217,System_A_SinglePity,5
2218,System_A_SinglePity,80
2219,System_A_SinglePity,18
2220,System_A_SinglePity,2
2221,System_A_SinglePity,80
2222,System_A_SinglePity,80
2223,System_A_SinglePity,70
2224,System_A_SinglePity,7
2225,System_A_SinglePity,12
2226,System_A_SinglePity,34
2227,System_A_SinglePity,15
2228,System_A_SinglePity,74
2229,System_A_SinglePity,80
2230,System_A_SinglePity,80
2231,System_A_SinglePity,12
2232,System_A_SinglePity,14
2233,System_A_SinglePity,80
2234,System_A_SinglePity,50
2235,System_A_SinglePity,51
2236,System_A_SinglePity,6
2237,System_A_SinglePity,80
2238,System_A_SinglePity,80
2239,System_A_SinglePity,24
2240,System_A_SinglePity,1
2241,System_A_SinglePity,58
2242,System_A_SinglePity,15
2243,System_A_SinglePity,80
2244,System_A_SinglePity,80
2245,System_A_SinglePity,9
2246,System_A_SinglePity,33
2247,System_A_SinglePity,80
2248,System_A_SinglePity,32
2249,System_A_SinglePity,28
2250,System_A_SinglePity,29
2251,System_A_SinglePity,33
2252,System_A_SinglePity,80
2253,System_A_SinglePity,6
2254,System_A_SinglePity,80
2255,System_A_SinglePity,80
2256,System_A_SinglePity,68
2257,System_A_SinglePity,1
2258,System_A_SinglePity,3
2259,System_A_SinglePity,61
2260,System_A_SinglePity,54
2261,System_A_SinglePity,12
2262,System_A_SinglePity,28
2263,System_A_SinglePity,11
2264,System_A_SinglePity,74
2265,System_A_SinglePity,80
2266,System_A_SinglePity,80
2267,System_A_SinglePity,39
2268,System_A_SinglePity,50
2269,System_A_SinglePity,80
2270,System_A_SinglePity,67
2271,System_A_SinglePity,3
2272,System_A_SinglePity,80
2273,System_A_SinglePity,17
2274,System_A_SinglePity,24
2275,System_A_SinglePity,80
2276,System_A_SinglePity,14
2277,System_A_SinglePity,80
2278,System_A_SinglePity,50
2279,System_A_SinglePity,70
2280,System_A_SinglePity,1
2281,System_A_SinglePity,80
2282,System_A_SinglePity,80
2283,System_A_SinglePity,80
2284,System_A_SinglePity,66
2285,System_A_SinglePity,59
2286,System_A_SinglePity,6
2287,System_A_SinglePity,47
2288,System_A_SinglePity,55
2289,System_A_SinglePity,80
2290,System_A_SinglePity,37
2291,System_A_SinglePity,70
2292,System_A_SinglePity,80
2293,System_A_SinglePity,80
2294,System_A_SinglePity,5
2295,System_A_SinglePity,40
2296,System_A_SinglePity,38
2297,System_A_SinglePity,80
2298,System_A_SinglePity,9
2299,System_A_SinglePity,24
2300,System_A_SinglePity,35
2301,System_A_SinglePity,63
2302,System_A_SinglePity,28
2303,System_A_SinglePity,8
2304,System_A_SinglePity,80
2305,System_A_SinglePity,80
2306,System_A_SinglePity,22
2307,System_A_SinglePity,14
2308,System_A_SinglePity,5
2309,System_A_SinglePity,34
2310,System_A_SinglePity,73
2311,System_A_SinglePity,15
2312,System_A_SinglePity,9
2313,System_A_SinglePity,27
2314,System_A_SinglePity,33
2315,System_A_SinglePity,80
2316,System_A_SinglePity,46
2317,System_A_SinglePity,66
2318,System_A_SinglePity,8
2319,System_A_SinglePity,23
2320,System_A_SinglePity,14
2321,System_A_SinglePity,63
2322,System_A_SinglePity,80
2323,System_A_SinglePity,12
2324,System_A_SinglePity,74
2325,System_A_SinglePity,21
2326,System_A_SinglePity,80
2327,System_A_SinglePity,4
2328,System_A_SinglePity,24
2329,System_A_SinglePity,80
2330,System_A_SinglePity,60
2331,System_A_SinglePity,13
2332,System_A_SinglePity,80
2333,System_A_SinglePity,80
2334,System_A_SinglePity,14
2335,System_A_SinglePity,80
2336,System_A_SinglePity,22
2337,System_A_SinglePity,16
2338,System_A_SinglePity,51
2339,System_A_SinglePity,80
2340,System_A_SinglePity,80
2341,System_A_SinglePity,80
2342,System_A_SinglePity,80
2343,System_A_SinglePity,17
2344,System_A_SinglePity,22
2345,System_A_SinglePity,80
2346,System_A_SinglePity,55
2347,System_A_SinglePity,36
2348,System_A_SinglePity,12
2349,System_A_SinglePity,34
2350,System_A_SinglePity,40
2351,System_A_SinglePity,80
2352,System_A_SinglePity,2
2353,System_A_SinglePity,3
2354,System_A_SinglePity,5
2355,System_A_SinglePity,22
2356,System_A_SinglePity,80
2357,System_A_SinglePity,18
2358,System_A_SinglePity,80
2359,System_A_SinglePity,80
2360,System_A_SinglePity,34
2361,System_A_SinglePity,56
2362,System_A_SinglePity,17
2363,System_A_SinglePity,15
2364,System_A_SinglePity,80
2365,System_A_SinglePity,29
2366,System_A_SinglePity,51
2367,System_A_SinglePity,80
2368,System_A_SinglePity,80
2369,System_A_SinglePity,80
2370,System_A_SinglePity,23
2371,System_A_SinglePity,15
2372,System_A_SinglePity,12
2373,System_A_SinglePity,65
2374,System_A_SinglePity,80
2375,System_A_SinglePity,80
2376,System_A_SinglePity,80
2377,System_A_SinglePity,80
2378,System_A_SinglePity,8
2379,System_A_SinglePity,67
2380,System_A_SinglePity,59
2381,System_A_SinglePity,80
2382,System_A_SinglePity,80
2383,System_A_SinglePity,80
2384,System_A_SinglePity,80
2385,System_A_SinglePity,55
2386,System_A_SinglePity,17
2387,System_A_SinglePity,31
2388,System_A_SinglePity,5
2389,System_A_SinglePity,54
2390,System_A_SinglePity,80
2391,System_A_SinglePity,53
2392,System_A_SinglePity,28
2393,System_A_SinglePity,10
2394,System_A_SinglePity,23
2395,System_A_SinglePity,49
2396,System_A_SinglePity,40
2397,System_A_SinglePity,80
2398,System_A_SinglePity,36
2399,System_A_SinglePity,4
2400,System_A_SinglePity,6
2401,System_A_SinglePity,21
2402,System_A_SinglePity,25
2403,System_A_SinglePity,15
2404,System_A_SinglePity,21
2405,System_A_SinglePity,12
2406,System_A_SinglePity,80
2407,System_A_SinglePity,53
2408,System_A_SinglePity,80
2409,System_A_SinglePity,77
2410,System_A_SinglePity,54
2411,System_A_SinglePity,80
2412,System_A_SinglePity,80
2413,System_A_SinglePity,22
2414,System_A_SinglePity,8
2415,System_A_SinglePity,33
2416,System_A_SinglePity,80
2417,System_A_SinglePity,21
2418,System_A_SinglePity,15
2419,System_A_SinglePity,70
2420,System_A_SinglePity,1
2421,System_A_SinglePity,80
2422,System_A_SinglePity,40
2423,System_A_SinglePity,41
2424,System_A_SinglePity,80
2425,System_A_SinglePity,37
2426,System_A_SinglePity,80
2427,System_A_SinglePity,80
2428,System_A_SinglePity,58
2429,System_A_SinglePity,34
2430,System_A_SinglePity,32
2431,System_A_SinglePity,80
2432,System_A_SinglePity,35
2433,System_A_SinglePity,68
2434,System_A_SinglePity,70
2435,System_A_SinglePity,69
2436,System_A_SinglePity,11
2437,System_A_SinglePity,80
2438,System_A_SinglePity,23
2439,System_A_SinglePity,80
2440,System_A_SinglePity,80
2441,System_A_SinglePity,49
2442,System_A_SinglePity,16
2443,System_A_SinglePity,19
2444,System_A_SinglePity,80
2445,System_A_SinglePity,2
2446,System_A_SinglePity,80
2447,System_A_SinglePity,39
2448,System_A_SinglePity,22
2449,System_A_SinglePity,67
2450,System_A_SinglePity,32
2451,System_A_SinglePity,31
2452,System_A_SinglePity,26
2453,System_A_SinglePity,4
2454,System_A_SinglePity,13
2455,System_A_SinglePity,17
2456,System_A_SinglePity,29
2457,System_A_SinglePity,19
2458,System_A_SinglePity,80
2459,System_A_SinglePity,80
2460,System_A_SinglePity,65
2461,System_A_SinglePity,36
2462,System_A_SinglePity,80
2463,System_A_SinglePity,68
2464,System_A_SinglePity,41
2465,System_A_SinglePity,56
2466,System_A_SinglePity,35
2467,System_A_SinglePity,28
2468,System_A_SinglePity,80
2469,System_A_SinglePity,11
2470,System_A_SinglePity,24
2471,System_A_SinglePity,36
2472,System_A_SinglePity,32
2473,System_A_SinglePity,80
2474,System_A_SinglePity,80
2475,System_A_SinglePity,80
2476,System_A_SinglePity,8
2477,System_A_SinglePity,53
2478,System_A_SinglePity,60
2479,System_A_SinglePity,29
2480,System_A_SinglePity,59
2481,System_A_SinglePity,80
2482,System_A_SinglePity,80
2483,System_A_SinglePity,21
2484,System_A_SinglePity,49
2485,System_A_SinglePity,80
2486,System_A_SinglePity,80
2487,System_A_SinglePity,71
2488,System_A_SinglePity,17
2489,System_A_SinglePity,43
2490,System_A_SinglePity,27
2491,System_A_SinglePity,64
2492,System_A_SinglePity,27
2493,System_A_SinglePity,27
2494,System_A_SinglePity,80
2495,System_A_SinglePity,8
2496,System_A_SinglePity,80
2497,System_A_SinglePity,4
2498,System_A_SinglePity,80
2499,System_A_SinglePity,80
2500,System_A_SinglePity,17
2501,System_A_SinglePity,3
2502,System_A_SinglePity,80
2503,System_A_SinglePity,80
2504,System_A_SinglePity,11
2505,System_A_SinglePity,80
2506,System_A_SinglePity,68
2507,System_A_SinglePity,25
2508,System_A_SinglePity,80
2509,System_A_SinglePity,3
2510,System_A_SinglePity,8
2511,System_A_SinglePity,38
2512,System_A_SinglePity,31
2513,System_A_SinglePity,21
2514,System_A_SinglePity,52
2515,System_A_SinglePity,55
2516,System_A_SinglePity,50
2517,System_A_SinglePity,24
2518,System_A_SinglePity,27
2519,System_A_SinglePity,44
2520,System_A_SinglePity,80
2521,System_A_SinglePity,80
2522,System_A_SinglePity,5
2523,System_A_SinglePity,80
2524,System_A_SinglePity,15
2525,System_A_SinglePity,9
2526,System_A_SinglePity,18
2527,System_A_SinglePity,21
2528,System_A_SinglePity,7
2529,System_A_SinglePity,80
2530,System_A_SinglePity,42
2531,System_A_SinglePity,72
2532,System_A_SinglePity,5
2533,System_A_SinglePity,80
2534,System_A_SinglePity,51
2535,System_A_SinglePity,66
2536,System_A_SinglePity,80
2537,System_A_SinglePity,58
2538,System_A_SinglePity,11
2539,System_A_SinglePity,8
2540,System_A_SinglePity,73
2541,System_A_SinglePity,8
2542,System_A_SinglePity,57
2543,System_A_SinglePity,42
2544,System_A_SinglePity,54
2545,System_A_SinglePity,5
2546,System_A_SinglePity,4
2547,System_A_SinglePity,80
2548,System_A_SinglePity,23
2549,System_A_SinglePity,32
2550,System_A_SinglePity,80
2551,System_A_SinglePity,33
2552,System_A_SinglePity,80
2553,System_A_SinglePity,7
2554,System_A_SinglePity,46
2555,System_A_SinglePity,26
2556,System_A_SinglePity,80
2557,System_A_SinglePity,14
2558,System_A_SinglePity,47
2559,System_A_SinglePity,80
2560,System_A_SinglePity,6
2561,System_A_SinglePity,19
2562,System_A_SinglePity,80
2563,System_A_SinglePity,80
2564,System_A_SinglePity,3
2565,System_A_SinglePity,80
2566,System_A_SinglePity,47
2567,System_A_SinglePity,80
2568,System_A_SinglePity,52
2569,System_A_SinglePity,51
2570,System_A_SinglePity,2
2571,System_A_SinglePity,80
2572,System_A_SinglePity,2
2573,System_A_SinglePity,27
2574,System_A_SinglePity,80
2575,System_A_SinglePity,80
2576,System_A_SinglePity,12
2577,System_A_SinglePity,80
2578,System_A_SinglePity,3
2579,System_A_SinglePity,4
2580,System_A_SinglePity,75
2581,System_A_SinglePity,80
2582,System_A_SinglePity,80
2583,System_A_SinglePity,5
2584,System_A_SinglePity,80
2585,System_A_SinglePity,18
2586,System_A_SinglePity,11
2587,System_A_SinglePity,34
2588,System_A_SinglePity,80
2589,System_A_SinglePity,52
2590,System_A_SinglePity,43
2591,System_A_SinglePity,7
2592,System_A_SinglePity,74
2593,System_A_SinglePity,33
2594,System_A_SinglePity,29
2595,System_A_SinglePity,52
2596,System_A_SinglePity,80
2597,System_A_SinglePity,75
2598,System_A_SinglePity,80
2599,System_A_SinglePity,51
2600,System_A_SinglePity,62
2601,System_A_SinglePity,80
2602,System_A_SinglePity,31
2603,System_A_SinglePity,72
2604,System_A_SinglePity,56
2605,System_A_SinglePity,36
2606,System_A_SinglePity,15
2607,System_A_SinglePity,80
2608,System_A_SinglePity,1
2609,System_A_SinglePity,25
2610,System_A_SinglePity,40
2611,System_A_SinglePity,80
2612,System_A_SinglePity,10
2613,System_A_SinglePity,37
2614,System_A_SinglePity,5
2615,System_A_SinglePity,3
2616,System_A_SinglePity,80
2617,System_A_SinglePity,62
2618,System_A_SinglePity,80
2619,System_A_SinglePity,41
2620,System_A_SinglePity,9
2621,System_A_SinglePity,80
2622,System_A_SinglePity,22
2623,System_A_SinglePity,25
2624,System_A_SinglePity,34
2625,System_A_SinglePity,33
2626,System_A_SinglePity,36
2627,System_A_SinglePity,80
2628,System_A_SinglePity,46
2629,System_A_SinglePity,80
2630,System_A_SinglePity,1
2631,System_A_SinglePity,10
2632,System_A_SinglePity,31
2633,System_A_SinglePity,39
2634,System_A_SinglePity,80
2635,System_A_SinglePity,68
2636,System_A_SinglePity,59
2637,System_A_SinglePity,74
2638,System_A_SinglePity,47
2639,System_A_SinglePity,29
2640,System_A_SinglePity,3
2641,System_A_SinglePity,58
2642,System_A_SinglePity,13
2643,System_A_SinglePity,23
2644,System_A_SinglePity,52
2645,System_A_SinglePity,28
2646,System_A_SinglePity,3
2647,System_A_SinglePity,36
2648,System_A_SinglePity,59
2649,System_A_SinglePity,57
2650,System_A_SinglePity,56
2651,System_A_SinglePity,3
2652,System_A_SinglePity,40
2653,System_A_SinglePity,10
2654,System_A_SinglePity,80
2655,System_A_SinglePity,24
2656,System_A_SinglePity,80
2657,System_A_SinglePity,71
2658,System_A_SinglePity,11
2659,System_A_SinglePity,44
2660,System_A_SinglePity,4
2661,System_A_SinglePity,2
2662,System_A_SinglePity,80
2663,System_A_SinglePity,4
2664,System_A_SinglePity,21
2665,System_A_SinglePity,37
2666,System_A_SinglePity,7
2667,System_A_SinglePity,80
2668,System_A_SinglePity,41
2669,System_A_SinglePity,5
2670,System_A_SinglePity,4
2671,System_A_SinglePity,24
2672,System_A_SinglePity,46
2673,System_A_SinglePity,80
2674,System_A_SinglePity,80
2675,System_A_SinglePity,54
2676,System_A_SinglePity,55
2677,System_A_SinglePity,65
2678,System_A_SinglePity,10
2679,System_A_SinglePity,26
2680,System_A_SinglePity,80
2681,System_A_SinglePity,28
2682,System_A_SinglePity,9
2683,System_A_SinglePity,77
2684,System_A_SinglePity,80
2685,System_A_SinglePity,80
2686,System_A_SinglePity,8
2687,System_A_SinglePity,80
2688,System_A_SinglePity,21
2689,System_A_SinglePity,21
2690,System_A_SinglePity,42
2691,System_A_SinglePity,24
2692,System_A_SinglePity,80
2693,System_A_SinglePity,52
2694,System_A_SinglePity,16
2695,System_A_SinglePity,69
2696,System_A_SinglePity,3
2697,System_A_SinglePity,68
2698,System_A_SinglePity,57
2699,System_A_SinglePity,80
2700,System_A_SinglePity,36
2701,System_A_SinglePity,37
2702,System_A_SinglePity,80
2703,System_A_SinglePity,20
2704,System_A_SinglePity,12
2705,System_A_SinglePity,33
2706,System_A_SinglePity,16
2707,System_A_SinglePity,67
2708,System_A_SinglePity,14
2709,System_A_SinglePity,80
2710,System_A_SinglePity,33
2711,System_A_SinglePity,26
2712,System_A_SinglePity,16
2713,System_A_SinglePity,20
2714,System_A_SinglePity,66
2715,System_A_SinglePity,77
2716,System_A_SinglePity,10
2717,System_A_SinglePity,40
2718,System_A_SinglePity,55
2719,System_A_SinglePity,80
2720,System_A_SinglePity,80
2721,System_A_SinglePity,20
2722,System_A_SinglePity,80
2723,System_A_SinglePity,69
2724,System_A_SinglePity,80
2725,System_A_SinglePity,9
2726,System_A_SinglePity,30
2727,System_A_SinglePity,80
2728,System_A_SinglePity,10
2729,System_A_SinglePity,51
2730,System_A_SinglePity,80
2731,System_A_SinglePity,45
2732,System_A_SinglePity,80
2733,System_A_SinglePity,10
2734,System_A_SinglePity,33
2735,System_A_SinglePity,73
2736,System_A_SinglePity,58
2737,System_A_SinglePity,58
2738,System_A_SinglePity,37
2739,System_A_SinglePity,80
2740,System_A_SinglePity,61
2741,System_A_SinglePity,20
2742,System_A_SinglePity,11
2743,System_A_SinglePity,26
2744,System_A_SinglePity,59
2745,System_A_SinglePity,25
2746,System_A_SinglePity,30
2747,System_A_SinglePity,47
2748,System_A_SinglePity,80
2749,System_A_SinglePity,26
2750,System_A_SinglePity,49
2751,System_A_SinglePity,20
2752,System_A_SinglePity,23
2753,System_A_SinglePity,23
2754,System_A_SinglePity,37
2755,System_A_SinglePity,80
2756,System_A_SinglePity,14
2757,System_A_SinglePity,19
2758,System_A_SinglePity,25
2759,System_A_SinglePity,20
2760,System_A_SinglePity,80
2761,System_A_SinglePity,18
2762,System_A_SinglePity,80
2763,System_A_SinglePity,9
2764,System_A_SinglePity,80
2765,System_A_SinglePity,3
2766,System_A_SinglePity,61
2767,System_A_SinglePity,33
2768,System_A_SinglePity,80
2769,System_A_SinglePity,35
2770,System_A_SinglePity,66
2771,System_A_SinglePity,5
2772,System_A_SinglePity,15
2773,System_A_SinglePity,80
2774,System_A_SinglePity,33
2775,System_A_SinglePity,21
2776,System_A_SinglePity,80
2777,System_A_SinglePity,5
2778,System_A_SinglePity,10
2779,System_A_SinglePity,9
2780,System_A_SinglePity,80
2781,System_A_SinglePity,69
2782,System_A_SinglePity,15
2783,System_A_SinglePity,55
2784,System_A_SinglePity,10
2785,System_A_SinglePity,47
2786,System_A_SinglePity,6
2787,System_A_SinglePity,80
2788,System_A_SinglePity,10
2789,System_A_SinglePity,6
2790,System_A_SinglePity,80
2791,System_A_SinglePity,80
2792,System_A_SinglePity,80
2793,System_A_SinglePity,80
2794,System_A_SinglePity,80
2795,System_A_SinglePity,80
2796,System_A_SinglePity,80
2797,System_A_SinglePity,3
2798,System_A_SinglePity,38
2799,System_A_SinglePity,40
2800,System_A_SinglePity,46
2801,System_A_SinglePity,71
2802,System_A_SinglePity,17
2803,System_A_SinglePity,80
2804,System_A_SinglePity,53
2805,System_A_SinglePity,75
2806,System_A_SinglePity,9
2807,System_A_SinglePity,80
2808,System_A_SinglePity,80
2809,System_A_SinglePity,30
2810,System_A_SinglePity,25
2811,System_A_SinglePity,80
2812,System_A_SinglePity,80
2813,System_A_SinglePity,28
2814,System_A_SinglePity,27
2815,System_A_SinglePity,80
2816,System_A_SinglePity,44
2817,System_A_SinglePity,35
2818,System_A_SinglePity,46
2819,System_A_SinglePity,8
2820,System_A_SinglePity,2
2821,System_A_SinglePity,5
2822,System_A_SinglePity,5
2823,System_A_SinglePity,80
2824,System_A_SinglePity,26
2825,System_A_SinglePity,80
2826,System_A_SinglePity,63
2827,System_A_SinglePity,10
2828,System_A_SinglePity,22
2829,System_A_SinglePity,80
2830,System_A_SinglePity,3
2831,System_A_SinglePity,34
2832,System_A_SinglePity,76
2833,System_A_SinglePity,10
2834,System_A_SinglePity,80
2835,System_A_SinglePity,80
2836,System_A_SinglePity,65
2837,System_A_SinglePity,80
2838,System_A_SinglePity,80
2839,System_A_SinglePity,23
2840,System_A_SinglePity,47
2841,System_A_SinglePity,11
2842,System_A_SinglePity,5
2843,System_A_SinglePity,80
2844,System_A_SinglePity,13
2845,System_A_SinglePity,33
2846,System_A_SinglePity,9
2847,System_A_SinglePity,34
2848,System_A_SinglePity,80
2849,System_A_SinglePity,80
2850,System_A_SinglePity,80
2851,System_A_SinglePity,5
2852,System_A_SinglePity,5
2853,System_A_SinglePity,80
2854,System_A_SinglePity,80
2855,System_A_SinglePity,80
2856,System_A_SinglePity,80
2857,System_A_SinglePity,13
2858,System_A_SinglePity,80
2859,System_A_SinglePity,35
2860,System_A_SinglePity,14
2861,System_A_SinglePity,35
2862,System_A_SinglePity,33
2863,System_A_SinglePity,42
2864,System_A_SinglePity,61
2865,System_A_SinglePity,17
2866,System_A_SinglePity,51
2867,System_A_SinglePity,80
2868,System_A_SinglePity,10
2869,System_A_SinglePity,17
2870,System_A_SinglePity,24
2871,System_A_SinglePity,80
2872,System_A_SinglePity,7
2873,System_A_SinglePity,68
2874,System_A_SinglePity,3
2875,System_A_SinglePity,80
2876,System_A_SinglePity,80
2877,System_A_SinglePity,80
2878,System_A_SinglePity,5
2879,System_A_SinglePity,80
2880,System_A_SinglePity,80
2881,System_A_SinglePity,71
2882,System_A_SinglePity,61
2883,System_A_SinglePity,80
2884,System_A_SinglePity,50
2885,System_A_SinglePity,80
2886,System_A_SinglePity,27
2887,System_A_SinglePity,12
2888,System_A_SinglePity,8
2889,System_A_SinglePity,30
2890,System_A_SinglePity,42
2891,System_A_SinglePity,17
2892,System_A_SinglePity,50
2893,System_A_SinglePity,80
2894,System_A_SinglePity,49
2895,System_A_SinglePity,47
2896,System_A_SinglePity,61
2897,System_A_SinglePity,80
2898,System_A_SinglePity,35
2899,System_A_SinglePity,2
2900,System_A_SinglePity,18
2901,System_A_SinglePity,62
2902,System_A_SinglePity,3
2903,System_A_SinglePity,80
2904,System_A_SinglePity,80
2905,System_A_SinglePity,80
2906,System_A_SinglePity,80
2907,System_A_SinglePity,25
2908,System_A_SinglePity,80
2909,System_A_SinglePity,42
2910,System_A_SinglePity,47
2911,System_A_SinglePity,28
2912,System_A_SinglePity,72
2913,System_A_SinglePity,66
2914,System_A_SinglePity,50
2915,System_A_SinglePity,80
2916,System_A_SinglePity,65
2917,System_A_SinglePity,80
2918,System_A_SinglePity,7
2919,System_A_SinglePity,1
2920,System_A_SinglePity,10
2921,System_A_SinglePity,63
2922,System_A_SinglePity,67
2923,System_A_SinglePity,80
2924,System_A_SinglePity,41
2925,System_A_SinglePity,80
2926,System_A_SinglePity,40
2927,System_A_SinglePity,80
2928,System_A_SinglePity,17
2929,System_A_SinglePity,80
2930,System_A_SinglePity,52
2931,System_A_SinglePity,80
2932,System_A_SinglePity,30
2933,System_A_SinglePity,80
2934,System_A_SinglePity,80
2935,System_A_SinglePity,75
2936,System_A_SinglePity,80
2937,System_A_SinglePity,25
2938,System_A_SinglePity,9
2939,System_A_SinglePity,80
2940,System_A_SinglePity,80
2941,System_A_SinglePity,27
2942,System_A_SinglePity,80
2943,System_A_SinglePity,42
2944,System_A_SinglePity,80
2945,System_A_SinglePity,67
2946,System_A_SinglePity,25
2947,System_A_SinglePity,80
2948,System_A_SinglePity,38
2949,System_A_SinglePity,23
2950,System_A_SinglePity,80
2951,System_A_SinglePity,80
2952,System_A_SinglePity,39
2953,System_A_SinglePity,11
2954,System_A_SinglePity,40
2955,System_A_SinglePity,11
2956,System_A_SinglePity,80
2957,System_A_SinglePity,16
2958,System_A_SinglePity,13
2959,System_A_SinglePity,2
2960,System_A_SinglePity,80
2961,System_A_SinglePity,35
2962,System_A_SinglePity,47
2963,System_A_SinglePity,80
2964,System_A_SinglePity,57
2965,System_A_SinglePity,75
2966,System_A_SinglePity,34
2967,System_A_SinglePity,80
2968,System_A_SinglePity,57
2969,System_A_SinglePity,55
2970,System_A_SinglePity,2
2971,System_A_SinglePity,15
2972,System_A_SinglePity,80
2973,System_A_SinglePity,80
2974,System_A_SinglePity,80
2975,System_A_SinglePity,80
2976,System_A_SinglePity,12
2977,System_A_SinglePity,10
2978,System_A_SinglePity,8
2979,System_A_SinglePity,80
2980,System_A_SinglePity,24
2981,System_A_SinglePity,80
2982,System_A_SinglePity,22
2983,System_A_SinglePity,53
2984,System_A_SinglePity,8
2985,System_A_SinglePity,80
2986,System_A_SinglePity,26
2987,System_A_SinglePity,3
2988,System_A_SinglePity,74
2989,System_A_SinglePity,13
2990,System_A_SinglePity,80
2991,System_A_SinglePity,54
2992,System_A_SinglePity,33
2993,System_A_SinglePity,44
2994,System_A_SinglePity,80
2995,System_A_SinglePity,78
2996,System_A_SinglePity,80
2997,System_A_SinglePity,80
2998,System_A_SinglePity,80
2999,System_A_SinglePity,80
3000,System_A_SinglePity,14
3001,System_A_SinglePity,62
3002,System_A_SinglePity,2
3003,System_A_SinglePity,80
3004,System_A_SinglePity,43
3005,System_A_SinglePity,33
3006,System_A_SinglePity,80
3007,System_A_SinglePity,59
3008,System_A_SinglePity,31
3009,System_A_SinglePity,43
3010,System_A_SinglePity,66
3011,System_A_SinglePity,18
3012,System_A_SinglePity,12
3013,System_A_SinglePity,80
3014,System_A_SinglePity,14
3015,System_A_SinglePity,75
3016,System_A_SinglePity,5
3017,System_A_SinglePity,33
3018,System_A_SinglePity,26
3019,System_A_SinglePity,80
3020,System_A_SinglePity,7
3021,System_A_SinglePity,80
3022,System_A_SinglePity,71
3023,System_A_SinglePity,80
3024,System_A_SinglePity,31
3025,System_A_SinglePity,80
3026,System_A_SinglePity,64
3027,System_A_SinglePity,80
3028,System_A_SinglePity,80
3029,System_A_SinglePity,28
3030,System_A_SinglePity,51
3031,System_A_SinglePity,22
3032,System_A_SinglePity,80
3033,System_A_SinglePity,12
3034,System_A_SinglePity,54
3035,System_A_SinglePity,80
3036,System_A_SinglePity,65
3037,System_A_SinglePity,80
3038,System_A_SinglePity,46
3039,System_A_SinglePity,66
3040,System_A_SinglePity,38
3041,System_A_SinglePity,49
3042,System_A_SinglePity,80
3043,System_A_SinglePity,74
3044,System_A_SinglePity,55
3045,System_A_SinglePity,80
3046,System_A_SinglePity,17
3047,System_A_SinglePity,2
3048,System_A_SinglePity,29
3049,System_A_SinglePity,80
3050,System_A_SinglePity,80
3051,System_A_SinglePity,25
3052,System_A_SinglePity,38
3053,System_A_SinglePity,9
3054,System_A_SinglePity,1
3055,System_A_SinglePity,30
3056,System_A_SinglePity,6
3057,System_A_SinglePity,80
3058,System_A_SinglePity,57
3059,System_A_SinglePity,5
3060,System_A_SinglePity,24
3061,System_A_SinglePity,80
3062,System_A_SinglePity,80
3063,System_A_SinglePity,62
3064,System_A_SinglePity,77
3065,System_A_SinglePity,44
3066,System_A_SinglePity,80
3067,System_A_SinglePity,80
3068,System_A_SinglePity,1
3069,System_A_SinglePity,32
3070,System_A_SinglePity,50
3071,System_A_SinglePity,80
3072,System_A_SinglePity,54
3073,System_A_SinglePity,52
3074,System_A_SinglePity,21
3075,System_A_SinglePity,15
3076,System_A_SinglePity,80
3077,System_A_SinglePity,41
3078,System_A_SinglePity,80
3079,System_A_SinglePity,5
3080,System_A_SinglePity,80
3081,System_A_SinglePity,80
3082,System_A_SinglePity,80
3083,System_A_SinglePity,36
3084,System_A_SinglePity,18
3085,System_A_SinglePity,42
3086,System_A_SinglePity,63
3087,System_A_SinglePity,80
3088,System_A_SinglePity,61
3089,System_A_SinglePity,80
3090,System_A_SinglePity,80
3091,System_A_SinglePity,80
3092,System_A_SinglePity,16
3093,System_A_SinglePity,15
3094,System_A_SinglePity,80
3095,System_A_SinglePity,24
3096,System_A_SinglePity,42
3097,System_A_SinglePity,9
3098,System_A_SinglePity,80
3099,System_A_SinglePity,58
3100,System_A_SinglePity,20
3101,System_A_SinglePity,30
3102,System_A_SinglePity,1
3103,System_A_SinglePity,80
3104,System_A_SinglePity,79
3105,System_A_SinglePity,14
3106,System_A_SinglePity,80
3107,System_A_SinglePity,11
3108,System_A_SinglePity,15
3109,System_A_SinglePity,15
3110,System_A_SinglePity,66
3111,System_A_SinglePity,67
3112,System_A_SinglePity,60
3113,System_A_SinglePity,80
3114,System_A_SinglePity,27
3115,System_A_SinglePity,80
3116,System_A_SinglePity,15
3117,System_A_SinglePity,33
3118,System_A_SinglePity,47
3119,System_A_SinglePity,80
3120,System_A_SinglePity,74
3121,System_A_SinglePity,57
3122,System_A_SinglePity,60
3123,System_A_SinglePity,80
3124,System_A_SinglePity,60
3125,System_A_SinglePity,79
3126,System_A_SinglePity,80
3127,System_A_SinglePity,80
3128,System_A_SinglePity,80
3129,System_A_SinglePity,80
3130,System_A_SinglePity,65
3131,System_A_SinglePity,80
3132,System_A_SinglePity,26
3133,System_A_SinglePity,23
3134,System_A_SinglePity,23
3135,System_A_SinglePity,80
3136,System_A_SinglePity,35
3137,System_A_SinglePity,27
3138,System_A_SinglePity,4
3139,System_A_SinglePity,75
3140,System_A_SinglePity,80
3141,System_A_SinglePity,80
3142,System_A_SinglePity,60
3143,System_A_SinglePity,80
3144,System_A_SinglePity,80
3145,System_A_SinglePity,77
3146,System_A_SinglePity,2
3147,System_A_SinglePity,80
3148,System_A_SinglePity,80
3149,System_A_SinglePity,57
3150,System_A_SinglePity,43
3151,System_A_SinglePity,18
3152,System_A_SinglePity,21
3153,System_A_SinglePity,10
3154,System_A_SinglePity,80
3155,System_A_SinglePity,78
3156,System_A_SinglePity,36
3157,System_A_SinglePity,18
3158,System_A_SinglePity,80
3159,System_A_SinglePity,62
3160,System_A_SinglePity,50
3161,System_A_SinglePity,80
3162,System_A_SinglePity,77
3163,System_A_SinglePity,27
3164,System_A_SinglePity,13
3165,System_A_SinglePity,2
3166,System_A_SinglePity,80
3167,System_A_SinglePity,25
3168,System_A_SinglePity,38
3169,System_A_SinglePity,26
3170,System_A_SinglePity,1
3171,System_A_SinglePity,5
3172,System_A_SinglePity,27
3173,System_A_SinglePity,32
3174,System_A_SinglePity,80
3175,System_A_SinglePity,80
3176,System_A_SinglePity,5
3177,System_A_SinglePity,44
3178,System_A_SinglePity,66
3179,System_A_SinglePity,65
3180,System_A_SinglePity,1
3181,System_A_SinglePity,80
3182,System_A_SinglePity,70
3183,System_A_SinglePity,9
3184,System_A_SinglePity,80
3185,System_A_SinglePity,15
3186,System_A_SinglePity,3
3187,System_A_SinglePity,23
3188,System_A_SinglePity,37
3189,System_A_SinglePity,4
3190,System_A_SinglePity,77
3191,System_A_SinglePity,24
3192,System_A_SinglePity,17
3193,System_A_SinglePity,80
3194,System_A_SinglePity,16
3195,System_A_SinglePity,80
3196,System_A_SinglePity,16
3197,System_A_SinglePity,80
3198,System_A_SinglePity,31
3199,System_A_SinglePity,2
3200,System_A_SinglePity,11
3201,System_A_SinglePity,80
3202,System_A_SinglePity,80
3203,System_A_SinglePity,80
3204,System_A_SinglePity,80
3205,System_A_SinglePity,67
3206,System_A_SinglePity,80
3207,System_A_SinglePity,80
3208,System_A_SinglePity,80
3209,System_A_SinglePity,61
3210,System_A_SinglePity,12
3211,System_A_SinglePity,17
3212,System_A_SinglePity,65
3213,System_A_SinglePity,80
3214,System_A_SinglePity,80
3215,System_A_SinglePity,7
3216,System_A_SinglePity,20
3217,System_A_SinglePity,80
3218,System_A_SinglePity,60
3219,System_A_SinglePity,72
3220,System_A_SinglePity,8
3221,System_A_SinglePity,11
3222,System_A_SinglePity,80
3223,System_A_SinglePity,80
3224,System_A_SinglePity,26
3225,System_A_SinglePity,80
3226,System_A_SinglePity,59
3227,System_A_SinglePity,71
3228,System_A_SinglePity,10
3229,System_A_SinglePity,80
3230,System_A_SinglePity,42
3231,System_A_SinglePity,24
3232,System_A_SinglePity,67
3233,System_A_SinglePity,80
3234,System_A_SinglePity,72
3235,System_A_SinglePity,80
3236,System_A_SinglePity,19
3237,System_A_SinglePity,23
3238,System_A_SinglePity,3
3239,System_A_SinglePity,80
3240,System_A_SinglePity,3
3241,System_A_SinglePity,49
3242,System_A_SinglePity,80
3243,System_A_SinglePity,80
3244,System_A_SinglePity,60
3245,System_A_SinglePity,55
3246,System_A_SinglePity,28
3247,System_A_SinglePity,80
3248,System_A_SinglePity,30
3249,System_A_SinglePity,80
3250,System_A_SinglePity,1
3251,System_A_SinglePity,80
3252,System_A_SinglePity,16
3253,System_A_SinglePity,21
3254,System_A_SinglePity,8
3255,System_A_SinglePity,58
3256,System_A_SinglePity,80
3257,System_A_SinglePity,17
3258,System_A_SinglePity,80
3259,System_A_SinglePity,8
3260,System_A_SinglePity,80
3261,System_A_SinglePity,80
3262,System_A_SinglePity,27
3263,System_A_SinglePity,16
3264,System_A_SinglePity,4
3265,System_A_SinglePity,80
3266,System_A_SinglePity,80
3267,System_A_SinglePity,70
3268,System_A_SinglePity,5
3269,System_A_SinglePity,46
3270,System_A_SinglePity,45
3271,System_A_SinglePity,39
3272,System_A_SinglePity,80
3273,System_A_SinglePity,80
3274,System_A_SinglePity,80
3275,System_A_SinglePity,80
3276,System_A_SinglePity,1
3277,System_A_SinglePity,78
3278,System_A_SinglePity,13
3279,System_A_SinglePity,30
3280,System_A_SinglePity,34
3281,System_A_SinglePity,70
3282,System_A_SinglePity,80
3283,System_A_SinglePity,80
3284,System_A_SinglePity,38
3285,System_A_SinglePity,80
3286,System_A_SinglePity,76
3287,System_A_SinglePity,70
3288,System_A_SinglePity,80
3289,System_A_SinglePity,80
3290,System_A_SinglePity,57
3291,System_A_SinglePity,28
3292,System_A_SinglePity,77
3293,System_A_SinglePity,27
3294,System_A_SinglePity,34
3295,System_A_SinglePity,13
3296,System_A_SinglePity,17
3297,System_A_SinglePity,11
3298,System_A_SinglePity,76
3299,System_A_SinglePity,60
3300,System_A_SinglePity,39
3301,System_A_SinglePity,24
3302,System_A_SinglePity,11
3303,System_A_SinglePity,80
3304,System_A_SinglePity,53
3305,System_A_SinglePity,32
3306,System_A_SinglePity,8
3307,System_A_SinglePity,59
3308,System_A_SinglePity,32
3309,System_A_SinglePity,15
3310,System_A_SinglePity,9
3311,System_A_SinglePity,55
3312,System_A_SinglePity,6
3313,System_A_SinglePity,42
3314,System_A_SinglePity,44
3315,System_A_SinglePity,37
3316,System_A_SinglePity,80
3317,System_A_SinglePity,37
3318,System_A_SinglePity,80
3319,System_A_SinglePity,23
3320,System_A_SinglePity,3
3321,System_A_SinglePity,4
3322,System_A_SinglePity,80
3323,System_A_SinglePity,39
3324,System_A_SinglePity,80
3325,System_A_SinglePity,80
3326,System_A_SinglePity,15
3327,System_A_SinglePity,26
3328,System_A_SinglePity,80
3329,System_A_SinglePity,46
3330,System_A_SinglePity,63
3331,System_A_SinglePity,80
3332,System_A_SinglePity,55
3333,System_A_SinglePity,51
3334,System_A_SinglePity,80
3335,System_A_SinglePity,60
3336,System_A_SinglePity,8
3337,System_A_SinglePity,5
3338,System_A_SinglePity,80
3339,System_A_SinglePity,80
3340,System_A_SinglePity,80
3341,System_A_SinglePity,80
3342,System_A_SinglePity,80
3343,System_A_SinglePity,20
3344,System_A_SinglePity,23
3345,System_A_SinglePity,80
3346,System_A_SinglePity,80
3347,System_A_SinglePity,80
3348,System_A_SinglePity,80
3349,System_A_SinglePity,80
3350,System_A_SinglePity,80
3351,System_A_SinglePity,18
3352,System_A_SinglePity,3
3353,System_A_SinglePity,1
3354,System_A_SinglePity,60
3355,System_A_SinglePity,80
3356,System_A_SinglePity,80
3357,System_A_SinglePity,36
3358,System_A_SinglePity,3
3359,System_A_SinglePity,80
3360,System_A_SinglePity,26
3361,System_A_SinglePity,72
3362,System_A_SinglePity,80
3363,System_A_SinglePity,27
3364,System_A_SinglePity,26
3365,System_A_SinglePity,7
3366,System_A_SinglePity,41
3367,System_A_SinglePity,80
3368,System_A_SinglePity,5
3369,System_A_SinglePity,8
3370,System_A_SinglePity,5
3371,System_A_SinglePity,80
3372,System_A_SinglePity,80
3373,System_A_SinglePity,80
3374,System_A_SinglePity,34
3375,System_A_SinglePity,47
3376,System_A_SinglePity,80
3377,System_A_SinglePity,36
3378,System_A_SinglePity,45
3379,System_A_SinglePity,72
3380,System_A_SinglePity,80
3381,System_A_SinglePity,80
3382,System_A_SinglePity,39
3383,System_A_SinglePity,10
3384,System_A_SinglePity,7
3385,System_A_SinglePity,55
3386,System_A_SinglePity,80
3387,System_A_SinglePity,2
3388,System_A_SinglePity,25
3389,System_A_SinglePity,16
3390,System_A_SinglePity,78
3391,System_A_SinglePity,80
3392,System_A_SinglePity,2
3393,System_A_SinglePity,35
3394,System_A_SinglePity,80
3395,System_A_SinglePity,59
3396,System_A_SinglePity,49
3397,System_A_SinglePity,80
3398,System_A_SinglePity,10
3399,System_A_SinglePity,80
3400,System_A_SinglePity,4
3401,System_A_SinglePity,4
3402,System_A_SinglePity,2
3403,System_A_SinglePity,2
3404,System_A_SinglePity,35
3405,System_A_SinglePity,69
3406,System_A_SinglePity,59
3407,System_A_SinglePity,80
3408,System_A_SinglePity,45
3409,System_A_SinglePity,77
3410,System_A_SinglePity,2
3411,System_A_SinglePity,80
3412,System_A_SinglePity,7
3413,System_A_SinglePity,26
3414,System_A_SinglePity,80
3415,System_A_SinglePity,80
3416,System_A_SinglePity,80
3417,System_A_SinglePity,10
3418,System_A_SinglePity,80
3419,System_A_SinglePity,80
3420,System_A_SinglePity,80
3421,System_A_SinglePity,80
3422,System_A_SinglePity,68
3423,System_A_SinglePity,23
3424,System_A_SinglePity,15
3425,System_A_SinglePity,4
3426,System_A_SinglePity,80
3427,System_A_SinglePity,80
3428,System_A_SinglePity,31
3429,System_A_SinglePity,35
3430,System_A_SinglePity,80
3431,System_A_SinglePity,80
3432,System_A_SinglePity,80
3433,System_A_SinglePity,2
3434,System_A_SinglePity,61
3435,System_A_SinglePity,39
3436,System_A_SinglePity,80
3437,System_A_SinglePity,27
3438,System_A_SinglePity,79
3439,System_A_SinglePity,37
3440,System_A_SinglePity,80
3441,System_A_SinglePity,17
3442,System_A_SinglePity,80
3443,System_A_SinglePity,38
3444,System_A_SinglePity,6
3445,System_A_SinglePity,64
3446,System_A_SinglePity,73
3447,System_A_SinglePity,59
3448,System_A_SinglePity,65
3449,System_A_SinglePity,58
3450,System_A_SinglePity,14
3451,System_A_SinglePity,80
3452,System_A_SinglePity,25
3453,System_A_SinglePity,75
3454,System_A_SinglePity,3
3455,System_A_SinglePity,1
3456,System_A_SinglePity,32
3457,System_A_SinglePity,20
3458,System_A_SinglePity,19
3459,System_A_SinglePity,80
3460,System_A_SinglePity,80
3461,System_A_SinglePity,19
3462,System_A_SinglePity,13
3463,System_A_SinglePity,77
3464,System_A_SinglePity,80
3465,System_A_SinglePity,40
3466,System_A_SinglePity,13
3467,System_A_SinglePity,20
3468,System_A_SinglePity,27
3469,System_A_SinglePity,28
3470,System_A_SinglePity,36
3471,System_A_SinglePity,42
3472,System_A_SinglePity,80
3473,System_A_SinglePity,80
3474,System_A_SinglePity,63
3475,System_A_SinglePity,53
3476,System_A_SinglePity,80
3477,System_A_SinglePity,45
3478,System_A_SinglePity,80
3479,System_A_SinglePity,80
3480,System_A_SinglePity,20
3481,System_A_SinglePity,80
3482,System_A_SinglePity,30
3483,System_A_SinglePity,80
3484,System_A_SinglePity,26
3485,System_A_SinglePity,80
3486,System_A_SinglePity,9
3487,System_A_SinglePity,80
3488,System_A_SinglePity,80
3489,System_A_SinglePity,64
3490,System_A_SinglePity,47
3491,System_A_SinglePity,80
3492,System_A_SinglePity,57
3493,System_A_SinglePity,80
3494,System_A_SinglePity,25
3495,System_A_SinglePity,59
3496,System_A_SinglePity,48
3497,System_A_SinglePity,66
3498,System_A_SinglePity,80
3499,System_A_SinglePity,80
3500,System_A_SinglePity,4
3501,System_A_SinglePity,23
3502,System_A_SinglePity,80
3503,System_A_SinglePity,40
3504,System_A_SinglePity,66
3505,System_A_SinglePity,3
3506,System_A_SinglePity,21
3507,System_A_SinglePity,80
3508,System_A_SinglePity,44
3509,System_A_SinglePity,80
3510,System_A_SinglePity,35
3511,System_A_SinglePity,58
3512,System_A_SinglePity,35
3513,System_A_SinglePity,7
3514,System_A_SinglePity,42
3515,System_A_SinglePity,50
3516,System_A_SinglePity,3
3517,System_A_SinglePity,60
3518,System_A_SinglePity,52
3519,System_A_SinglePity,49
3520,System_A_SinglePity,14
3521,System_A_SinglePity,38
3522,System_A_SinglePity,22
3523,System_A_SinglePity,12
3524,System_A_SinglePity,18
3525,System_A_SinglePity,80
3526,System_A_SinglePity,56
3527,System_A_SinglePity,10
3528,System_A_SinglePity,28
3529,System_A_SinglePity,2
3530,System_A_SinglePity,80
3531,System_A_SinglePity,80
3532,System_A_SinglePity,12
3533,System_A_SinglePity,80
3534,System_A_SinglePity,80
3535,System_A_SinglePity,33
3536,System_A_SinglePity,53
3537,System_A_SinglePity,69
3538,System_A_SinglePity,77
3539,System_A_SinglePity,24
3540,System_A_SinglePity,12
3541,System_A_SinglePity,80
3542,System_A_SinglePity,17
3543,System_A_SinglePity,3
3544,System_A_SinglePity,4
3545,System_A_SinglePity,80
3546,System_A_SinglePity,7
3547,System_A_SinglePity,80
3548,System_A_SinglePity,41
3549,System_A_SinglePity,80
3550,System_A_SinglePity,49
3551,System_A_SinglePity,45
3552,System_A_SinglePity,45
3553,System_A_SinglePity,80
3554,System_A_SinglePity,80
3555,System_A_SinglePity,7
3556,System_A_SinglePity,11
3557,System_A_SinglePity,6
3558,System_A_SinglePity,55
3559,System_A_SinglePity,80
3560,System_A_SinglePity,80
3561,System_A_SinglePity,52
3562,System_A_SinglePity,80
3563,System_A_SinglePity,80
3564,System_A_SinglePity,8
3565,System_A_SinglePity,80
3566,System_A_SinglePity,80
3567,System_A_SinglePity,30
3568,System_A_SinglePity,12
3569,System_A_SinglePity,1
3570,System_A_SinglePity,20
3571,System_A_SinglePity,40
3572,System_A_SinglePity,31
3573,System_A_SinglePity,31
3574,System_A_SinglePity,80
3575,System_A_SinglePity,80
3576,System_A_SinglePity,80
3577,System_A_SinglePity,58
3578,System_A_SinglePity,32
3579,System_A_SinglePity,64
3580,System_A_SinglePity,80
3581,System_A_SinglePity,80
3582,System_A_SinglePity,69
3583,System_A_SinglePity,10
3584,System_A_SinglePity,80
3585,System_A_SinglePity,15
3586,System_A_SinglePity,80
3587,System_A_SinglePity,66
3588,System_A_SinglePity,80
3589,System_A_SinglePity,13
3590,System_A_SinglePity,80
3591,System_A_SinglePity,45
3592,System_A_SinglePity,55
3593,System_A_SinglePity,78
3594,System_A_SinglePity,80
3595,System_A_SinglePity,44
3596,System_A_SinglePity,80
3597,System_A_SinglePity,26
3598,System_A_SinglePity,41
3599,System_A_SinglePity,20
3600,System_A_SinglePity,4
3601,System_A_SinglePity,72
3602,System_A_SinglePity,15
3603,System_A_SinglePity,80
3604,System_A_SinglePity,14
3605,System_A_SinglePity,80
3606,System_A_SinglePity,19
3607,System_A_SinglePity,76
3608,System_A_SinglePity,80
3609,System_A_SinglePity,15
3610,System_A_SinglePity,80
3611,System_A_SinglePity,49
3612,System_A_SinglePity,31
3613,System_A_SinglePity,12
3614,System_A_SinglePity,66
3615,System_A_SinglePity,15
3616,System_A_SinglePity,46
3617,System_A_SinglePity,43
3618,System_A_SinglePity,21
3619,System_A_SinglePity,34
3620,System_A_SinglePity,64
3621,System_A_SinglePity,80
3622,System_A_SinglePity,19
3623,System_A_SinglePity,80
3624,System_A_SinglePity,31
3625,System_A_SinglePity,14
3626,System_A_SinglePity,48
3627,System_A_SinglePity,74
3628,System_A_SinglePity,8
3629,System_A_SinglePity,68
3630,System_A_SinglePity,55
3631,System_A_SinglePity,15
3632,System_A_SinglePity,66
3633,System_A_SinglePity,55
3634,System_A_SinglePity,71
3635,System_A_SinglePity,30
3636,System_A_SinglePity,27
3637,System_A_SinglePity,59
3638,System_A_SinglePity,80
3639,System_A_SinglePity,38
3640,System_A_SinglePity,41
3641,System_A_SinglePity,80
3642,System_A_SinglePity,34
3643,System_A_SinglePity,80
3644,System_A_SinglePity,80
3645,System_A_SinglePity,55
3646,System_A_SinglePity,80
3647,System_A_SinglePity,44
3648,System_A_SinglePity,29
3649,System_A_SinglePity,17
3650,System_A_SinglePity,53
3651,System_A_SinglePity,32
3652,System_A_SinglePity,30
3653,System_A_SinglePity,80
3654,System_A_SinglePity,40
3655,System_A_SinglePity,80
3656,System_A_SinglePity,80
3657,System_A_SinglePity,80
3658,System_A_SinglePity,80
3659,System_A_SinglePity,80
3660,System_A_SinglePity,28
3661,System_A_SinglePity,57
3662,System_A_SinglePity,80
3663,System_A_SinglePity,14
3664,System_A_SinglePity,11
3665,System_A_SinglePity,80
3666,System_A_SinglePity,80
3667,System_A_SinglePity,20
3668,System_A_SinglePity,56
3669,System_A_SinglePity,21
3670,System_A_SinglePity,22
3671,System_A_SinglePity,50
3672,System_A_SinglePity,26
3673,System_A_SinglePity,45
3674,System_A_SinglePity,68
3675,System_A_SinglePity,70
3676,System_A_SinglePity,8
3677,System_A_SinglePity,66
3678,System_A_SinglePity,63
3679,System_A_SinglePity,80
3680,System_A_SinglePity,4
3681,System_A_SinglePity,19
3682,System_A_SinglePity,51
3683,System_A_SinglePity,73
3684,System_A_SinglePity,80
3685,System_A_SinglePity,1
3686,System_A_SinglePity,8
3687,System_A_SinglePity,34
3688,System_A_SinglePity,76
3689,System_A_SinglePity,80
3690,System_A_SinglePity,55
3691,System_A_SinglePity,1
3692,System_A_SinglePity,14
3693,System_A_SinglePity,80
3694,System_A_SinglePity,72
3695,System_A_SinglePity,80
3696,System_A_SinglePity,8
3697,System_A_SinglePity,3
3698,System_A_SinglePity,62
3699,System_A_SinglePity,80
3700,System_A_SinglePity,20
3701,System_A_SinglePity,44
3702,System_A_SinglePity,28
3703,System_A_SinglePity,1
3704,System_A_SinglePity,45
3705,System_A_SinglePity,8
3706,System_A_SinglePity,50
3707,System_A_SinglePity,20
3708,System_A_SinglePity,80
3709,System_A_SinglePity,1
3710,System_A_SinglePity,9
3711,System_A_SinglePity,50
3712,System_A_SinglePity,80
3713,System_A_SinglePity,16
3714,System_A_SinglePity,60
3715,System_A_SinglePity,15
3716,System_A_SinglePity,73
3717,System_A_SinglePity,13
3718,System_A_SinglePity,29
3719,System_A_SinglePity,3
3720,System_A_SinglePity,49
3721,System_A_SinglePity,52
3722,System_A_SinglePity,59
3723,System_A_SinglePity,16
3724,System_A_SinglePity,80
3725,System_A_SinglePity,23
3726,System_A_SinglePity,80
3727,System_A_SinglePity,59
3728,System_A_SinglePity,80
3729,System_A_SinglePity,80
3730,System_A_SinglePity,80
3731,System_A_SinglePity,5
3732,System_A_SinglePity,5
3733,System_A_SinglePity,11
3734,System_A_SinglePity,14
3735,System_A_SinglePity,41
3736,System_A_SinglePity,52
3737,System_A_SinglePity,34
3738,System_A_SinglePity,80
3739,System_A_SinglePity,2
3740,System_A_SinglePity,28
3741,System_A_SinglePity,80
3742,System_A_SinglePity,80
3743,System_A_SinglePity,46
3744,System_A_SinglePity,54
3745,System_A_SinglePity,14
3746,System_A_SinglePity,46
3747,System_A_SinglePity,80
3748,System_A_SinglePity,22
3749,System_A_SinglePity,80
3750,System_A_SinglePity,62
3751,System_A_SinglePity,80
3752,System_A_SinglePity,7
3753,System_A_SinglePity,44
3754,System_A_SinglePity,80
3755,System_A_SinglePity,80
3756,System_A_SinglePity,62
3757,System_A_SinglePity,28
3758,System_A_SinglePity,42
3759,System_A_SinglePity,3
3760,System_A_SinglePity,27
3761,System_A_SinglePity,20
3762,System_A_SinglePity,80
3763,System_A_SinglePity,35
3764,System_A_SinglePity,7
3765,System_A_SinglePity,26
3766,System_A_SinglePity,57
3767,System_A_SinglePity,40
3768,System_A_SinglePity,22
3769,System_A_SinglePity,18
3770,System_A_SinglePity,2
3771,System_A_SinglePity,80
3772,System_A_SinglePity,7
3773,System_A_SinglePity,25
3774,System_A_SinglePity,6
3775,System_A_SinglePity,80
3776,System_A_SinglePity,80
3777,System_A_SinglePity,7
3778,System_A_SinglePity,35
3779,System_A_SinglePity,80
3780,System_A_SinglePity,80
3781,System_A_SinglePity,80
3782,System_A_SinglePity,5
3783,System_A_SinglePity,80
3784,System_A_SinglePity,25
3785,System_A_SinglePity,24
3786,System_A_SinglePity,59
3787,System_A_SinglePity,1
3788,System_A_SinglePity,31
3789,System_A_SinglePity,57
3790,System_A_SinglePity,43
3791,System_A_SinglePity,65
3792,System_A_SinglePity,10
3793,System_A_SinglePity,16
3794,System_A_SinglePity,61
3795,System_A_SinglePity,56
3796,System_A_SinglePity,59
3797,System_A_SinglePity,8
3798,System_A_SinglePity,53
3799,System_A_SinglePity,80
3800,System_A_SinglePity,69
3801,System_A_SinglePity,80
3802,System_A_SinglePity,80
3803,System_A_SinglePity,1
3804,System_A_SinglePity,7
3805,System_A_SinglePity,24
3806,System_A_SinglePity,80
3807,System_A_SinglePity,80
3808,System_A_SinglePity,52
3809,System_A_SinglePity,26
3810,System_A_SinglePity,80
3811,System_A_SinglePity,13
3812,System_A_SinglePity,23
3813,System_A_SinglePity,24
3814,System_A_SinglePity,18
3815,System_A_SinglePity,5
3816,System_A_SinglePity,80
3817,System_A_SinglePity,80
3818,System_A_SinglePity,74
3819,System_A_SinglePity,24
3820,System_A_SinglePity,71
3821,System_A_SinglePity,80
3822,System_A_SinglePity,1
3823,System_A_SinglePity,2
3824,System_A_SinglePity,7
3825,System_A_SinglePity,80
3826,System_A_SinglePity,26
3827,System_A_SinglePity,80
3828,System_A_SinglePity,80
3829,System_A_SinglePity,2
3830,System_A_SinglePity,46
3831,System_A_SinglePity,80
3832,System_A_SinglePity,65
3833,System_A_SinglePity,55
3834,System_A_SinglePity,30
3835,System_A_SinglePity,23
3836,System_A_SinglePity,80
3837,System_A_SinglePity,17
3838,System_A_SinglePity,80
3839,System_A_SinglePity,2
3840,System_A_SinglePity,80
3841,System_A_SinglePity,80
3842,System_A_SinglePity,13
3843,System_A_SinglePity,59
3844,System_A_SinglePity,80
3845,System_A_SinglePity,34
3846,System_A_SinglePity,2
3847,System_A_SinglePity,40
3848,System_A_SinglePity,80
3849,System_A_SinglePity,58
3850,System_A_SinglePity,39
3851,System_A_SinglePity,80
3852,System_A_SinglePity,23
3853,System_A_SinglePity,2
3854,System_A_SinglePity,57
3855,System_A_SinglePity,16
3856,System_A_SinglePity,51
3857,System_A_SinglePity,80
3858,System_A_SinglePity,80
3859,System_A_SinglePity,80
3860,System_A_SinglePity,7
3861,System_A_SinglePity,80
3862,System_A_SinglePity,23
3863,System_A_SinglePity,35
3864,System_A_SinglePity,7
3865,System_A_SinglePity,80
3866,System_A_SinglePity,75
3867,System_A_SinglePity,21
3868,System_A_SinglePity,77
3869,System_A_SinglePity,80
3870,System_A_SinglePity,80
3871,System_A_SinglePity,60
3872,System_A_SinglePity,6
3873,System_A_SinglePity,32
3874,System_A_SinglePity,80
3875,System_A_SinglePity,22
3876,System_A_SinglePity,35
3877,System_A_SinglePity,80
3878,System_A_SinglePity,41
3879,System_A_SinglePity,75
3880,System_A_SinglePity,80
3881,System_A_SinglePity,80
3882,System_A_SinglePity,40
3883,System_A_SinglePity,80
3884,System_A_SinglePity,80
3885,System_A_SinglePity,80
3886,System_A_SinglePity,80
3887,System_A_SinglePity,46
3888,System_A_SinglePity,8
3889,System_A_SinglePity,23
3890,System_A_SinglePity,70
3891,System_A_SinglePity,9
3892,System_A_SinglePity,80
3893,System_A_SinglePity,80
3894,System_A_SinglePity,59
3895,System_A_SinglePity,55
3896,System_A_SinglePity,2
3897,System_A_SinglePity,21
3898,System_A_SinglePity,3
3899,System_A_SinglePity,15
3900,System_A_SinglePity,80
3901,System_A_SinglePity,7
3902,System_A_SinglePity,80
3903,System_A_SinglePity,17
3904,System_A_SinglePity,80
3905,System_A_SinglePity,80
3906,System_A_SinglePity,65
3907,System_A_SinglePity,42
3908,System_A_SinglePity,34
3909,System_A_SinglePity,51
3910,System_A_SinglePity,2
3911,System_A_SinglePity,80
3912,System_A_SinglePity,29
3913,System_A_SinglePity,12
3914,System_A_SinglePity,5
3915,System_A_SinglePity,25
3916,System_A_SinglePity,13
3917,System_A_SinglePity,59
3918,System_A_SinglePity,80
3919,System_A_SinglePity,74
3920,System_A_SinglePity,44
3921,System_A_SinglePity,5
3922,System_A_SinglePity,3
3923,System_A_SinglePity,14
3924,System_A_SinglePity,8
3925,System_A_SinglePity,63
3926,System_A_SinglePity,58
3927,System_A_SinglePity,5
3928,System_A_SinglePity,23
3929,System_A_SinglePity,38
3930,System_A_SinglePity,80
3931,System_A_SinglePity,80
3932,System_A_SinglePity,48
3933,System_A_SinglePity,39
3934,System_A_SinglePity,13
3935,System_A_SinglePity,76
3936,System_A_SinglePity,19
3937,System_A_SinglePity,13
3938,System_A_SinglePity,16
3939,System_A_SinglePity,80
3940,System_A_SinglePity,28
3941,System_A_SinglePity,29
3942,System_A_SinglePity,26
3943,System_A_SinglePity,80
3944,System_A_SinglePity,73
3945,System_A_SinglePity,80
3946,System_A_SinglePity,80
3947,System_A_SinglePity,47
3948,System_A_SinglePity,24
3949,System_A_SinglePity,27
3950,System_A_SinglePity,40
3951,System_A_SinglePity,80
3952,System_A_SinglePity,15
3953,System_A_SinglePity,34
3954,System_A_SinglePity,31
3955,System_A_SinglePity,4
3956,System_A_SinglePity,78
3957,System_A_SinglePity,80
3958,System_A_SinglePity,80
3959,System_A_SinglePity,60
3960,System_A_SinglePity,80
3961,System_A_SinglePity,80
3962,System_A_SinglePity,73
3963,System_A_SinglePity,36
3964,System_A_SinglePity,8
3965,System_A_SinglePity,67
3966,System_A_SinglePity,4
3967,System_A_SinglePity,46
3968,System_A_SinglePity,23
3969,System_A_SinglePity,48
3970,System_A_SinglePity,1
3971,System_A_SinglePity,28
3972,System_A_SinglePity,18
3973,System_A_SinglePity,14
3974,System_A_SinglePity,80
3975,System_A_SinglePity,46
3976,System_A_SinglePity,44
3977,System_A_SinglePity,13
3978,System_A_SinglePity,80
3979,System_A_SinglePity,36
3980,System_A_SinglePity,32
3981,System_A_SinglePity,20
3982,System_A_SinglePity,2
3983,System_A_SinglePity,80
3984,System_A_SinglePity,80
3985,System_A_SinglePity,34
3986,System_A_SinglePity,80
3987,System_A_SinglePity,80
3988,System_A_SinglePity,48
3989,System_A_SinglePity,41
3990,System_A_SinglePity,80
3991,System_A_SinglePity,64
3992,System_A_SinglePity,4
3993,System_A_SinglePity,3
3994,System_A_SinglePity,80
3995,System_A_SinglePity,80
3996,System_A_SinglePity,59
3997,System_A_SinglePity,80
3998,System_A_SinglePity,57
3999,System_A_SinglePity,80
4000,System_A_SinglePity,23
4001,System_A_SinglePity,80
4002,System_A_SinglePity,65
4003,System_A_SinglePity,80
4004,System_A_SinglePity,15
4005,System_A_SinglePity,9
4006,System_A_SinglePity,4
4007,System_A_SinglePity,19
4008,System_A_SinglePity,5
4009,System_A_SinglePity,35
4010,System_A_SinglePity,54
4011,System_A_SinglePity,80
4012,System_A_SinglePity,31
4013,System_A_SinglePity,34
4014,System_A_SinglePity,2
4015,System_A_SinglePity,12
4016,System_A_SinglePity,80
4017,System_A_SinglePity,10
4018,System_A_SinglePity,74
4019,System_A_SinglePity,27
4020,System_A_SinglePity,20
4021,System_A_SinglePity,62
4022,System_A_SinglePity,68
4023,System_A_SinglePity,18
4024,System_A_SinglePity,23
4025,System_A_SinglePity,80
4026,System_A_SinglePity,7
4027,System_A_SinglePity,39
4028,System_A_SinglePity,80
4029,System_A_SinglePity,80
4030,System_A_SinglePity,39
4031,System_A_SinglePity,17
4032,System_A_SinglePity,80
4033,System_A_SinglePity,22
4034,System_A_SinglePity,60
4035,System_A_SinglePity,33
4036,System_A_SinglePity,80
4037,System_A_SinglePity,80
4038,System_A_SinglePity,23
4039,System_A_SinglePity,80
4040,System_A_SinglePity,80
4041,System_A_SinglePity,80
4042,System_A_SinglePity,80
4043,System_A_SinglePity,15
4044,System_A_SinglePity,7
4045,System_A_SinglePity,64
4046,System_A_SinglePity,49
4047,System_A_SinglePity,38
4048,System_A_SinglePity,35
4049,System_A_SinglePity,31
4050,System_A_SinglePity,38
4051,System_A_SinglePity,80
4052,System_A_SinglePity,48
4053,System_A_SinglePity,27
4054,System_A_SinglePity,4
4055,System_A_SinglePity,63
4056,System_A_SinglePity,77
4057,System_A_SinglePity,10
4058,System_A_SinglePity,49
4059,System_A_SinglePity,37
4060,System_A_SinglePity,80
4061,System_A_SinglePity,3
4062,System_A_SinglePity,80
4063,System_A_SinglePity,6
4064,System_A_SinglePity,80
4065,System_A_SinglePity,48
4066,System_A_SinglePity,80
4067,System_A_SinglePity,14
4068,System_A_SinglePity,17
4069,System_A_SinglePity,80
4070,System_A_SinglePity,28
4071,System_A_SinglePity,19
4072,System_A_SinglePity,52
4073,System_A_SinglePity,72
4074,System_A_SinglePity,23
4075,System_A_SinglePity,80
4076,System_A_SinglePity,20
4077,System_A_SinglePity,80
4078,System_A_SinglePity,43
4079,System_A_SinglePity,77
4080,System_A_SinglePity,54
4081,System_A_SinglePity,61
4082,System_A_SinglePity,6
4083,System_A_SinglePity,80
4084,System_A_SinglePity,20
4085,System_A_SinglePity,63
4086,System_A_SinglePity,80
4087,System_A_SinglePity,4
4088,System_A_SinglePity,47
4089,System_A_SinglePity,2
4090,System_A_SinglePity,80
4091,System_A_SinglePity,57
4092,System_A_SinglePity,14
4093,System_A_SinglePity,21
4094,System_A_SinglePity,80
4095,System_A_SinglePity,52
4096,System_A_SinglePity,15
4097,System_A_SinglePity,80
4098,System_A_SinglePity,80
4099,System_A_SinglePity,5
4100,System_A_SinglePity,33
4101,System_A_SinglePity,40
4102,System_A_SinglePity,7
4103,System_A_SinglePity,1
4104,System_A_SinglePity,18
4105,System_A_SinglePity,31
4106,System_A_SinglePity,80
4107,System_A_SinglePity,16
4108,System_A_SinglePity,28
4109,System_A_SinglePity,80
4110,System_A_SinglePity,10
4111,System_A_SinglePity,80
4112,System_A_SinglePity,48
4113,System_A_SinglePity,80
4114,System_A_SinglePity,65
4115,System_A_SinglePity,15
4116,System_A_SinglePity,80
4117,System_A_SinglePity,49
4118,System_A_SinglePity,80
4119,System_A_SinglePity,26
4120,System_A_SinglePity,80
4121,System_A_SinglePity,80
4122,System_A_SinglePity,37
4123,System_A_SinglePity,76
4124,System_A_SinglePity,12
4125,System_A_SinglePity,69
4126,System_A_SinglePity,7
4127,System_A_SinglePity,60
4128,System_A_SinglePity,45
4129,System_A_SinglePity,55
4130,System_A_SinglePity,4
4131,System_A_SinglePity,80
4132,System_A_SinglePity,44
4133,System_A_SinglePity,80
4134,System_A_SinglePity,25
4135,System_A_SinglePity,44
4136,System_A_SinglePity,77
4137,System_A_SinglePity,17
4138,System_A_SinglePity,80
4139,System_A_SinglePity,80
4140,System_A_SinglePity,80
4141,System_A_SinglePity,14
4142,System_A_SinglePity,80
4143,System_A_SinglePity,77
4144,System_A_SinglePity,22
4145,System_A_SinglePity,76
4146,System_A_SinglePity,80
4147,System_A_SinglePity,47
4148,System_A_SinglePity,80
4149,System_A_SinglePity,1
4150,System_A_SinglePity,34
4151,System_A_SinglePity,80
4152,System_A_SinglePity,57
4153,System_A_SinglePity,80
4154,System_A_SinglePity,48
4155,System_A_SinglePity,79
4156,System_A_SinglePity,80
4157,System_A_SinglePity,80
4158,System_A_SinglePity,33
4159,System_A_SinglePity,29
4160,System_A_SinglePity,80
4161,System_A_SinglePity,80
4162,System_A_SinglePity,16
4163,System_A_SinglePity,80
4164,System_A_SinglePity,63
4165,System_A_SinglePity,80
4166,System_A_SinglePity,10
4167,System_A_SinglePity,80
4168,System_A_SinglePity,80
4169,System_A_SinglePity,59
4170,System_A_SinglePity,80
4171,System_A_SinglePity,80
4172,System_A_SinglePity,66
4173,System_A_SinglePity,28
4174,System_A_SinglePity,43
4175,System_A_SinglePity,68
4176,System_A_SinglePity,45
4177,System_A_SinglePity,64
4178,System_A_SinglePity,62
4179,System_A_SinglePity,21
4180,System_A_SinglePity,12
4181,System_A_SinglePity,46
4182,System_A_SinglePity,80
4183,System_A_SinglePity,14
4184,System_A_SinglePity,80
4185,System_A_SinglePity,80
4186,System_A_SinglePity,13
4187,System_A_SinglePity,80
4188,System_A_SinglePity,41
4189,System_A_SinglePity,75
4190,System_A_SinglePity,74
4191,System_A_SinglePity,48
4192,System_A_SinglePity,80
4193,System_A_SinglePity,18
4194,System_A_SinglePity,10
4195,System_A_SinglePity,80
4196,System_A_SinglePity,31
4197,System_A_SinglePity,31
4198,System_A_SinglePity,16
4199,System_A_SinglePity,54
4200,System_A_SinglePity,80
4201,System_A_SinglePity,25
4202,System_A_SinglePity,20
4203,System_A_SinglePity,80
4204,System_A_SinglePity,80
4205,System_A_SinglePity,8
4206,System_A_SinglePity,33
4207,System_A_SinglePity,80
4208,System_A_SinglePity,34
4209,System_A_SinglePity,80
4210,System_A_SinglePity,35
4211,System_A_SinglePity,80
4212,System_A_SinglePity,80
4213,System_A_SinglePity,3
4214,System_A_SinglePity,19
4215,System_A_SinglePity,52
4216,System_A_SinglePity,3
4217,System_A_SinglePity,73
4218,System_A_SinglePity,80
4219,System_A_SinglePity,9
4220,System_A_SinglePity,31
4221,System_A_SinglePity,80
4222,System_A_SinglePity,80
4223,System_A_SinglePity,80
4224,System_A_SinglePity,33
4225,System_A_SinglePity,13
4226,System_A_SinglePity,79
4227,System_A_SinglePity,80
4228,System_A_SinglePity,39
4229,System_A_SinglePity,80
4230,System_A_SinglePity,80
4231,System_A_SinglePity,4
4232,System_A_SinglePity,64
4233,System_A_SinglePity,80
4234,System_A_SinglePity,28
4235,System_A_SinglePity,12
4236,System_A_SinglePity,80
4237,System_A_SinglePity,66
4238,System_A_SinglePity,80
4239,System_A_SinglePity,27
4240,System_A_SinglePity,73
4241,System_A_SinglePity,66
4242,System_A_SinglePity,60
4243,System_A_SinglePity,80
4244,System_A_SinglePity,80
4245,System_A_SinglePity,2
4246,System_A_SinglePity,62
4247,System_A_SinglePity,60
4248,System_A_SinglePity,41
4249,System_A_SinglePity,42
4250,System_A_SinglePity,13
4251,System_A_SinglePity,26
4252,System_A_SinglePity,16
4253,System_A_SinglePity,69
4254,System_A_SinglePity,80
4255,System_A_SinglePity,80
4256,System_A_SinglePity,38
4257,System_A_SinglePity,80
4258,System_A_SinglePity,80
4259,System_A_SinglePity,10
4260,System_A_SinglePity,1
4261,System_A_SinglePity,24
4262,System_A_SinglePity,63
4263,System_A_SinglePity,7
4264,System_A_SinglePity,74
4265,System_A_SinglePity,80
4266,System_A_SinglePity,8
4267,System_A_SinglePity,80
4268,System_A_SinglePity,21
4269,System_A_SinglePity,30
4270,System_A_SinglePity,72
4271,System_A_SinglePity,35
4272,System_A_SinglePity,33
4273,System_A_SinglePity,12
4274,System_A_SinglePity,80
4275,System_A_SinglePity,2
4276,System_A_SinglePity,29
4277,System_A_SinglePity,7
4278,System_A_SinglePity,52
4279,System_A_SinglePity,2
4280,System_A_SinglePity,11
4281,System_A_SinglePity,26
4282,System_A_SinglePity,26
4283,System_A_SinglePity,18
4284,System_A_SinglePity,70
4285,System_A_SinglePity,25
4286,System_A_SinglePity,68
4287,System_A_SinglePity,80
4288,System_A_SinglePity,80
4289,System_A_SinglePity,80
4290,System_A_SinglePity,53
4291,System_A_SinglePity,16
4292,System_A_SinglePity,39
4293,System_A_SinglePity,37
4294,System_A_SinglePity,20
4295,System_A_SinglePity,80
4296,System_A_SinglePity,80
4297,System_A_SinglePity,54
4298,System_A_SinglePity,27
4299,System_A_SinglePity,80
4300,System_A_SinglePity,52
4301,System_A_SinglePity,4
4302,System_A_SinglePity,79
4303,System_A_SinglePity,17
4304,System_A_SinglePity,69
4305,System_A_SinglePity,11
4306,System_A_SinglePity,8
4307,System_A_SinglePity,1
4308,System_A_SinglePity,30
4309,System_A_SinglePity,9
4310,System_A_SinglePity,77
4311,System_A_SinglePity,3
4312,System_A_SinglePity,3
4313,System_A_SinglePity,35
4314,System_A_SinglePity,48
4315,System_A_SinglePity,80
4316,System_A_SinglePity,80
4317,System_A_SinglePity,80
4318,System_A_SinglePity,80
4319,System_A_SinglePity,80
4320,System_A_SinglePity,80
4321,System_A_SinglePity,80
4322,System_A_SinglePity,56
4323,System_A_SinglePity,21
4324,System_A_SinglePity,80
4325,System_A_SinglePity,3
4326,System_A_SinglePity,3
4327,System_A_SinglePity,36
4328,System_A_SinglePity,37
4329,System_A_SinglePity,80
4330,System_A_SinglePity,27
4331,System_A_SinglePity,80
4332,System_A_SinglePity,5
4333,System_A_SinglePity,37
4334,System_A_SinglePity,7
4335,System_A_SinglePity,56
4336,System_A_SinglePity,41
4337,System_A_SinglePity,7
4338,System_A_SinglePity,80
4339,System_A_SinglePity,80
4340,System_A_SinglePity,5
4341,System_A_SinglePity,1
4342,System_A_SinglePity,9
4343,System_A_SinglePity,72
4344,System_A_SinglePity,80
4345,System_A_SinglePity,12
4346,System_A_SinglePity,5
4347,System_A_SinglePity,41
4348,System_A_SinglePity,12
4349,System_A_SinglePity,17
4350,System_A_SinglePity,51
4351,System_A_SinglePity,13
4352,System_A_SinglePity,37
4353,System_A_SinglePity,53
4354,System_A_SinglePity,1
4355,System_A_SinglePity,8
4356,System_A_SinglePity,67
4357,System_A_SinglePity,80
4358,System_A_SinglePity,29
4359,System_A_SinglePity,68
4360,System_A_SinglePity,19
4361,System_A_SinglePity,45
4362,System_A_SinglePity,27
4363,System_A_SinglePity,80
4364,System_A_SinglePity,80
4365,System_A_SinglePity,43
4366,System_A_SinglePity,46
4367,System_A_SinglePity,38
4368,System_A_SinglePity,9
4369,System_A_SinglePity,13
4370,System_A_SinglePity,44
4371,System_A_SinglePity,46
4372,System_A_SinglePity,49
4373,System_A_SinglePity,80
4374,System_A_SinglePity,80
4375,System_A_SinglePity,51
4376,System_A_SinglePity,15
4377,System_A_SinglePity,18
4378,System_A_SinglePity,49
4379,System_A_SinglePity,80
4380,System_A_SinglePity,13
4381,System_A_SinglePity,80
4382,System_A_SinglePity,7
4383,System_A_SinglePity,80
4384,System_A_SinglePity,65
4385,System_A_SinglePity,60
4386,System_A_SinglePity,69
4387,System_A_SinglePity,15
4388,System_A_SinglePity,68
4389,System_A_SinglePity,23
4390,System_A_SinglePity,80
4391,System_A_SinglePity,31
4392,System_A_SinglePity,80
4393,System_A_SinglePity,8
4394,System_A_SinglePity,15
4395,System_A_SinglePity,80
4396,System_A_SinglePity,49
4397,System_A_SinglePity,8
4398,System_A_SinglePity,3
4399,System_A_SinglePity,59
4400,System_A_SinglePity,37
4401,System_A_SinglePity,1
4402,System_A_SinglePity,6
4403,System_A_SinglePity,6
4404,System_A_SinglePity,24
4405,System_A_SinglePity,59
4406,System_A_SinglePity,1
4407,System_A_SinglePity,76
4408,System_A_SinglePity,80
4409,System_A_SinglePity,80
4410,System_A_SinglePity,80
4411,System_A_SinglePity,80
4412,System_A_SinglePity,6
4413,System_A_SinglePity,2
4414,System_A_SinglePity,31
4415,System_A_SinglePity,11
4416,System_A_SinglePity,34
4417,System_A_SinglePity,44
4418,System_A_SinglePity,60
4419,System_A_SinglePity,13
4420,System_A_SinglePity,48
4421,System_A_SinglePity,4
4422,System_A_SinglePity,80
4423,System_A_SinglePity,5
4424,System_A_SinglePity,67
4425,System_A_SinglePity,44
4426,System_A_SinglePity,80
4427,System_A_SinglePity,80
4428,System_A_SinglePity,64
4429,System_A_SinglePity,4
4430,System_A_SinglePity,2
4431,System_A_SinglePity,14
4432,System_A_SinglePity,49
4433,System_A_SinglePity,22
4434,System_A_SinglePity,3
4435,System_A_SinglePity,80
4436,System_A_SinglePity,16
4437,System_A_SinglePity,35
4438,System_A_SinglePity,2
4439,System_A_SinglePity,80
4440,System_A_SinglePity,15
4441,System_A_SinglePity,74
4442,System_A_SinglePity,13
4443,System_A_SinglePity,80
4444,System_A_SinglePity,80
4445,System_A_SinglePity,2
4446,System_A_SinglePity,80
4447,System_A_SinglePity,80
4448,System_A_SinglePity,65
4449,System_A_SinglePity,40
4450,System_A_SinglePity,80
4451,System_A_SinglePity,1
4452,System_A_SinglePity,71
4453,System_A_SinglePity,24
4454,System_A_SinglePity,2
4455,System_A_SinglePity,80
4456,System_A_SinglePity,24
4457,System_A_SinglePity,7
4458,System_A_SinglePity,6
4459,System_A_SinglePity,45
4460,System_A_SinglePity,25
4461,System_A_SinglePity,33
4462,System_A_SinglePity,26
4463,System_A_SinglePity,20
4464,System_A_SinglePity,11
4465,System_A_SinglePity,80
4466,System_A_SinglePity,68
4467,System_A_SinglePity,80
4468,System_A_SinglePity,10
4469,System_A_SinglePity,59
4470,System_A_SinglePity,36
4471,System_A_SinglePity,80
4472,System_A_SinglePity,18
4473,System_A_SinglePity,58
4474,System_A_SinglePity,20
4475,System_A_SinglePity,80
4476,System_A_SinglePity,16
4477,System_A_SinglePity,58
4478,System_A_SinglePity,5
4479,System_A_SinglePity,55
4480,System_A_SinglePity,73
4481,System_A_SinglePity,9
4482,System_A_SinglePity,19
4483,System_A_SinglePity,80
4484,System_A_SinglePity,74
4485,System_A_SinglePity,32
4486,System_A_SinglePity,29
4487,System_A_SinglePity,8
4488,System_A_SinglePity,42
4489,System_A_SinglePity,74
4490,System_A_SinglePity,80
4491,System_A_SinglePity,42
4492,System_A_SinglePity,13
4493,System_A_SinglePity,2
4494,System_A_SinglePity,59
4495,System_A_SinglePity,72
4496,System_A_SinglePity,51
4497,System_A_SinglePity,80
4498,System_A_SinglePity,80
4499,System_A_SinglePity,1
4500,System_A_SinglePity,36
4501,System_A_SinglePity,80
4502,System_A_SinglePity,61
4503,System_A_SinglePity,80
4504,System_A_SinglePity,61
4505,System_A_SinglePity,80
4506,System_A_SinglePity,80
4507,System_A_SinglePity,80
4508,System_A_SinglePity,80
4509,System_A_SinglePity,5
4510,System_A_SinglePity,80
4511,System_A_SinglePity,30
4512,System_A_SinglePity,37
4513,System_A_SinglePity,59
4514,System_A_SinglePity,14
4515,System_A_SinglePity,80
4516,System_A_SinglePity,32
4517,System_A_SinglePity,4
4518,System_A_SinglePity,53
4519,System_A_SinglePity,51
4520,System_A_SinglePity,39
4521,System_A_SinglePity,29
4522,System_A_SinglePity,80
4523,System_A_SinglePity,27
4524,System_A_SinglePity,19
4525,System_A_SinglePity,80
4526,System_A_SinglePity,80
4527,System_A_SinglePity,5
4528,System_A_SinglePity,25
4529,System_A_SinglePity,72
4530,System_A_SinglePity,44
4531,System_A_SinglePity,3
4532,System_A_SinglePity,71
4533,System_A_SinglePity,20
4534,System_A_SinglePity,2
4535,System_A_SinglePity,31
4536,System_A_SinglePity,77
4537,System_A_SinglePity,75
4538,System_A_SinglePity,80
4539,System_A_SinglePity,80
4540,System_A_SinglePity,30
4541,System_A_SinglePity,49
4542,System_A_SinglePity,6
4543,System_A_SinglePity,80
4544,System_A_SinglePity,80
4545,System_A_SinglePity,10
4546,System_A_SinglePity,32
4547,System_A_SinglePity,9
4548,System_A_SinglePity,15
4549,System_A_SinglePity,2
4550,System_A_SinglePity,80
4551,System_A_SinglePity,80
4552,System_A_SinglePity,11
4553,System_A_SinglePity,7
4554,System_A_SinglePity,5
4555,System_A_SinglePity,63
4556,System_A_SinglePity,20
4557,System_A_SinglePity,2
4558,System_A_SinglePity,2
4559,System_A_SinglePity,42
4560,System_A_SinglePity,80
4561,System_A_SinglePity,45
4562,System_A_SinglePity,39
4563,System_A_SinglePity,22
4564,System_A_SinglePity,53
4565,System_A_SinglePity,80
4566,System_A_SinglePity,10
4567,System_A_SinglePity,58
4568,System_A_SinglePity,4
4569,System_A_SinglePity,80
4570,System_A_SinglePity,2
4571,System_A_SinglePity,15
4572,System_A_SinglePity,22
4573,System_A_SinglePity,62
4574,System_A_SinglePity,34
4575,System_A_SinglePity,80
4576,System_A_SinglePity,30
4577,System_A_SinglePity,37
4578,System_A_SinglePity,42
4579,System_A_SinglePity,22
4580,System_A_SinglePity,80
4581,System_A_SinglePity,80
4582,System_A_SinglePity,60
4583,System_A_SinglePity,19
4584,System_A_SinglePity,10
4585,System_A_SinglePity,80
4586,System_A_SinglePity,4
4587,System_A_SinglePity,31
4588,System_A_SinglePity,30
4589,System_A_SinglePity,80
4590,System_A_SinglePity,80
4591,System_A_SinglePity,41
4592,System_A_SinglePity,17
4593,System_A_SinglePity,7
4594,System_A_SinglePity,39
4595,System_A_SinglePity,10
4596,System_A_SinglePity,58
4597,System_A_SinglePity,80
4598,System_A_SinglePity,23
4599,System_A_SinglePity,51
4600,System_A_SinglePity,60
4601,System_A_SinglePity,80
4602,System_A_SinglePity,12
4603,System_A_SinglePity,48
4604,System_A_SinglePity,46
4605,System_A_SinglePity,33
4606,System_A_SinglePity,80
4607,System_A_SinglePity,80
4608,System_A_SinglePity,80
4609,System_A_SinglePity,80
4610,System_A_SinglePity,80
4611,System_A_SinglePity,56
4612,System_A_SinglePity,16
4613,System_A_SinglePity,75
4614,System_A_SinglePity,80
4615,System_A_SinglePity,80
4616,System_A_SinglePity,80
4617,System_A_SinglePity,60
4618,System_A_SinglePity,56
4619,System_A_SinglePity,26
4620,System_A_SinglePity,59
4621,System_A_SinglePity,80
4622,System_A_SinglePity,44
4623,System_A_SinglePity,34
4624,System_A_SinglePity,80
4625,System_A_SinglePity,21
4626,System_A_SinglePity,5
4627,System_A_SinglePity,80
4628,System_A_SinglePity,62
4629,System_A_SinglePity,80
4630,System_A_SinglePity,80
4631,System_A_SinglePity,80
4632,System_A_SinglePity,80
4633,System_A_SinglePity,9
4634,System_A_SinglePity,57
4635,System_A_SinglePity,80
4636,System_A_SinglePity,45
4637,System_A_SinglePity,24
4638,System_A_SinglePity,29
4639,System_A_SinglePity,80
4640,System_A_SinglePity,80
4641,System_A_SinglePity,66
4642,System_A_SinglePity,24
4643,System_A_SinglePity,42
4644,System_A_SinglePity,32
4645,System_A_SinglePity,14
4646,System_A_SinglePity,42
4647,System_A_SinglePity,60
4648,System_A_SinglePity,30
4649,System_A_SinglePity,74
4650,System_A_SinglePity,80
4651,System_A_SinglePity,11
4652,System_A_SinglePity,2
4653,System_A_SinglePity,80
4654,System_A_SinglePity,80
4655,System_A_SinglePity,46
4656,System_A_SinglePity,80
4657,System_A_SinglePity,4
4658,System_A_SinglePity,26
4659,System_A_SinglePity,80
4660,System_A_SinglePity,11
4661,System_A_SinglePity,60
4662,System_A_SinglePity,38
4663,System_A_SinglePity,80
4664,System_A_SinglePity,80
4665,System_A_SinglePity,80
4666,System_A_SinglePity,80
4667,System_A_SinglePity,50
4668,System_A_SinglePity,40
4669,System_A_SinglePity,80
4670,System_A_SinglePity,80
4671,System_A_SinglePity,12
4672,System_A_SinglePity,80
4673,System_A_SinglePity,80
4674,System_A_SinglePity,29
4675,System_A_SinglePity,20
4676,System_A_SinglePity,3
4677,System_A_SinglePity,72
4678,System_A_SinglePity,9
4679,System_A_SinglePity,6
4680,System_A_SinglePity,32
4681,System_A_SinglePity,2
4682,System_A_SinglePity,80
4683,System_A_SinglePity,2
4684,System_A_SinglePity,80
4685,System_A_SinglePity,18
4686,System_A_SinglePity,33
4687,System_A_SinglePity,4
4688,System_A_SinglePity,20
4689,System_A_SinglePity,41
4690,System_A_SinglePity,32
4691,System_A_SinglePity,38
4692,System_A_SinglePity,6
4693,System_A_SinglePity,43
4694,System_A_SinglePity,59
4695,System_A_SinglePity,48
4696,System_A_SinglePity,53
4697,System_A_SinglePity,1
4698,System_A_SinglePity,61
4699,System_A_SinglePity,80
4700,System_A_SinglePity,12
4701,System_A_SinglePity,80
4702,System_A_SinglePity,12
4703,System_A_SinglePity,80
4704,System_A_SinglePity,76
4705,System_A_SinglePity,15
4706,System_A_SinglePity,4
4707,System_A_SinglePity,80
4708,System_A_SinglePity,16
4709,System_A_SinglePity,80
4710,System_A_SinglePity,45
4711,System_A_SinglePity,80
4712,System_A_SinglePity,18
4713,System_A_SinglePity,80
4714,System_A_SinglePity,39
4715,System_A_SinglePity,16
4716,System_A_SinglePity,80
4717,System_A_SinglePity,18
4718,System_A_SinglePity,15
4719,System_A_SinglePity,65
4720,System_A_SinglePity,45
4721,System_A_SinglePity,80
4722,System_A_SinglePity,4
4723,System_A_SinglePity,1
4724,System_A_SinglePity,20
4725,System_A_SinglePity,80
4726,System_A_SinglePity,37
4727,System_A_SinglePity,80
4728,System_A_SinglePity,80
4729,System_A_SinglePity,80
4730,System_A_SinglePity,80
4731,System_A_SinglePity,65
4732,System_A_SinglePity,80
4733,System_A_SinglePity,8
4734,System_A_SinglePity,5
4735,System_A_SinglePity,46
4736,System_A_SinglePity,59
4737,System_A_SinglePity,25
4738,System_A_SinglePity,51
4739,System_A_SinglePity,63
4740,System_A_SinglePity,29
4741,System_A_SinglePity,78
4742,System_A_SinglePity,46
4743,System_A_SinglePity,2
4744,System_A_SinglePity,76
4745,System_A_SinglePity,80
4746,System_A_SinglePity,80
4747,System_A_SinglePity,73
4748,System_A_SinglePity,80
4749,System_A_SinglePity,58
4750,System_A_SinglePity,47
4751,System_A_SinglePity,7
4752,System_A_SinglePity,80
4753,System_A_SinglePity,2
4754,System_A_SinglePity,80
4755,System_A_SinglePity,6
4756,System_A_SinglePity,39
4757,System_A_SinglePity,55
4758,System_A_SinglePity,74
4759,System_A_SinglePity,80
4760,System_A_SinglePity,66
4761,System_A_SinglePity,5
4762,System_A_SinglePity,40
4763,System_A_SinglePity,80
4764,System_A_SinglePity,80
4765,System_A_SinglePity,11
4766,System_A_SinglePity,13
4767,System_A_SinglePity,40
4768,System_A_SinglePity,40
4769,System_A_SinglePity,36
4770,System_A_SinglePity,33
4771,System_A_SinglePity,61
4772,System_A_SinglePity,27
4773,System_A_SinglePity,14
4774,System_A_SinglePity,80
4775,System_A_SinglePity,8
4776,System_A_SinglePity,80
4777,System_A_SinglePity,19
4778,System_A_SinglePity,6
4779,System_A_SinglePity,39
4780,System_A_SinglePity,80
4781,System_A_SinglePity,77
4782,System_A_SinglePity,33
4783,System_A_SinglePity,80
4784,System_A_SinglePity,6
4785,System_A_SinglePity,80
4786,System_A_SinglePity,10
4787,System_A_SinglePity,80
4788,System_A_SinglePity,80
4789,System_A_SinglePity,80
4790,System_A_SinglePity,21
4791,System_A_SinglePity,80
4792,System_A_SinglePity,80
4793,System_A_SinglePity,46
4794,System_A_SinglePity,33
4795,System_A_SinglePity,78
4796,System_A_SinglePity,80
4797,System_A_SinglePity,49
4798,System_A_SinglePity,35
4799,System_A_SinglePity,80
4800,System_A_SinglePity,24
4801,System_A_SinglePity,29
4802,System_A_SinglePity,27
4803,System_A_SinglePity,80
4804,System_A_SinglePity,5
4805,System_A_SinglePity,4
4806,System_A_SinglePity,31
4807,System_A_SinglePity,22
4808,System_A_SinglePity,15
4809,System_A_SinglePity,30
4810,System_A_SinglePity,80
4811,System_A_SinglePity,33
4812,System_A_SinglePity,73
4813,System_A_SinglePity,75
4814,System_A_SinglePity,12
4815,System_A_SinglePity,80
4816,System_A_SinglePity,74
4817,System_A_SinglePity,7
4818,System_A_SinglePity,80
4819,System_A_SinglePity,80
4820,System_A_SinglePity,20
4821,System_A_SinglePity,61
4822,System_A_SinglePity,27
4823,System_A_SinglePity,80
4824,System_A_SinglePity,15
4825,System_A_SinglePity,1
4826,System_A_SinglePity,80
4827,System_A_SinglePity,80
4828,System_A_SinglePity,80
4829,System_A_SinglePity,43
4830,System_A_SinglePity,32
4831,System_A_SinglePity,24
4832,System_A_SinglePity,51
4833,System_A_SinglePity,40
4834,System_A_SinglePity,80
4835,System_A_SinglePity,6
4836,System_A_SinglePity,80
4837,System_A_SinglePity,7
4838,System_A_SinglePity,80
4839,System_A_SinglePity,45
4840,System_A_SinglePity,74
4841,System_A_SinglePity,15
4842,System_A_SinglePity,22
4843,System_A_SinglePity,80
4844,System_A_SinglePity,49
4845,System_A_SinglePity,7
4846,System_A_SinglePity,80
4847,System_A_SinglePity,26
4848,System_A_SinglePity,80
4849,System_A_SinglePity,11
4850,System_A_SinglePity,25
4851,System_A_SinglePity,80
4852,System_A_SinglePity,80
4853,System_A_SinglePity,7
4854,System_A_SinglePity,1
4855,System_A_SinglePity,27
4856,System_A_SinglePity,80
4857,System_A_SinglePity,24
4858,System_A_SinglePity,73
4859,System_A_SinglePity,63
4860,System_A_SinglePity,80
4861,System_A_SinglePity,12
4862,System_A_SinglePity,1
4863,System_A_SinglePity,4
4864,System_A_SinglePity,80
4865,System_A_SinglePity,80
4866,System_A_SinglePity,41
4867,System_A_SinglePity,17
4868,System_A_SinglePity,56
4869,System_A_SinglePity,16
4870,System_A_SinglePity,59
4871,System_A_SinglePity,7
4872,System_A_SinglePity,80
4873,System_A_SinglePity,80
4874,System_A_SinglePity,80
4875,System_A_SinglePity,80
4876,System_A_SinglePity,41
4877,System_A_SinglePity,80
4878,System_A_SinglePity,80
4879,System_A_SinglePity,80
4880,System_A_SinglePity,73
4881,System_A_SinglePity,80
4882,System_A_SinglePity,72
4883,System_A_SinglePity,7
4884,System_A_SinglePity,47
4885,System_A_SinglePity,80
4886,System_A_SinglePity,43
4887,System_A_SinglePity,27
4888,System_A_SinglePity,18
4889,System_A_SinglePity,53
4890,System_A_SinglePity,46
4891,System_A_SinglePity,10
4892,System_A_SinglePity,17
4893,System_A_SinglePity,18
4894,System_A_SinglePity,80
4895,System_A_SinglePity,5
4896,System_A_SinglePity,1
4897,System_A_SinglePity,80
4898,System_A_SinglePity,9
4899,System_A_SinglePity,51
4900,System_A_SinglePity,75
4901,System_A_SinglePity,75
4902,System_A_SinglePity,80
4903,System_A_SinglePity,80
4904,System_A_SinglePity,78
4905,System_A_SinglePity,80
4906,System_A_SinglePity,80
4907,System_A_SinglePity,59
4908,System_A_SinglePity,1
4909,System_A_SinglePity,71
4910,System_A_SinglePity,72
4911,System_A_SinglePity,80
4912,System_A_SinglePity,4
4913,System_A_SinglePity,16
4914,System_A_SinglePity,42
4915,System_A_SinglePity,11
4916,System_A_SinglePity,80
4917,System_A_SinglePity,19
4918,System_A_SinglePity,2
4919,System_A_SinglePity,17
4920,System_A_SinglePity,80
4921,System_A_SinglePity,59
4922,System_A_SinglePity,80
4923,System_A_SinglePity,80
4924,System_A_SinglePity,3
4925,System_A_SinglePity,37
4926,System_A_SinglePity,52
4927,System_A_SinglePity,80
4928,System_A_SinglePity,80
4929,System_A_SinglePity,38
4930,System_A_SinglePity,80
4931,System_A_SinglePity,11
4932,System_A_SinglePity,80
4933,System_A_SinglePity,80
4934,System_A_SinglePity,22
4935,System_A_SinglePity,28
4936,System_A_SinglePity,56
4937,System_A_SinglePity,59
4938,System_A_SinglePity,6
4939,System_A_SinglePity,9
4940,System_A_SinglePity,2
4941,System_A_SinglePity,3
4942,System_A_SinglePity,5
4943,System_A_SinglePity,80
4944,System_A_SinglePity,80
4945,System_A_SinglePity,2
4946,System_A_SinglePity,29
4947,System_A_SinglePity,80
4948,System_A_SinglePity,65
4949,System_A_SinglePity,80
4950,System_A_SinglePity,16
4951,System_A_SinglePity,60
4952,System_A_SinglePity,35
4953,System_A_SinglePity,73
4954,System_A_SinglePity,49
4955,System_A_SinglePity,80
4956,System_A_SinglePity,14
4957,System_A_SinglePity,62
4958,System_A_SinglePity,51
4959,System_A_SinglePity,28
4960,System_A_SinglePity,37
4961,System_A_SinglePity,49
4962,System_A_SinglePity,80
4963,System_A_SinglePity,80
4964,System_A_SinglePity,33
4965,System_A_SinglePity,65
4966,System_A_SinglePity,10
4967,System_A_SinglePity,80
4968,System_A_SinglePity,80
4969,System_A_SinglePity,70
4970,System_A_SinglePity,74
4971,System_A_SinglePity,80
4972,System_A_SinglePity,36
4973,System_A_SinglePity,9
4974,System_A_SinglePity,80
4975,System_A_SinglePity,80
4976,System_A_SinglePity,37
4977,System_A_SinglePity,80
4978,System_A_SinglePity,8
4979,System_A_SinglePity,26
4980,System_A_SinglePity,14
4981,System_A_SinglePity,80
4982,System_A_SinglePity,66
4983,System_A_SinglePity,47
4984,System_A_SinglePity,14
4985,System_A_SinglePity,38
4986,System_A_SinglePity,80
4987,System_A_SinglePity,80
4988,System_A_SinglePity,80
4989,System_A_SinglePity,80
4990,System_A_SinglePity,61
4991,System_A_SinglePity,9
4992,System_A_SinglePity,11
4993,System_A_SinglePity,80
4994,System_A_SinglePity,80
4995,System_A_SinglePity,20
4996,System_A_SinglePity,29
4997,System_A_SinglePity,10
4998,System_A_SinglePity,23
4999,System_A_SinglePity,56
5000,System_A_SinglePity,29
5001,System_A_SinglePity,23
5002,System_A_SinglePity,32
5003,System_A_SinglePity,80
5004,System_A_SinglePity,28
5005,System_A_SinglePity,45
5006,System_A_SinglePity,2
5007,System_A_SinglePity,52
5008,System_A_SinglePity,16
5009,System_A_SinglePity,80
5010,System_A_SinglePity,23
5011,System_A_SinglePity,60
5012,System_A_SinglePity,80
5013,System_A_SinglePity,57
5014,System_A_SinglePity,68
5015,System_A_SinglePity,42
5016,System_A_SinglePity,45
5017,System_A_SinglePity,80
5018,System_A_SinglePity,12
5019,System_A_SinglePity,23
5020,System_A_SinglePity,2
5021,System_A_SinglePity,48
5022,System_A_SinglePity,56
5023,System_A_SinglePity,50
5024,System_A_SinglePity,24
5025,System_A_SinglePity,13
5026,System_A_SinglePity,31
5027,System_A_SinglePity,25
5028,System_A_SinglePity,23
5029,System_A_SinglePity,80
5030,System_A_SinglePity,60
5031,System_A_SinglePity,13
5032,System_A_SinglePity,71
5033,System_A_SinglePity,80
5034,System_A_SinglePity,33
5035,System_A_SinglePity,3
5036,System_A_SinglePity,49
5037,System_A_SinglePity,80
5038,System_A_SinglePity,80
5039,System_A_SinglePity,80
5040,System_A_SinglePity,35
5041,System_A_SinglePity,31
5042,System_A_SinglePity,19
5043,System_A_SinglePity,44
5044,System_A_SinglePity,30
5045,System_A_SinglePity,47
5046,System_A_SinglePity,26
5047,System_A_SinglePity,80
5048,System_A_SinglePity,80
5049,System_A_SinglePity,4
5050,System_A_SinglePity,25
5051,System_A_SinglePity,66
5052,System_A_SinglePity,80
5053,System_A_SinglePity,1
5054,System_A_SinglePity,21
5055,System_A_SinglePity,35
5056,System_A_SinglePity,30
5057,System_A_SinglePity,30
5058,System_A_SinglePity,6
5059,System_A_SinglePity,15
5060,System_A_SinglePity,80
5061,System_A_SinglePity,26
5062,System_A_SinglePity,44
5063,System_A_SinglePity,80
5064,System_A_SinglePity,80
5065,System_A_SinglePity,80
5066,System_A_SinglePity,80
5067,System_A_SinglePity,80
5068,System_A_SinglePity,80
5069,System_A_SinglePity,11
5070,System_A_SinglePity,3
5071,System_A_SinglePity,1
5072,System_A_SinglePity,80
5073,System_A_SinglePity,47
5074,System_A_SinglePity,9
5075,System_A_SinglePity,4
5076,System_A_SinglePity,74
5077,System_A_SinglePity,80
5078,System_A_SinglePity,65
5079,System_A_SinglePity,4
5080,System_A_SinglePity,1
5081,System_A_SinglePity,80
5082,System_A_SinglePity,80
5083,System_A_SinglePity,80
5084,System_A_SinglePity,10
5085,System_A_SinglePity,6
5086,System_A_SinglePity,23
5087,System_A_SinglePity,14
5088,System_A_SinglePity,24
5089,System_A_SinglePity,80
5090,System_A_SinglePity,1
5091,System_A_SinglePity,22
5092,System_A_SinglePity,80
5093,System_A_SinglePity,55
5094,System_A_SinglePity,80
5095,System_A_SinglePity,80
5096,System_A_SinglePity,57
5097,System_A_SinglePity,4
5098,System_A_SinglePity,80
5099,System_A_SinglePity,80
5100,System_A_SinglePity,58
5101,System_A_SinglePity,57
5102,System_A_SinglePity,5
5103,System_A_SinglePity,18
5104,System_A_SinglePity,64
5105,System_A_SinglePity,18
5106,System_A_SinglePity,11
5107,System_A_SinglePity,42
5108,System_A_SinglePity,9
5109,System_A_SinglePity,80
5110,System_A_SinglePity,41
5111,System_A_SinglePity,80
5112,System_A_SinglePity,2
5113,System_A_SinglePity,72
5114,System_A_SinglePity,25
5115,System_A_SinglePity,11
5116,System_A_SinglePity,80
5117,System_A_SinglePity,41
5118,System_A_SinglePity,32
5119,System_A_SinglePity,80
5120,System_A_SinglePity,13
5121,System_A_SinglePity,2
5122,System_A_SinglePity,15
5123,System_A_SinglePity,80
5124,System_A_SinglePity,24
5125,System_A_SinglePity,40
5126,System_A_SinglePity,80
5127,System_A_SinglePity,6
5128,System_A_SinglePity,49
5129,System_A_SinglePity,45
5130,System_A_SinglePity,43
5131,System_A_SinglePity,30
5132,System_A_SinglePity,28
5133,System_A_SinglePity,31
5134,System_A_SinglePity,13
5135,System_A_SinglePity,12
5136,System_A_SinglePity,80
5137,System_A_SinglePity,18
5138,System_A_SinglePity,73
5139,System_A_SinglePity,80
5140,System_A_SinglePity,4
5141,System_A_SinglePity,1
5142,System_A_SinglePity,37
5143,System_A_SinglePity,30
5144,System_A_SinglePity,28
5145,System_A_SinglePity,43
5146,System_A_SinglePity,14
5147,System_A_SinglePity,37
5148,System_A_SinglePity,25
5149,System_A_SinglePity,70
5150,System_A_SinglePity,80
5151,System_A_SinglePity,23
5152,System_A_SinglePity,31
5153,System_A_SinglePity,42
5154,System_A_SinglePity,66
5155,System_A_SinglePity,19
5156,System_A_SinglePity,30
5157,System_A_SinglePity,29
5158,System_A_SinglePity,50
5159,System_A_SinglePity,70
5160,System_A_SinglePity,60
5161,System_A_SinglePity,77
5162,System_A_SinglePity,32
5163,System_A_SinglePity,27
5164,System_A_SinglePity,80
5165,System_A_SinglePity,7
5166,System_A_SinglePity,34
5167,System_A_SinglePity,26
5168,System_A_SinglePity,2
5169,System_A_SinglePity,20
5170,System_A_SinglePity,5
5171,System_A_SinglePity,71
5172,System_A_SinglePity,67
5173,System_A_SinglePity,80
5174,System_A_SinglePity,45
5175,System_A_SinglePity,80
5176,System_A_SinglePity,80
5177,System_A_SinglePity,80
5178,System_A_SinglePity,62
5179,System_A_SinglePity,28
5180,System_A_SinglePity,80
5181,System_A_SinglePity,80
5182,System_A_SinglePity,5
5183,System_A_SinglePity,16
5184,System_A_SinglePity,13
5185,System_A_SinglePity,4
5186,System_A_SinglePity,23
5187,System_A_SinglePity,80
5188,System_A_SinglePity,80
5189,System_A_SinglePity,54
5190,System_A_SinglePity,12
5191,System_A_SinglePity,23
5192,System_A_SinglePity,61
5193,System_A_SinglePity,19
5194,System_A_SinglePity,23
5195,System_A_SinglePity,6
5196,System_A_SinglePity,11
5197,System_A_SinglePity,10
5198,System_A_SinglePity,3
5199,System_A_SinglePity,6
5200,System_A_SinglePity,33
5201,System_A_SinglePity,80
5202,System_A_SinglePity,16
5203,System_A_SinglePity,80
5204,System_A_SinglePity,80
5205,System_A_SinglePity,39
5206,System_A_SinglePity,80
5207,System_A_SinglePity,36
5208,System_A_SinglePity,80
5209,System_A_SinglePity,80
5210,System_A_SinglePity,34
5211,System_A_SinglePity,37
5212,System_A_SinglePity,35
5213,System_A_SinglePity,13
5214,System_A_SinglePity,56
5215,System_A_SinglePity,31
5216,System_A_SinglePity,51
5217,System_A_SinglePity,45
5218,System_A_SinglePity,30
5219,System_A_SinglePity,17
5220,System_A_SinglePity,23
5221,System_A_SinglePity,80
5222,System_A_SinglePity,61
5223,System_A_SinglePity,36
5224,System_A_SinglePity,79
5225,System_A_SinglePity,17
5226,System_A_SinglePity,15
5227,System_A_SinglePity,68
5228,System_A_SinglePity,45
5229,System_A_SinglePity,38
5230,System_A_SinglePity,80
5231,System_A_SinglePity,80
5232,System_A_SinglePity,60
5233,System_A_SinglePity,3
5234,System_A_SinglePity,43
5235,System_A_SinglePity,6
5236,System_A_SinglePity,14
5237,System_A_SinglePity,27
5238,System_A_SinglePity,80
5239,System_A_SinglePity,46
5240,System_A_SinglePity,23
5241,System_A_SinglePity,80
5242,System_A_SinglePity,80
5243,System_A_SinglePity,58
5244,System_A_SinglePity,22
5245,System_A_SinglePity,63
5246,System_A_SinglePity,76
5247,System_A_SinglePity,27
5248,System_A_SinglePity,11
5249,System_A_SinglePity,13
5250,System_A_SinglePity,80
5251,System_A_SinglePity,10
5252,System_A_SinglePity,8
5253,System_A_SinglePity,71
5254,System_A_SinglePity,80
5255,System_A_SinglePity,4
5256,System_A_SinglePity,46
5257,System_A_SinglePity,9
5258,System_A_SinglePity,47
5259,System_A_SinglePity,59
5260,System_A_SinglePity,6
5261,System_A_SinglePity,50
5262,System_A_SinglePity,9
5263,System_A_SinglePity,80
5264,System_A_SinglePity,7
5265,System_A_SinglePity,53
5266,System_A_SinglePity,1
5267,System_A_SinglePity,18
5268,System_A_SinglePity,61
5269,System_A_SinglePity,45
5270,System_A_SinglePity,80
5271,System_A_SinglePity,53
5272,System_A_SinglePity,52
5273,System_A_SinglePity,80
5274,System_A_SinglePity,11
5275,System_A_SinglePity,14
5276,System_A_SinglePity,80
5277,System_A_SinglePity,80
5278,System_A_SinglePity,12
5279,System_A_SinglePity,47
5280,System_A_SinglePity,80
5281,System_A_SinglePity,57
5282,System_A_SinglePity,22
5283,System_A_SinglePity,12
5284,System_A_SinglePity,80
5285,System_A_SinglePity,35
5286,System_A_SinglePity,18
5287,System_A_SinglePity,31
5288,System_A_SinglePity,38
5289,System_A_SinglePity,76
5290,System_A_SinglePity,67
5291,System_A_SinglePity,80
5292,System_A_SinglePity,80
5293,System_A_SinglePity,36
5294,System_A_SinglePity,47
5295,System_A_SinglePity,14
5296,System_A_SinglePity,80
5297,System_A_SinglePity,17
5298,System_A_SinglePity,65
5299,System_A_SinglePity,80
5300,System_A_SinglePity,6
5301,System_A_SinglePity,22
5302,System_A_SinglePity,34
5303,System_A_SinglePity,80
5304,System_A_SinglePity,80
5305,System_A_SinglePity,55
5306,System_A_SinglePity,34
5307,System_A_SinglePity,80
5308,System_A_SinglePity,42
5309,System_A_SinglePity,4
5310,System_A_SinglePity,19
5311,System_A_SinglePity,80
5312,System_A_SinglePity,50
5313,System_A_SinglePity,18
5314,System_A_SinglePity,19
5315,System_A_SinglePity,6
5316,System_A_SinglePity,80
5317,System_A_SinglePity,13
5318,System_A_SinglePity,40
5319,System_A_SinglePity,13
5320,System_A_SinglePity,30
5321,System_A_SinglePity,33
5322,System_A_SinglePity,19
5323,System_A_SinglePity,80
5324,System_A_SinglePity,68
5325,System_A_SinglePity,51
5326,System_A_SinglePity,74
5327,System_A_SinglePity,33
5328,System_A_SinglePity,80
5329,System_A_SinglePity,80
5330,System_A_SinglePity,60
5331,System_A_SinglePity,80
5332,System_A_SinglePity,80
5333,System_A_SinglePity,46
5334,System_A_SinglePity,47
5335,System_A_SinglePity,40
5336,System_A_SinglePity,80
5337,System_A_SinglePity,26
5338,System_A_SinglePity,80
5339,System_A_SinglePity,16
5340,System_A_SinglePity,6
5341,System_A_SinglePity,80
5342,System_A_SinglePity,43
5343,System_A_SinglePity,22
5344,System_A_SinglePity,19
5345,System_A_SinglePity,4
5346,System_A_SinglePity,36
5347,System_A_SinglePity,80
5348,System_A_SinglePity,26
5349,System_A_SinglePity,71
5350,System_A_SinglePity,38
5351,System_A_SinglePity,80
5352,System_A_SinglePity,3
5353,System_A_SinglePity,10
5354,System_A_SinglePity,80
5355,System_A_SinglePity,80
5356,System_A_SinglePity,17
5357,System_A_SinglePity,4
5358,System_A_SinglePity,80
5359,System_A_SinglePity,35
5360,System_A_SinglePity,59
5361,System_A_SinglePity,80
5362,System_A_SinglePity,16
5363,System_A_SinglePity,51
5364,System_A_SinglePity,3
5365,System_A_SinglePity,56
5366,System_A_SinglePity,80
5367,System_A_SinglePity,80
5368,System_A_SinglePity,80
5369,System_A_SinglePity,11
5370,System_A_SinglePity,75
5371,System_A_SinglePity,25
5372,System_A_SinglePity,80
5373,System_A_SinglePity,63
5374,System_A_SinglePity,24
5375,System_A_SinglePity,30
5376,System_A_SinglePity,36
5377,System_A_SinglePity,62
5378,System_A_SinglePity,16
5379,System_A_SinglePity,19
5380,System_A_SinglePity,17
5381,System_A_SinglePity,80
5382,System_A_SinglePity,80
5383,System_A_SinglePity,42
5384,System_A_SinglePity,62
5385,System_A_SinglePity,55
5386,System_A_SinglePity,29
5387,System_A_SinglePity,11
5388,System_A_SinglePity,80
5389,System_A_SinglePity,17
5390,System_A_SinglePity,80
5391,System_A_SinglePity,80
5392,System_A_SinglePity,41
5393,System_A_SinglePity,14
5394,System_A_SinglePity,10
5395,System_A_SinglePity,49
5396,System_A_SinglePity,40
5397,System_A_SinglePity,28
5398,System_A_SinglePity,24
5399,System_A_SinglePity,18
5400,System_A_SinglePity,40
5401,System_A_SinglePity,27
5402,System_A_SinglePity,80
5403,System_A_SinglePity,80
5404,System_A_SinglePity,80
5405,System_A_SinglePity,80
5406,System_A_SinglePity,40
5407,System_A_SinglePity,7
5408,System_A_SinglePity,68
5409,System_A_SinglePity,50
5410,System_A_SinglePity,52
5411,System_A_SinglePity,80
5412,System_A_SinglePity,20
5413,System_A_SinglePity,20
5414,System_A_SinglePity,6
5415,System_A_SinglePity,42
5416,System_A_SinglePity,16
5417,System_A_SinglePity,80
5418,System_A_SinglePity,2
5419,System_A_SinglePity,9
5420,System_A_SinglePity,80
5421,System_A_SinglePity,63
5422,System_A_SinglePity,9
5423,System_A_SinglePity,23
5424,System_A_SinglePity,17
5425,System_A_SinglePity,4
5426,System_A_SinglePity,63
5427,System_A_SinglePity,41
5428,System_A_SinglePity,80
5429,System_A_SinglePity,41
5430,System_A_SinglePity,24
5431,System_A_SinglePity,23
5432,System_A_SinglePity,80
5433,System_A_SinglePity,52
5434,System_A_SinglePity,46
5435,System_A_SinglePity,7
5436,System_A_SinglePity,80
5437,System_A_SinglePity,1
5438,System_A_SinglePity,51
5439,System_A_SinglePity,80
5440,System_A_SinglePity,80
5441,System_A_SinglePity,80
5442,System_A_SinglePity,44
5443,System_A_SinglePity,78
5444,System_A_SinglePity,5
5445,System_A_SinglePity,31
5446,System_A_SinglePity,80
5447,System_A_SinglePity,80
5448,System_A_SinglePity,80
5449,System_A_SinglePity,40
5450,System_A_SinglePity,29
5451,System_A_SinglePity,34
5452,System_A_SinglePity,55
5453,System_A_SinglePity,42
5454,System_A_SinglePity,80
5455,System_A_SinglePity,52
5456,System_A_SinglePity,80
5457,System_A_SinglePity,54
5458,System_A_SinglePity,17
5459,System_A_SinglePity,61
5460,System_A_SinglePity,80
5461,System_A_SinglePity,67
5462,System_A_SinglePity,80
5463,System_A_SinglePity,80
5464,System_A_SinglePity,80
5465,System_A_SinglePity,49
5466,System_A_SinglePity,80
5467,System_A_SinglePity,80
5468,System_A_SinglePity,27
5469,System_A_SinglePity,59
5470,System_A_SinglePity,80
5471,System_A_SinglePity,80
5472,System_A_SinglePity,15
5473,System_A_SinglePity,64
5474,System_A_SinglePity,5
5475,System_A_SinglePity,73
5476,System_A_SinglePity,78
5477,System_A_SinglePity,14
5478,System_A_SinglePity,80
5479,System_A_SinglePity,11
5480,System_A_SinglePity,1
5481,System_A_SinglePity,80
5482,System_A_SinglePity,13
5483,System_A_SinglePity,15
5484,System_A_SinglePity,80
5485,System_A_SinglePity,55
5486,System_A_SinglePity,6
5487,System_A_SinglePity,7
5488,System_A_SinglePity,80
5489,System_A_SinglePity,62
5490,System_A_SinglePity,80
5491,System_A_SinglePity,80
5492,System_A_SinglePity,19
5493,System_A_SinglePity,19
5494,System_A_SinglePity,80
5495,System_A_SinglePity,7
5496,System_A_SinglePity,19
5497,System_A_SinglePity,57
5498,System_A_SinglePity,61
5499,System_A_SinglePity,24
5500,System_A_SinglePity,24
5501,System_A_SinglePity,80
5502,System_A_SinglePity,80
5503,System_A_SinglePity,80
5504,System_A_SinglePity,45
5505,System_A_SinglePity,7
5506,System_A_SinglePity,64
5507,System_A_SinglePity,77
5508,System_A_SinglePity,80
5509,System_A_SinglePity,80
5510,System_A_SinglePity,57
5511,System_A_SinglePity,80
5512,System_A_SinglePity,57
5513,System_A_SinglePity,15
5514,System_A_SinglePity,4
5515,System_A_SinglePity,80
5516,System_A_SinglePity,48
5517,System_A_SinglePity,12
5518,System_A_SinglePity,15
5519,System_A_SinglePity,73
5520,System_A_SinglePity,43
5521,System_A_SinglePity,15
5522,System_A_SinglePity,9
5523,System_A_SinglePity,80
5524,System_A_SinglePity,80
5525,System_A_SinglePity,37
5526,System_A_SinglePity,7
5527,System_A_SinglePity,80
5528,System_A_SinglePity,9
5529,System_A_SinglePity,4
5530,System_A_SinglePity,38
5531,System_A_SinglePity,16
5532,System_A_SinglePity,80
5533,System_A_SinglePity,80
5534,System_A_SinglePity,80
5535,System_A_SinglePity,80
5536,System_A_SinglePity,13
5537,System_A_SinglePity,48
5538,System_A_SinglePity,61
5539,System_A_SinglePity,14
5540,System_A_SinglePity,23
5541,System_A_SinglePity,57
5542,System_A_SinglePity,58
5543,System_A_SinglePity,51
5544,System_A_SinglePity,21
5545,System_A_SinglePity,56
5546,System_A_SinglePity,23
5547,System_A_SinglePity,31
5548,System_A_SinglePity,27
5549,System_A_SinglePity,41
5550,System_A_SinglePity,80
5551,System_A_SinglePity,50
5552,System_A_SinglePity,52
5553,System_A_SinglePity,80
5554,System_A_SinglePity,11
5555,System_A_SinglePity,13
5556,System_A_SinglePity,62
5557,System_A_SinglePity,30
5558,System_A_SinglePity,40
5559,System_A_SinglePity,43
5560,System_A_SinglePity,50
5561,System_A_SinglePity,80
5562,System_A_SinglePity,36
5563,System_A_SinglePity,80
5564,System_A_SinglePity,3
5565,System_A_SinglePity,78
5566,System_A_SinglePity,80
5567,System_A_SinglePity,27
5568,System_A_SinglePity,25
5569,System_A_SinglePity,55
5570,System_A_SinglePity,80
5571,System_A_SinglePity,24
5572,System_A_SinglePity,33
5573,System_A_SinglePity,2
5574,System_A_SinglePity,17
5575,System_A_SinglePity,26
5576,System_A_SinglePity,80
5577,System_A_SinglePity,4
5578,System_A_SinglePity,1
5579,System_A_SinglePity,80
5580,System_A_SinglePity,29
5581,System_A_SinglePity,80
5582,System_A_SinglePity,75
5583,System_A_SinglePity,75
5584,System_A_SinglePity,66
5585,System_A_SinglePity,30
5586,System_A_SinglePity,28
5587,System_A_SinglePity,24
5588,System_A_SinglePity,44
5589,System_A_SinglePity,24
5590,System_A_SinglePity,80
5591,System_A_SinglePity,80
5592,System_A_SinglePity,23
5593,System_A_SinglePity,20
5594,System_A_SinglePity,15
5595,System_A_SinglePity,80
5596,System_A_SinglePity,80
5597,System_A_SinglePity,53
5598,System_A_SinglePity,34
5599,System_A_SinglePity,80
5600,System_A_SinglePity,57
5601,System_A_SinglePity,74
5602,System_A_SinglePity,80
5603,System_A_SinglePity,23
5604,System_A_SinglePity,10
5605,System_A_SinglePity,6
5606,System_A_SinglePity,9
5607,System_A_SinglePity,4
5608,System_A_SinglePity,5
5609,System_A_SinglePity,75
5610,System_A_SinglePity,27
5611,System_A_SinglePity,16
5612,System_A_SinglePity,5
5613,System_A_SinglePity,8
5614,System_A_SinglePity,29
5615,System_A_SinglePity,26
5616,System_A_SinglePity,18
5617,System_A_SinglePity,15
5618,System_A_SinglePity,73
5619,System_A_SinglePity,80
5620,System_A_SinglePity,80
5621,System_A_SinglePity,3
5622,System_A_SinglePity,21
5623,System_A_SinglePity,20
5624,System_A_SinglePity,33
5625,System_A_SinglePity,80
5626,System_A_SinglePity,5
5627,System_A_SinglePity,80
5628,System_A_SinglePity,57
5629,System_A_SinglePity,80
5630,System_A_SinglePity,19
5631,System_A_SinglePity,30
5632,System_A_SinglePity,2
5633,System_A_SinglePity,21
5634,System_A_SinglePity,5
5635,System_A_SinglePity,10
5636,System_A_SinglePity,19
5637,System_A_SinglePity,19
5638,System_A_SinglePity,37
5639,System_A_SinglePity,1
5640,System_A_SinglePity,22
5641,System_A_SinglePity,35
5642,System_A_SinglePity,7
5643,System_A_SinglePity,16
5644,System_A_SinglePity,27
5645,System_A_SinglePity,80
5646,System_A_SinglePity,1
5647,System_A_SinglePity,57
5648,System_A_SinglePity,68
5649,System_A_SinglePity,80
5650,System_A_SinglePity,50
5651,System_A_SinglePity,18
5652,System_A_SinglePity,80
5653,System_A_SinglePity,80
5654,System_A_SinglePity,49
5655,System_A_SinglePity,34
5656,System_A_SinglePity,43
5657,System_A_SinglePity,72
5658,System_A_SinglePity,80
5659,System_A_SinglePity,80
5660,System_A_SinglePity,20
5661,System_A_SinglePity,18
5662,System_A_SinglePity,17
5663,System_A_SinglePity,12
5664,System_A_SinglePity,12
5665,System_A_SinglePity,18
5666,System_A_SinglePity,60
5667,System_A_SinglePity,80
5668,System_A_SinglePity,24
5669,System_A_SinglePity,80
5670,System_A_SinglePity,35
5671,System_A_SinglePity,13
5672,System_A_SinglePity,80
5673,System_A_SinglePity,80
5674,System_A_SinglePity,5
5675,System_A_SinglePity,3
5676,System_A_SinglePity,80
5677,System_A_SinglePity,53
5678,System_A_SinglePity,80
5679,System_A_SinglePity,51
5680,System_A_SinglePity,80
5681,System_A_SinglePity,5
5682,System_A_SinglePity,48
5683,System_A_SinglePity,56
5684,System_A_SinglePity,31
5685,System_A_SinglePity,80
5686,System_A_SinglePity,24
5687,System_A_SinglePity,3
5688,System_A_SinglePity,80
5689,System_A_SinglePity,80
5690,System_A_SinglePity,80
5691,System_A_SinglePity,7
5692,System_A_SinglePity,80
5693,System_A_SinglePity,5
5694,System_A_SinglePity,17
5695,System_A_SinglePity,16
5696,System_A_SinglePity,23
5697,System_A_SinglePity,31
5698,System_A_SinglePity,80
5699,System_A_SinglePity,80
5700,System_A_SinglePity,39
5701,System_A_SinglePity,80
5702,System_A_SinglePity,35
5703,System_A_SinglePity,62
5704,System_A_SinglePity,26
5705,System_A_SinglePity,12
5706,System_A_SinglePity,53
5707,System_A_SinglePity,76
5708,System_A_SinglePity,25
5709,System_A_SinglePity,80
5710,System_A_SinglePity,26
5711,System_A_SinglePity,46
5712,System_A_SinglePity,39
5713,System_A_SinglePity,80
5714,System_A_SinglePity,80
5715,System_A_SinglePity,13
5716,System_A_SinglePity,35
5717,System_A_SinglePity,8
5718,System_A_SinglePity,4
5719,System_A_SinglePity,80
5720,System_A_SinglePity,53
5721,System_A_SinglePity,80
5722,System_A_SinglePity,37
5723,System_A_SinglePity,69
5724,System_A_SinglePity,10
5725,System_A_SinglePity,34
5726,System_A_SinglePity,80
5727,System_A_SinglePity,17
5728,System_A_SinglePity,23
5729,System_A_SinglePity,38
5730,System_A_SinglePity,80
5731,System_A_SinglePity,78
5732,System_A_SinglePity,13
5733,System_A_SinglePity,8
5734,System_A_SinglePity,41
5735,System_A_SinglePity,39
5736,System_A_SinglePity,80
5737,System_A_SinglePity,20
5738,System_A_SinglePity,10
5739,System_A_SinglePity,79
5740,System_A_SinglePity,80
5741,System_A_SinglePity,15
5742,System_A_SinglePity,54
5743,System_A_SinglePity,41
5744,System_A_SinglePity,53
5745,System_A_SinglePity,80
5746,System_A_SinglePity,2
5747,System_A_SinglePity,23
5748,System_A_SinglePity,27
5749,System_A_SinglePity,29
5750,System_A_SinglePity,33
5751,System_A_SinglePity,8
5752,System_A_SinglePity,34
5753,System_A_SinglePity,14
5754,System_A_SinglePity,4
5755,System_A_SinglePity,14
5756,System_A_SinglePity,20
5757,System_A_SinglePity,80
5758,System_A_SinglePity,18
5759,System_A_SinglePity,80
5760,System_A_SinglePity,5
5761,System_A_SinglePity,66
5762,System_A_SinglePity,4
5763,System_A_SinglePity,48
5764,System_A_SinglePity,25
5765,System_A_SinglePity,80
5766,System_A_SinglePity,63
5767,System_A_SinglePity,63
5768,System_A_SinglePity,42
5769,System_A_SinglePity,51
5770,System_A_SinglePity,54
5771,System_A_SinglePity,49
5772,System_A_SinglePity,40
5773,System_A_SinglePity,80
5774,System_A_SinglePity,15
5775,System_A_SinglePity,22
5776,System_A_SinglePity,22
5777,System_A_SinglePity,25
5778,System_A_SinglePity,31
5779,System_A_SinglePity,8
5780,System_A_SinglePity,36
5781,System_A_SinglePity,43
5782,System_A_SinglePity,80
5783,System_A_SinglePity,32
5784,System_A_SinglePity,80
5785,System_A_SinglePity,34
5786,System_A_SinglePity,80
5787,System_A_SinglePity,38
5788,System_A_SinglePity,80
5789,System_A_SinglePity,62
5790,System_A_SinglePity,60
5791,System_A_SinglePity,42
5792,System_A_SinglePity,46
5793,System_A_SinglePity,45
5794,System_A_SinglePity,80
5795,System_A_SinglePity,80
5796,System_A_SinglePity,80
5797,System_A_SinglePity,80
5798,System_A_SinglePity,80
5799,System_A_SinglePity,12
5800,System_A_SinglePity,80
5801,System_A_SinglePity,39
5802,System_A_SinglePity,23
5803,System_A_SinglePity,10
5804,System_A_SinglePity,80
5805,System_A_SinglePity,25
5806,System_A_SinglePity,9
5807,System_A_SinglePity,80
5808,System_A_SinglePity,70
5809,System_A_SinglePity,49
5810,System_A_SinglePity,15
5811,System_A_SinglePity,11
5812,System_A_SinglePity,27
5813,System_A_SinglePity,80
5814,System_A_SinglePity,31
5815,System_A_SinglePity,42
5816,System_A_SinglePity,23
5817,System_A_SinglePity,52
5818,System_A_SinglePity,15
5819,System_A_SinglePity,47
5820,System_A_SinglePity,80
5821,System_A_SinglePity,13
5822,System_A_SinglePity,73
5823,System_A_SinglePity,8
5824,System_A_SinglePity,80
5825,System_A_SinglePity,39
5826,System_A_SinglePity,80
5827,System_A_SinglePity,34
5828,System_A_SinglePity,27
5829,System_A_SinglePity,60
5830,System_A_SinglePity,80
5831,System_A_SinglePity,63
5832,System_A_SinglePity,14
5833,System_A_SinglePity,1
5834,System_A_SinglePity,3
5835,System_A_SinglePity,74
5836,System_A_SinglePity,80
5837,System_A_SinglePity,5
5838,System_A_SinglePity,45
5839,System_A_SinglePity,26
5840,System_A_SinglePity,13
5841,System_A_SinglePity,44
5842,System_A_SinglePity,80
5843,System_A_SinglePity,31
5844,System_A_SinglePity,80
5845,System_A_SinglePity,17
5846,System_A_SinglePity,10
5847,System_A_SinglePity,45
5848,System_A_SinglePity,57
5849,System_A_SinglePity,80
5850,System_A_SinglePity,23
5851,System_A_SinglePity,49
5852,System_A_SinglePity,20
5853,System_A_SinglePity,10
5854,System_A_SinglePity,80
5855,System_A_SinglePity,80
5856,System_A_SinglePity,77
5857,System_A_SinglePity,12
5858,System_A_SinglePity,80
5859,System_A_SinglePity,43
5860,System_A_SinglePity,51
5861,System_A_SinglePity,71
5862,System_A_SinglePity,31
5863,System_A_SinglePity,52
5864,System_A_SinglePity,80
5865,System_A_SinglePity,24
5866,System_A_SinglePity,80
5867,System_A_SinglePity,38
5868,System_A_SinglePity,80
5869,System_A_SinglePity,80
5870,System_A_SinglePity,33
5871,System_A_SinglePity,49
5872,System_A_SinglePity,61
5873,System_A_SinglePity,62
5874,System_A_SinglePity,80
5875,System_A_SinglePity,17
5876,System_A_SinglePity,66
5877,System_A_SinglePity,13
5878,System_A_SinglePity,75
5879,System_A_SinglePity,1
5880,System_A_SinglePity,80
5881,System_A_SinglePity,44
5882,System_A_SinglePity,69
5883,System_A_SinglePity,80
5884,System_A_SinglePity,24
5885,System_A_SinglePity,80
5886,System_A_SinglePity,59
5887,System_A_SinglePity,19
5888,System_A_SinglePity,80
5889,System_A_SinglePity,80
5890,System_A_SinglePity,43
5891,System_A_SinglePity,28
5892,System_A_SinglePity,80
5893,System_A_SinglePity,40
5894,System_A_SinglePity,25
5895,System_A_SinglePity,12
5896,System_A_SinglePity,29
5897,System_A_SinglePity,47
5898,System_A_SinglePity,2
5899,System_A_SinglePity,55
5900,System_A_SinglePity,80
5901,System_A_SinglePity,35
5902,System_A_SinglePity,80
5903,System_A_SinglePity,80
5904,System_A_SinglePity,74
5905,System_A_SinglePity,79
5906,System_A_SinglePity,73
5907,System_A_SinglePity,80
5908,System_A_SinglePity,77
5909,System_A_SinglePity,80
5910,System_A_SinglePity,80
5911,System_A_SinglePity,39
5912,System_A_SinglePity,57
5913,System_A_SinglePity,50
5914,System_A_SinglePity,53
5915,System_A_SinglePity,29
5916,System_A_SinglePity,80
5917,System_A_SinglePity,80
5918,System_A_SinglePity,80
5919,System_A_SinglePity,64
5920,System_A_SinglePity,66
5921,System_A_SinglePity,80
5922,System_A_SinglePity,31
5923,System_A_SinglePity,36
5924,System_A_SinglePity,13
5925,System_A_SinglePity,80
5926,System_A_SinglePity,17
5927,System_A_SinglePity,80
5928,System_A_SinglePity,80
5929,System_A_SinglePity,54
5930,System_A_SinglePity,80
5931,System_A_SinglePity,80
5932,System_A_SinglePity,80
5933,System_A_SinglePity,41
5934,System_A_SinglePity,66
5935,System_A_SinglePity,28
5936,System_A_SinglePity,80
5937,System_A_SinglePity,80
5938,System_A_SinglePity,32
5939,System_A_SinglePity,80
5940,System_A_SinglePity,32
5941,System_A_SinglePity,80
5942,System_A_SinglePity,4
5943,System_A_SinglePity,80
5944,System_A_SinglePity,34
5945,System_A_SinglePity,31
5946,System_A_SinglePity,11
5947,System_A_SinglePity,62
5948,System_A_SinglePity,80
5949,System_A_SinglePity,80
5950,System_A_SinglePity,30
5951,System_A_SinglePity,80
5952,System_A_SinglePity,57
5953,System_A_SinglePity,48
5954,System_A_SinglePity,40
5955,System_A_SinglePity,48
5956,System_A_SinglePity,80
5957,System_A_SinglePity,22
5958,System_A_SinglePity,47
5959,System_A_SinglePity,80
5960,System_A_SinglePity,16
5961,System_A_SinglePity,37
5962,System_A_SinglePity,80
5963,System_A_SinglePity,60
5964,System_A_SinglePity,31
5965,System_A_SinglePity,24
5966,System_A_SinglePity,19
5967,System_A_SinglePity,35
5968,System_A_SinglePity,80
5969,System_A_SinglePity,80
5970,System_A_SinglePity,38
5971,System_A_SinglePity,44
5972,System_A_SinglePity,80
5973,System_A_SinglePity,25
5974,System_A_SinglePity,20
5975,System_A_SinglePity,2
5976,System_A_SinglePity,61
5977,System_A_SinglePity,4
5978,System_A_SinglePity,42
5979,System_A_SinglePity,2
5980,System_A_SinglePity,25
5981,System_A_SinglePity,30
5982,System_A_SinglePity,80
5983,System_A_SinglePity,2
5984,System_A_SinglePity,14
5985,System_A_SinglePity,80
5986,System_A_SinglePity,31
5987,System_A_SinglePity,80
5988,System_A_SinglePity,64
5989,System_A_SinglePity,80
5990,System_A_SinglePity,80
5991,System_A_SinglePity,80
5992,System_A_SinglePity,66
5993,System_A_SinglePity,3
5994,System_A_SinglePity,10
5995,System_A_SinglePity,11
5996,System_A_SinglePity,46
5997,System_A_SinglePity,14
5998,System_A_SinglePity,80
5999,System_A_SinglePity,48
6000,System_A_SinglePity,75
6001,System_A_SinglePity,10
6002,System_A_SinglePity,53
6003,System_A_SinglePity,5
6004,System_A_SinglePity,80
6005,System_A_SinglePity,32
6006,System_A_SinglePity,9
6007,System_A_SinglePity,9
6008,System_A_SinglePity,45
6009,System_A_SinglePity,9
6010,System_A_SinglePity,80
6011,System_A_SinglePity,80
6012,System_A_SinglePity,80
6013,System_A_SinglePity,5
6014,System_A_SinglePity,52
6015,System_A_SinglePity,68
6016,System_A_SinglePity,74
6017,System_A_SinglePity,6
6018,System_A_SinglePity,76
6019,System_A_SinglePity,74
6020,System_A_SinglePity,73
6021,System_A_SinglePity,80
6022,System_A_SinglePity,3
6023,System_A_SinglePity,80
6024,System_A_SinglePity,25
6025,System_A_SinglePity,40
6026,System_A_SinglePity,28
6027,System_A_SinglePity,80
6028,System_A_SinglePity,7
6029,System_A_SinglePity,54
6030,System_A_SinglePity,17
6031,System_A_SinglePity,19
6032,System_A_SinglePity,9
6033,System_A_SinglePity,80
6034,System_A_SinglePity,80
6035,System_A_SinglePity,17
6036,System_A_SinglePity,34
6037,System_A_SinglePity,52
6038,System_A_SinglePity,80
6039,System_A_SinglePity,80
6040,System_A_SinglePity,35
6041,System_A_SinglePity,13
6042,System_A_SinglePity,70
6043,System_A_SinglePity,64
6044,System_A_SinglePity,55
6045,System_A_SinglePity,57
6046,System_A_SinglePity,3
6047,System_A_SinglePity,80
6048,System_A_SinglePity,33
6049,System_A_SinglePity,20
6050,System_A_SinglePity,16
6051,System_A_SinglePity,33
6052,System_A_SinglePity,11
6053,System_A_SinglePity,11
6054,System_A_SinglePity,47
6055,System_A_SinglePity,80
6056,System_A_SinglePity,80
6057,System_A_SinglePity,1
6058,System_A_SinglePity,80
6059,System_A_SinglePity,21
6060,System_A_SinglePity,53
6061,System_A_SinglePity,80
6062,System_A_SinglePity,40
6063,System_A_SinglePity,80
6064,System_A_SinglePity,2
6065,System_A_SinglePity,80
6066,System_A_SinglePity,16
6067,System_A_SinglePity,16
6068,System_A_SinglePity,67
6069,System_A_SinglePity,48
6070,System_A_SinglePity,80
6071,System_A_SinglePity,10
6072,System_A_SinglePity,40
6073,System_A_SinglePity,80
6074,System_A_SinglePity,19
6075,System_A_SinglePity,80
6076,System_A_SinglePity,80
6077,System_A_SinglePity,34
6078,System_A_SinglePity,80
6079,System_A_SinglePity,40
6080,System_A_SinglePity,39
6081,System_A_SinglePity,5
6082,System_A_SinglePity,22
6083,System_A_SinglePity,19
6084,System_A_SinglePity,80
6085,System_A_SinglePity,80
6086,System_A_SinglePity,80
6087,System_A_SinglePity,4
6088,System_A_SinglePity,6
6089,System_A_SinglePity,75
6090,System_A_SinglePity,80
6091,System_A_SinglePity,38
6092,System_A_SinglePity,33
6093,System_A_SinglePity,51
6094,System_A_SinglePity,10
6095,System_A_SinglePity,5
6096,System_A_SinglePity,80
6097,System_A_SinglePity,4
6098,System_A_SinglePity,80
6099,System_A_SinglePity,80
6100,System_A_SinglePity,80
6101,System_A_SinglePity,32
6102,System_A_SinglePity,66
6103,System_A_SinglePity,80
6104,System_A_SinglePity,16
6105,System_A_SinglePity,80
6106,System_A_SinglePity,41
6107,System_A_SinglePity,69
6108,System_A_SinglePity,80
6109,System_A_SinglePity,22
6110,System_A_SinglePity,19
6111,System_A_SinglePity,20
6112,System_A_SinglePity,80
6113,System_A_SinglePity,39
6114,System_A_SinglePity,80
6115,System_A_SinglePity,28
6116,System_A_SinglePity,80
6117,System_A_SinglePity,67
6118,System_A_SinglePity,66
6119,System_A_SinglePity,80
6120,System_A_SinglePity,37
6121,System_A_SinglePity,14
6122,System_A_SinglePity,6
6123,System_A_SinglePity,26
6124,System_A_SinglePity,4
6125,System_A_SinglePity,80
6126,System_A_SinglePity,80
6127,System_A_SinglePity,8
6128,System_A_SinglePity,80
6129,System_A_SinglePity,80
6130,System_A_SinglePity,80
6131,System_A_SinglePity,25
6132,System_A_SinglePity,3
6133,System_A_SinglePity,61
6134,System_A_SinglePity,9
6135,System_A_SinglePity,9
6136,System_A_SinglePity,32
6137,System_A_SinglePity,80
6138,System_A_SinglePity,46
6139,System_A_SinglePity,42
6140,System_A_SinglePity,80
6141,System_A_SinglePity,80
6142,System_A_SinglePity,79
6143,System_A_SinglePity,4
6144,System_A_SinglePity,5
6145,System_A_SinglePity,10
6146,System_A_SinglePity,80
6147,System_A_SinglePity,28
6148,System_A_SinglePity,80
6149,System_A_SinglePity,34
6150,System_A_SinglePity,58
6151,System_A_SinglePity,42
6152,System_A_SinglePity,4
6153,System_A_SinglePity,3
6154,System_A_SinglePity,80
6155,System_A_SinglePity,80
6156,System_A_SinglePity,21
6157,System_A_SinglePity,52
6158,System_A_SinglePity,28
6159,System_A_SinglePity,80
6160,System_A_SinglePity,20
6161,System_A_SinglePity,28
6162,System_A_SinglePity,80
6163,System_A_SinglePity,6
6164,System_A_SinglePity,2
6165,System_A_SinglePity,15
6166,System_A_SinglePity,54
6167,System_A_SinglePity,49
6168,System_A_SinglePity,80
6169,System_A_SinglePity,1
6170,System_A_SinglePity,53
6171,System_A_SinglePity,80
6172,System_A_SinglePity,74
6173,System_A_SinglePity,80
6174,System_A_SinglePity,80
6175,System_A_SinglePity,22
6176,System_A_SinglePity,25
6177,System_A_SinglePity,80
6178,System_A_SinglePity,80
6179,System_A_SinglePity,19
6180,System_A_SinglePity,16
6181,System_A_SinglePity,29
6182,System_A_SinglePity,41
6183,System_A_SinglePity,15
6184,System_A_SinglePity,80
6185,System_A_SinglePity,31
6186,System_A_SinglePity,51
6187,System_A_SinglePity,16
6188,System_A_SinglePity,31
6189,System_A_SinglePity,5
6190,System_A_SinglePity,33
6191,System_A_SinglePity,80
6192,System_A_SinglePity,80
6193,System_A_SinglePity,80
6194,System_A_SinglePity,80
6195,System_A_SinglePity,5
6196,System_A_SinglePity,38
6197,System_A_SinglePity,29
6198,System_A_SinglePity,27
6199,System_A_SinglePity,31
6200,System_A_SinglePity,32
6201,System_A_SinglePity,1
6202,System_A_SinglePity,80
6203,System_A_SinglePity,66
6204,System_A_SinglePity,80
6205,System_A_SinglePity,17
6206,System_A_SinglePity,23
6207,System_A_SinglePity,70
6208,System_A_SinglePity,30
6209,System_A_SinglePity,27
6210,System_A_SinglePity,80
6211,System_A_SinglePity,3
6212,System_A_SinglePity,47
6213,System_A_SinglePity,52
6214,System_A_SinglePity,80
6215,System_A_SinglePity,80
6216,System_A_SinglePity,17
6217,System_A_SinglePity,59
6218,System_A_SinglePity,80
6219,System_A_SinglePity,26
6220,System_A_SinglePity,80
6221,System_A_SinglePity,80
6222,System_A_SinglePity,80
6223,System_A_SinglePity,78
6224,System_A_SinglePity,80
6225,System_A_SinglePity,2
6226,System_A_SinglePity,28
6227,System_A_SinglePity,2
6228,System_A_SinglePity,21
6229,System_A_SinglePity,16
6230,System_A_SinglePity,80
6231,System_A_SinglePity,80
6232,System_A_SinglePity,80
6233,System_A_SinglePity,76
6234,System_A_SinglePity,7
6235,System_A_SinglePity,3
6236,System_A_SinglePity,28
6237,System_A_SinglePity,18
6238,System_A_SinglePity,26
6239,System_A_SinglePity,80
6240,System_A_SinglePity,26
6241,System_A_SinglePity,80
6242,System_A_SinglePity,48
6243,System_A_SinglePity,42
6244,System_A_SinglePity,17
6245,System_A_SinglePity,18
6246,System_A_SinglePity,32
6247,System_A_SinglePity,40
6248,System_A_SinglePity,3
6249,System_A_SinglePity,38
6250,System_A_SinglePity,74
6251,System_A_SinglePity,80
6252,System_A_SinglePity,55
6253,System_A_SinglePity,80
6254,System_A_SinglePity,66
6255,System_A_SinglePity,80
6256,System_A_SinglePity,40
6257,System_A_SinglePity,16
6258,System_A_SinglePity,51
6259,System_A_SinglePity,23
6260,System_A_SinglePity,68
6261,System_A_SinglePity,17
6262,System_A_SinglePity,13
6263,System_A_SinglePity,16
6264,System_A_SinglePity,10
6265,System_A_SinglePity,41
6266,System_A_SinglePity,21
6267,System_A_SinglePity,80
6268,System_A_SinglePity,80
6269,System_A_SinglePity,22
6270,System_A_SinglePity,48
6271,System_A_SinglePity,11
6272,System_A_SinglePity,1
6273,System_A_SinglePity,7
6274,System_A_SinglePity,2
6275,System_A_SinglePity,80
6276,System_A_SinglePity,71
6277,System_A_SinglePity,80
6278,System_A_SinglePity,12
6279,System_A_SinglePity,74
6280,System_A_SinglePity,17
6281,System_A_SinglePity,65
6282,System_A_SinglePity,80
6283,System_A_SinglePity,2
6284,System_A_SinglePity,10
6285,System_A_SinglePity,36
6286,System_A_SinglePity,40
6287,System_A_SinglePity,34
6288,System_A_SinglePity,76
6289,System_A_SinglePity,80
6290,System_A_SinglePity,10
6291,System_A_SinglePity,80
6292,System_A_SinglePity,2
6293,System_A_SinglePity,61
6294,System_A_SinglePity,2
6295,System_A_SinglePity,25
6296,System_A_SinglePity,11
6297,System_A_SinglePity,12
6298,System_A_SinglePity,80
6299,System_A_SinglePity,2
6300,System_A_SinglePity,9
6301,System_A_SinglePity,68
6302,System_A_SinglePity,80
6303,System_A_SinglePity,3
6304,System_A_SinglePity,27
6305,System_A_SinglePity,1
6306,System_A_SinglePity,80
6307,System_A_SinglePity,4
6308,System_A_SinglePity,4
6309,System_A_SinglePity,4
6310,System_A_SinglePity,15
6311,System_A_SinglePity,24
6312,System_A_SinglePity,80
6313,System_A_SinglePity,31
6314,System_A_SinglePity,80
6315,System_A_SinglePity,17
6316,System_A_SinglePity,14
6317,System_A_SinglePity,80
6318,System_A_SinglePity,13
6319,System_A_SinglePity,13
6320,System_A_SinglePity,79
6321,System_A_SinglePity,80
6322,System_A_SinglePity,38
6323,System_A_SinglePity,80
6324,System_A_SinglePity,80
6325,System_A_SinglePity,17
6326,System_A_SinglePity,26
6327,System_A_SinglePity,80
6328,System_A_SinglePity,47
6329,System_A_SinglePity,3
6330,System_A_SinglePity,42
6331,System_A_SinglePity,1
6332,System_A_SinglePity,68
6333,System_A_SinglePity,80
6334,System_A_SinglePity,80
6335,System_A_SinglePity,20
6336,System_A_SinglePity,80
6337,System_A_SinglePity,80
6338,System_A_SinglePity,80
6339,System_A_SinglePity,54
6340,System_A_SinglePity,70
6341,System_A_SinglePity,32
6342,System_A_SinglePity,28
6343,System_A_SinglePity,80
6344,System_A_SinglePity,70
6345,System_A_SinglePity,80
6346,System_A_SinglePity,31
6347,System_A_SinglePity,80
6348,System_A_SinglePity,80
6349,System_A_SinglePity,80
6350,System_A_SinglePity,16
6351,System_A_SinglePity,15
6352,System_A_SinglePity,80
6353,System_A_SinglePity,80
6354,System_A_SinglePity,80
6355,System_A_SinglePity,51
6356,System_A_SinglePity,80
6357,System_A_SinglePity,10
6358,System_A_SinglePity,40
6359,System_A_SinglePity,35
6360,System_A_SinglePity,11
6361,System_A_SinglePity,80
6362,System_A_SinglePity,7
6363,System_A_SinglePity,27
6364,System_A_SinglePity,80
6365,System_A_SinglePity,41
6366,System_A_SinglePity,50
6367,System_A_SinglePity,52
6368,System_A_SinglePity,34
6369,System_A_SinglePity,4
6370,System_A_SinglePity,80
6371,System_A_SinglePity,37
6372,System_A_SinglePity,80
6373,System_A_SinglePity,21
6374,System_A_SinglePity,3
6375,System_A_SinglePity,68
6376,System_A_SinglePity,80
6377,System_A_SinglePity,38
6378,System_A_SinglePity,80
6379,System_A_SinglePity,31
6380,System_A_SinglePity,25
6381,System_A_SinglePity,28
6382,System_A_SinglePity,80
6383,System_A_SinglePity,47
6384,System_A_SinglePity,22
6385,System_A_SinglePity,31
6386,System_A_SinglePity,50
6387,System_A_SinglePity,80
6388,System_A_SinglePity,80
6389,System_A_SinglePity,29
6390,System_A_SinglePity,23
6391,System_A_SinglePity,27
6392,System_A_SinglePity,80
6393,System_A_SinglePity,12
6394,System_A_SinglePity,8
6395,System_A_SinglePity,80
6396,System_A_SinglePity,42
6397,System_A_SinglePity,80
6398,System_A_SinglePity,23
6399,System_A_SinglePity,25
6400,System_A_SinglePity,51
6401,System_A_SinglePity,74
6402,System_A_SinglePity,80
6403,System_A_SinglePity,80
6404,System_A_SinglePity,80
6405,System_A_SinglePity,4
6406,System_A_SinglePity,16
6407,System_A_SinglePity,38
6408,System_A_SinglePity,19
6409,System_A_SinglePity,29
6410,System_A_SinglePity,67
6411,System_A_SinglePity,41
6412,System_A_SinglePity,16
6413,System_A_SinglePity,32
6414,System_A_SinglePity,75
6415,System_A_SinglePity,80
6416,System_A_SinglePity,14
6417,System_A_SinglePity,4
6418,System_A_SinglePity,16
6419,System_A_SinglePity,57
6420,System_A_SinglePity,18
6421,System_A_SinglePity,80
6422,System_A_SinglePity,2
6423,System_A_SinglePity,73
6424,System_A_SinglePity,80
6425,System_A_SinglePity,44
6426,System_A_SinglePity,35
6427,System_A_SinglePity,6
6428,System_A_SinglePity,62
6429,System_A_SinglePity,69
6430,System_A_SinglePity,80
6431,System_A_SinglePity,80
6432,System_A_SinglePity,36
6433,System_A_SinglePity,21
6434,System_A_SinglePity,36
6435,System_A_SinglePity,80
6436,System_A_SinglePity,38
6437,System_A_SinglePity,7
6438,System_A_SinglePity,4
6439,System_A_SinglePity,80
6440,System_A_SinglePity,80
6441,System_A_SinglePity,33
6442,System_A_SinglePity,66
6443,System_A_SinglePity,22
6444,System_A_SinglePity,53
6445,System_A_SinglePity,52
6446,System_A_SinglePity,80
6447,System_A_SinglePity,80
6448,System_A_SinglePity,80
6449,System_A_SinglePity,22
6450,System_A_SinglePity,80
6451,System_A_SinglePity,80
6452,System_A_SinglePity,34
6453,System_A_SinglePity,77
6454,System_A_SinglePity,62
6455,System_A_SinglePity,51
6456,System_A_SinglePity,12
6457,System_A_SinglePity,54
6458,System_A_SinglePity,80
6459,System_A_SinglePity,3
6460,System_A_SinglePity,80
6461,System_A_SinglePity,80
6462,System_A_SinglePity,80
6463,System_A_SinglePity,22
6464,System_A_SinglePity,48
6465,System_A_SinglePity,19
6466,System_A_SinglePity,50
6467,System_A_SinglePity,44
6468,System_A_SinglePity,4
6469,System_A_SinglePity,80
6470,System_A_SinglePity,33
6471,System_A_SinglePity,5
6472,System_A_SinglePity,14
6473,System_A_SinglePity,50
6474,System_A_SinglePity,80
6475,System_A_SinglePity,15
6476,System_A_SinglePity,80
6477,System_A_SinglePity,80
6478,System_A_SinglePity,20
6479,System_A_SinglePity,12
6480,System_A_SinglePity,57
6481,System_A_SinglePity,8
6482,System_A_SinglePity,80
6483,System_A_SinglePity,61
6484,System_A_SinglePity,1
6485,System_A_SinglePity,41
6486,System_A_SinglePity,80
6487,System_A_SinglePity,35
6488,System_A_SinglePity,80
6489,System_A_SinglePity,33
6490,System_A_SinglePity,28
6491,System_A_SinglePity,61
6492,System_A_SinglePity,80
6493,System_A_SinglePity,30
6494,System_A_SinglePity,32
6495,System_A_SinglePity,4
6496,System_A_SinglePity,29
6497,System_A_SinglePity,43
6498,System_A_SinglePity,71
6499,System_A_SinglePity,60
6500,System_A_SinglePity,80
6501,System_A_SinglePity,49
6502,System_A_SinglePity,18
6503,System_A_SinglePity,41
6504,System_A_SinglePity,80
6505,System_A_SinglePity,80
6506,System_A_SinglePity,2
6507,System_A_SinglePity,80
6508,System_A_SinglePity,11
6509,System_A_SinglePity,20
6510,System_A_SinglePity,74
6511,System_A_SinglePity,80
6512,System_A_SinglePity,4
6513,System_A_SinglePity,19
6514,System_A_SinglePity,37
6515,System_A_SinglePity,70
6516,System_A_SinglePity,18
6517,System_A_SinglePity,80
6518,System_A_SinglePity,9
6519,System_A_SinglePity,30
6520,System_A_SinglePity,80
6521,System_A_SinglePity,32
6522,System_A_SinglePity,53
6523,System_A_SinglePity,11
6524,System_A_SinglePity,37
6525,System_A_SinglePity,44
6526,System_A_SinglePity,11
6527,System_A_SinglePity,80
6528,System_A_SinglePity,1
6529,System_A_SinglePity,10
6530,System_A_SinglePity,80
6531,System_A_SinglePity,31
6532,System_A_SinglePity,3
6533,System_A_SinglePity,80
6534,System_A_SinglePity,18
6535,System_A_SinglePity,10
6536,System_A_SinglePity,10
6537,System_A_SinglePity,34
6538,System_A_SinglePity,75
6539,System_A_SinglePity,80
6540,System_A_SinglePity,19
6541,System_A_SinglePity,27
6542,System_A_SinglePity,41
6543,System_A_SinglePity,49
6544,System_A_SinglePity,80
6545,System_A_SinglePity,28
6546,System_A_SinglePity,16
6547,System_A_SinglePity,19
6548,System_A_SinglePity,25
6549,System_A_SinglePity,35
6550,System_A_SinglePity,8
6551,System_A_SinglePity,49
6552,System_A_SinglePity,29
6553,System_A_SinglePity,80
6554,System_A_SinglePity,13
6555,System_A_SinglePity,80
6556,System_A_SinglePity,51
6557,System_A_SinglePity,80
6558,System_A_SinglePity,80
6559,System_A_SinglePity,23
6560,System_A_SinglePity,11
6561,System_A_SinglePity,21
6562,System_A_SinglePity,26
6563,System_A_SinglePity,1
6564,System_A_SinglePity,31
6565,System_A_SinglePity,3
6566,System_A_SinglePity,58
6567,System_A_SinglePity,32
6568,System_A_SinglePity,80
6569,System_A_SinglePity,10
6570,System_A_SinglePity,80
6571,System_A_SinglePity,73
6572,System_A_SinglePity,80
6573,System_A_SinglePity,19
6574,System_A_SinglePity,80
6575,System_A_SinglePity,80
6576,System_A_SinglePity,80
6577,System_A_SinglePity,80
6578,System_A_SinglePity,74
6579,System_A_SinglePity,54
6580,System_A_SinglePity,80
6581,System_A_SinglePity,53
6582,System_A_SinglePity,11
6583,System_A_SinglePity,43
6584,System_A_SinglePity,80
6585,System_A_SinglePity,80
6586,System_A_SinglePity,3
6587,System_A_SinglePity,80
6588,System_A_SinglePity,50
6589,System_A_SinglePity,23
6590,System_A_SinglePity,38
6591,System_A_SinglePity,70
6592,System_A_SinglePity,49
6593,System_A_SinglePity,45
6594,System_A_SinglePity,80
6595,System_A_SinglePity,80
6596,System_A_SinglePity,60
6597,System_A_SinglePity,80
6598,System_A_SinglePity,80
6599,System_A_SinglePity,51
6600,System_A_SinglePity,42
6601,System_A_SinglePity,80
6602,System_A_SinglePity,80
6603,System_A_SinglePity,19
6604,System_A_SinglePity,80
6605,System_A_SinglePity,8
6606,System_A_SinglePity,35
6607,System_A_SinglePity,80
6608,System_A_SinglePity,80
6609,System_A_SinglePity,60
6610,System_A_SinglePity,61
6611,System_A_SinglePity,61
6612,System_A_SinglePity,66
6613,System_A_SinglePity,80
6614,System_A_SinglePity,60
6615,System_A_SinglePity,80
6616,System_A_SinglePity,22
6617,System_A_SinglePity,80
6618,System_A_SinglePity,40
6619,System_A_SinglePity,61
6620,System_A_SinglePity,54
6621,System_A_SinglePity,79
6622,System_A_SinglePity,70
6623,System_A_SinglePity,24
6624,System_A_SinglePity,12
6625,System_A_SinglePity,80
6626,System_A_SinglePity,80
6627,System_A_SinglePity,80
6628,System_A_SinglePity,80
6629,System_A_SinglePity,36
6630,System_A_SinglePity,80
6631,System_A_SinglePity,80
6632,System_A_SinglePity,27
6633,System_A_SinglePity,20
6634,System_A_SinglePity,72
6635,System_A_SinglePity,36
6636,System_A_SinglePity,5
6637,System_A_SinglePity,80
6638,System_A_SinglePity,52
6639,System_A_SinglePity,80
6640,System_A_SinglePity,34
6641,System_A_SinglePity,23
6642,System_A_SinglePity,3
6643,System_A_SinglePity,20
6644,System_A_SinglePity,80
6645,System_A_SinglePity,21
6646,System_A_SinglePity,21
6647,System_A_SinglePity,23
6648,System_A_SinglePity,30
6649,System_A_SinglePity,80
6650,System_A_SinglePity,80
6651,System_A_SinglePity,64
6652,System_A_SinglePity,9
6653,System_A_SinglePity,37
6654,System_A_SinglePity,5
6655,System_A_SinglePity,80
6656,System_A_SinglePity,28
6657,System_A_SinglePity,13
6658,System_A_SinglePity,70
6659,System_A_SinglePity,12
6660,System_A_SinglePity,80
6661,System_A_SinglePity,80
6662,System_A_SinglePity,80
6663,System_A_SinglePity,45
6664,System_A_SinglePity,80
6665,System_A_SinglePity,80
6666,System_A_SinglePity,45
6667,System_A_SinglePity,80
6668,System_A_SinglePity,40
6669,System_A_SinglePity,80
6670,System_A_SinglePity,52
6671,System_A_SinglePity,21
6672,System_A_SinglePity,71
6673,System_A_SinglePity,77
6674,System_A_SinglePity,78
6675,System_A_SinglePity,80
6676,System_A_SinglePity,12
6677,System_A_SinglePity,4
6678,System_A_SinglePity,31
6679,System_A_SinglePity,80
6680,System_A_SinglePity,80
6681,System_A_SinglePity,38
6682,System_A_SinglePity,49
6683,System_A_SinglePity,80
6684,System_A_SinglePity,11
6685,System_A_SinglePity,80
6686,System_A_SinglePity,31
6687,System_A_SinglePity,1
6688,System_A_SinglePity,16
6689,System_A_SinglePity,48
6690,System_A_SinglePity,23
6691,System_A_SinglePity,7
6692,System_A_SinglePity,15
6693,System_A_SinglePity,80
6694,System_A_SinglePity,30
6695,System_A_SinglePity,9
6696,System_A_SinglePity,80
6697,System_A_SinglePity,22
6698,System_A_SinglePity,62
6699,System_A_SinglePity,31
6700,System_A_SinglePity,31
6701,System_A_SinglePity,47
6702,System_A_SinglePity,80
6703,System_A_SinglePity,10
6704,System_A_SinglePity,80
6705,System_A_SinglePity,9
6706,System_A_SinglePity,80
6707,System_A_SinglePity,14
6708,System_A_SinglePity,46
6709,System_A_SinglePity,80
6710,System_A_SinglePity,80
6711,System_A_SinglePity,25
6712,System_A_SinglePity,13
6713,System_A_SinglePity,74
6714,System_A_SinglePity,80
6715,System_A_SinglePity,30
6716,System_A_SinglePity,80
6717,System_A_SinglePity,36
6718,System_A_SinglePity,80
6719,System_A_SinglePity,22
6720,System_A_SinglePity,42
6721,System_A_SinglePity,41
6722,System_A_SinglePity,80
6723,System_A_SinglePity,80
6724,System_A_SinglePity,22
6725,System_A_SinglePity,80
6726,System_A_SinglePity,80
6727,System_A_SinglePity,20
6728,System_A_SinglePity,39
6729,System_A_SinglePity,80
6730,System_A_SinglePity,80
6731,System_A_SinglePity,27
6732,System_A_SinglePity,11
6733,System_A_SinglePity,57
6734,System_A_SinglePity,24
6735,System_A_SinglePity,80
6736,System_A_SinglePity,80
6737,System_A_SinglePity,50
6738,System_A_SinglePity,35
6739,System_A_SinglePity,3
6740,System_A_SinglePity,19
6741,System_A_SinglePity,13
6742,System_A_SinglePity,38
6743,System_A_SinglePity,7
6744,System_A_SinglePity,80
6745,System_A_SinglePity,80
6746,System_A_SinglePity,8
6747,System_A_SinglePity,1
6748,System_A_SinglePity,9
6749,System_A_SinglePity,17
6750,System_A_SinglePity,80
6751,System_A_SinglePity,12
6752,System_A_SinglePity,80
6753,System_A_SinglePity,76
6754,System_A_SinglePity,47
6755,System_A_SinglePity,80
6756,System_A_SinglePity,77
6757,System_A_SinglePity,80
6758,System_A_SinglePity,80
6759,System_A_SinglePity,80
6760,System_A_SinglePity,80
6761,System_A_SinglePity,80
6762,System_A_SinglePity,6
6763,System_A_SinglePity,32
6764,System_A_SinglePity,12
6765,System_A_SinglePity,80
6766,System_A_SinglePity,80
6767,System_A_SinglePity,9
6768,System_A_SinglePity,7
6769,System_A_SinglePity,80
6770,System_A_SinglePity,80
6771,System_A_SinglePity,55
6772,System_A_SinglePity,36
6773,System_A_SinglePity,16
6774,System_A_SinglePity,80
6775,System_A_SinglePity,50
6776,System_A_SinglePity,6
6777,System_A_SinglePity,13
6778,System_A_SinglePity,31
6779,System_A_SinglePity,49
6780,System_A_SinglePity,32
6781,System_A_SinglePity,39
6782,System_A_SinglePity,22
6783,System_A_SinglePity,12
6784,System_A_SinglePity,67
6785,System_A_SinglePity,43
6786,System_A_SinglePity,75
6787,System_A_SinglePity,11
6788,System_A_SinglePity,33
6789,System_A_SinglePity,66
6790,System_A_SinglePity,9
6791,System_A_SinglePity,25
6792,System_A_SinglePity,62
6793,System_A_SinglePity,79
6794,System_A_SinglePity,66
6795,System_A_SinglePity,7
6796,System_A_SinglePity,48
6797,System_A_SinglePity,31
6798,System_A_SinglePity,9
6799,System_A_SinglePity,35
6800,System_A_SinglePity,80
6801,System_A_SinglePity,80
6802,System_A_SinglePity,39
6803,System_A_SinglePity,80
6804,System_A_SinglePity,80
6805,System_A_SinglePity,24
6806,System_A_SinglePity,11
6807,System_A_SinglePity,26
6808,System_A_SinglePity,80
6809,System_A_SinglePity,57
6810,System_A_SinglePity,13
6811,System_A_SinglePity,80
6812,System_A_SinglePity,80
6813,System_A_SinglePity,30
6814,System_A_SinglePity,25
6815,System_A_SinglePity,44
6816,System_A_SinglePity,36
6817,System_A_SinglePity,80
6818,System_A_SinglePity,71
6819,System_A_SinglePity,18
6820,System_A_SinglePity,80
6821,System_A_SinglePity,80
6822,System_A_SinglePity,80
6823,System_A_SinglePity,40
6824,System_A_SinglePity,80
6825,System_A_SinglePity,80
6826,System_A_SinglePity,16
6827,System_A_SinglePity,31
6828,System_A_SinglePity,13
6829,System_A_SinglePity,22
6830,System_A_SinglePity,57
6831,System_A_SinglePity,7
6832,System_A_SinglePity,48
6833,System_A_SinglePity,58
6834,System_A_SinglePity,7
6835,System_A_SinglePity,28
6836,System_A_SinglePity,6
6837,System_A_SinglePity,39
6838,System_A_SinglePity,80
6839,System_A_SinglePity,41
6840,System_A_SinglePity,8
6841,System_A_SinglePity,39
6842,System_A_SinglePity,20
6843,System_A_SinglePity,29
6844,System_A_SinglePity,20
6845,System_A_SinglePity,2
6846,System_A_SinglePity,16
6847,System_A_SinglePity,80
6848,System_A_SinglePity,80
6849,System_A_SinglePity,7
6850,System_A_SinglePity,21
6851,System_A_SinglePity,65
6852,System_A_SinglePity,47
6853,System_A_SinglePity,15
6854,System_A_SinglePity,80
6855,System_A_SinglePity,10
6856,System_A_SinglePity,5
6857,System_A_SinglePity,21
6858,System_A_SinglePity,23
6859,System_A_SinglePity,80
6860,System_A_SinglePity,5
6861,System_A_SinglePity,11
6862,System_A_SinglePity,80
6863,System_A_SinglePity,29
6864,System_A_SinglePity,22
6865,System_A_SinglePity,31
6866,System_A_SinglePity,14
6867,System_A_SinglePity,80
6868,System_A_SinglePity,27
6869,System_A_SinglePity,22
6870,System_A_SinglePity,80
6871,System_A_SinglePity,19
6872,System_A_SinglePity,47
6873,System_A_SinglePity,32
6874,System_A_SinglePity,32
6875,System_A_SinglePity,80
6876,System_A_SinglePity,23
6877,System_A_SinglePity,80
6878,System_A_SinglePity,55
6879,System_A_SinglePity,80
6880,System_A_SinglePity,4
6881,System_A_SinglePity,38
6882,System_A_SinglePity,4
6883,System_A_SinglePity,54
6884,System_A_SinglePity,80
6885,System_A_SinglePity,41
6886,System_A_SinglePity,21
6887,System_A_SinglePity,80
6888,System_A_SinglePity,2
6889,System_A_SinglePity,9
6890,System_A_SinglePity,2
6891,System_A_SinglePity,13
6892,System_A_SinglePity,59
6893,System_A_SinglePity,15
6894,System_A_SinglePity,33
6895,System_A_SinglePity,48
6896,System_A_SinglePity,23
6897,System_A_SinglePity,5
6898,System_A_SinglePity,24
6899,System_A_SinglePity,80
6900,System_A_SinglePity,5
6901,System_A_SinglePity,66
6902,System_A_SinglePity,74
6903,System_A_SinglePity,38
6904,System_A_SinglePity,11
6905,System_A_SinglePity,35
6906,System_A_SinglePity,53
6907,System_A_SinglePity,42
6908,System_A_SinglePity,80
6909,System_A_SinglePity,18
6910,System_A_SinglePity,80
6911,System_A_SinglePity,24
6912,System_A_SinglePity,80
6913,System_A_SinglePity,4
6914,System_A_SinglePity,62
6915,System_A_SinglePity,78
6916,System_A_SinglePity,14
6917,System_A_SinglePity,14
6918,System_A_SinglePity,18
6919,System_A_SinglePity,72
6920,System_A_SinglePity,15
6921,System_A_SinglePity,80
6922,System_A_SinglePity,52
6923,System_A_SinglePity,31
6924,System_A_SinglePity,48
6925,System_A_SinglePity,33
6926,System_A_SinglePity,78
6927,System_A_SinglePity,6
6928,System_A_SinglePity,80
6929,System_A_SinglePity,5
6930,System_A_SinglePity,21
6931,System_A_SinglePity,80
6932,System_A_SinglePity,5
6933,System_A_SinglePity,15
6934,System_A_SinglePity,80
6935,System_A_SinglePity,80
6936,System_A_SinglePity,39
6937,System_A_SinglePity,10
6938,System_A_SinglePity,23
6939,System_A_SinglePity,66
6940,System_A_SinglePity,5
6941,System_A_SinglePity,44
6942,System_A_SinglePity,5
6943,System_A_SinglePity,71
6944,System_A_SinglePity,49
6945,System_A_SinglePity,57
6946,System_A_SinglePity,80
6947,System_A_SinglePity,80
6948,System_A_SinglePity,10
6949,System_A_SinglePity,50
6950,System_A_SinglePity,80
6951,System_A_SinglePity,40
6952,System_A_SinglePity,15
6953,System_A_SinglePity,31
6954,System_A_SinglePity,41
6955,System_A_SinglePity,33
6956,System_A_SinglePity,39
6957,System_A_SinglePity,80
6958,System_A_SinglePity,37
6959,System_A_SinglePity,58
6960,System_A_SinglePity,80
6961,System_A_SinglePity,39
6962,System_A_SinglePity,80
6963,System_A_SinglePity,80
6964,System_A_SinglePity,80
6965,System_A_SinglePity,80
6966,System_A_SinglePity,15
6967,System_A_SinglePity,80
6968,System_A_SinglePity,58
6969,System_A_SinglePity,62
6970,System_A_SinglePity,80
6971,System_A_SinglePity,78
6972,System_A_SinglePity,4
6973,System_A_SinglePity,80
6974,System_A_SinglePity,32
6975,System_A_SinglePity,45
6976,System_A_SinglePity,80
6977,System_A_SinglePity,80
6978,System_A_SinglePity,80
6979,System_A_SinglePity,11
6980,System_A_SinglePity,80
6981,System_A_SinglePity,80
6982,System_A_SinglePity,55
6983,System_A_SinglePity,5
6984,System_A_SinglePity,3
6985,System_A_SinglePity,30
6986,System_A_SinglePity,80
6987,System_A_SinglePity,80
6988,System_A_SinglePity,53
6989,System_A_SinglePity,45
6990,System_A_SinglePity,31
6991,System_A_SinglePity,7
6992,System_A_SinglePity,46
6993,System_A_SinglePity,80
6994,System_A_SinglePity,2
6995,System_A_SinglePity,26
6996,System_A_SinglePity,80
6997,System_A_SinglePity,80
6998,System_A_SinglePity,80
6999,System_A_SinglePity,23
7000,System_A_SinglePity,80
7001,System_A_SinglePity,73
7002,System_A_SinglePity,15
7003,System_A_SinglePity,78
7004,System_A_SinglePity,80
7005,System_A_SinglePity,80
7006,System_A_SinglePity,20
7007,System_A_SinglePity,13
7008,System_A_SinglePity,80
7009,System_A_SinglePity,8
7010,System_A_SinglePity,16
7011,System_A_SinglePity,36
7012,System_A_SinglePity,65
7013,System_A_SinglePity,29
7014,System_A_SinglePity,80
7015,System_A_SinglePity,80
7016,System_A_SinglePity,25
7017,System_A_SinglePity,28
7018,System_A_SinglePity,80
7019,System_A_SinglePity,80
7020,System_A_SinglePity,14
7021,System_A_SinglePity,6
7022,System_A_SinglePity,63
7023,System_A_SinglePity,80
7024,System_A_SinglePity,80
7025,System_A_SinglePity,80
7026,System_A_SinglePity,62
7027,System_A_SinglePity,24
7028,System_A_SinglePity,13
7029,System_A_SinglePity,80
7030,System_A_SinglePity,63
7031,System_A_SinglePity,4
7032,System_A_SinglePity,41
7033,System_A_SinglePity,26
7034,System_A_SinglePity,28
7035,System_A_SinglePity,32
7036,System_A_SinglePity,10
7037,System_A_SinglePity,10
7038,System_A_SinglePity,80
7039,System_A_SinglePity,24
7040,System_A_SinglePity,80
7041,System_A_SinglePity,36
7042,System_A_SinglePity,17
7043,System_A_SinglePity,19
7044,System_A_SinglePity,37
7045,System_A_SinglePity,80
7046,System_A_SinglePity,7
7047,System_A_SinglePity,80
7048,System_A_SinglePity,80
7049,System_A_SinglePity,33
7050,System_A_SinglePity,41
7051,System_A_SinglePity,28
7052,System_A_SinglePity,50
7053,System_A_SinglePity,15
7054,System_A_SinglePity,51
7055,System_A_SinglePity,80
7056,System_A_SinglePity,80
7057,System_A_SinglePity,70
7058,System_A_SinglePity,70
7059,System_A_SinglePity,80
7060,System_A_SinglePity,15
7061,System_A_SinglePity,80
7062,System_A_SinglePity,80
7063,System_A_SinglePity,20
7064,System_A_SinglePity,35
7065,System_A_SinglePity,80
7066,System_A_SinglePity,5
7067,System_A_SinglePity,18
7068,System_A_SinglePity,58
7069,System_A_SinglePity,80
7070,System_A_SinglePity,80
7071,System_A_SinglePity,37
7072,System_A_SinglePity,57
7073,System_A_SinglePity,11
7074,System_A_SinglePity,21
7075,System_A_SinglePity,80
7076,System_A_SinglePity,38
7077,System_A_SinglePity,80
7078,System_A_SinglePity,50
7079,System_A_SinglePity,62
7080,System_A_SinglePity,62
7081,System_A_SinglePity,80
7082,System_A_SinglePity,80
7083,System_A_SinglePity,80
7084,System_A_SinglePity,49
7085,System_A_SinglePity,14
7086,System_A_SinglePity,20
7087,System_A_SinglePity,77
7088,System_A_SinglePity,30
7089,System_A_SinglePity,80
7090,System_A_SinglePity,38
7091,System_A_SinglePity,2
7092,System_A_SinglePity,20
7093,System_A_SinglePity,80
7094,System_A_SinglePity,53
7095,System_A_SinglePity,11
7096,System_A_SinglePity,12
7097,System_A_SinglePity,80
7098,System_A_SinglePity,23
7099,System_A_SinglePity,36
7100,System_A_SinglePity,8
7101,System_A_SinglePity,40
7102,System_A_SinglePity,80
7103,System_A_SinglePity,80
7104,System_A_SinglePity,20
7105,System_A_SinglePity,54
7106,System_A_SinglePity,80
7107,System_A_SinglePity,24
7108,System_A_SinglePity,68
7109,System_A_SinglePity,70
7110,System_A_SinglePity,12
7111,System_A_SinglePity,80
7112,System_A_SinglePity,54
7113,System_A_SinglePity,22
7114,System_A_SinglePity,4
7115,System_A_SinglePity,80
7116,System_A_SinglePity,71
7117,System_A_SinglePity,80
7118,System_A_SinglePity,26
7119,System_A_SinglePity,78
7120,System_A_SinglePity,8
7121,System_A_SinglePity,62
7122,System_A_SinglePity,73
7123,System_A_SinglePity,56
7124,System_A_SinglePity,80
7125,System_A_SinglePity,80
7126,System_A_SinglePity,80
7127,System_A_SinglePity,80
7128,System_A_SinglePity,6
7129,System_A_SinglePity,80
7130,System_A_SinglePity,53
7131,System_A_SinglePity,80
7132,System_A_SinglePity,80
7133,System_A_SinglePity,19
7134,System_A_SinglePity,80
7135,System_A_SinglePity,48
7136,System_A_SinglePity,80
7137,System_A_SinglePity,70
7138,System_A_SinglePity,80
7139,System_A_SinglePity,48
7140,System_A_SinglePity,80
7141,System_A_SinglePity,59
7142,System_A_SinglePity,57
7143,System_A_SinglePity,41
7144,System_A_SinglePity,2
7145,System_A_SinglePity,80
7146,System_A_SinglePity,55
7147,System_A_SinglePity,80
7148,System_A_SinglePity,7
7149,System_A_SinglePity,37
7150,System_A_SinglePity,80
7151,System_A_SinglePity,80
7152,System_A_SinglePity,67
7153,System_A_SinglePity,14
7154,System_A_SinglePity,50
7155,System_A_SinglePity,32
7156,System_A_SinglePity,80
7157,System_A_SinglePity,80
7158,System_A_SinglePity,60
7159,System_A_SinglePity,6
7160,System_A_SinglePity,80
7161,System_A_SinglePity,41
7162,System_A_SinglePity,46
7163,System_A_SinglePity,48
7164,System_A_SinglePity,15
7165,System_A_SinglePity,47
7166,System_A_SinglePity,60
7167,System_A_SinglePity,41
7168,System_A_SinglePity,2
7169,System_A_SinglePity,29
7170,System_A_SinglePity,29
7171,System_A_SinglePity,64
7172,System_A_SinglePity,52
7173,System_A_SinglePity,58
7174,System_A_SinglePity,74
7175,System_A_SinglePity,80
7176,System_A_SinglePity,4
7177,System_A_SinglePity,47
7178,System_A_SinglePity,80
7179,System_A_SinglePity,8
7180,System_A_SinglePity,2
7181,System_A_SinglePity,80
7182,System_A_SinglePity,80
7183,System_A_SinglePity,18
7184,System_A_SinglePity,49
7185,System_A_SinglePity,13
7186,System_A_SinglePity,80
7187,System_A_SinglePity,13
7188,System_A_SinglePity,80
7189,System_A_SinglePity,30
7190,System_A_SinglePity,58
7191,System_A_SinglePity,32
7192,System_A_SinglePity,23
7193,System_A_SinglePity,80
7194,System_A_SinglePity,22
7195,System_A_SinglePity,20
7196,System_A_SinglePity,80
7197,System_A_SinglePity,16
7198,System_A_SinglePity,6
7199,System_A_SinglePity,80
7200,System_A_SinglePity,80
7201,System_A_SinglePity,10
7202,System_A_SinglePity,80
7203,System_A_SinglePity,80
7204,System_A_SinglePity,80
7205,System_A_SinglePity,17
7206,System_A_SinglePity,80
7207,System_A_SinglePity,58
7208,System_A_SinglePity,1
7209,System_A_SinglePity,80
7210,System_A_SinglePity,26
7211,System_A_SinglePity,80
7212,System_A_SinglePity,29
7213,System_A_SinglePity,22
7214,System_A_SinglePity,80
7215,System_A_SinglePity,24
7216,System_A_SinglePity,48
7217,System_A_SinglePity,67
7218,System_A_SinglePity,37
7219,System_A_SinglePity,44
7220,System_A_SinglePity,80
7221,System_A_SinglePity,62
7222,System_A_SinglePity,10
7223,System_A_SinglePity,19
7224,System_A_SinglePity,10
7225,System_A_SinglePity,3
7226,System_A_SinglePity,27
7227,System_A_SinglePity,29
7228,System_A_SinglePity,20
7229,System_A_SinglePity,62
7230,System_A_SinglePity,80
7231,System_A_SinglePity,80
7232,System_A_SinglePity,32
7233,System_A_SinglePity,15
7234,System_A_SinglePity,80
7235,System_A_SinglePity,23
7236,System_A_SinglePity,11
7237,System_A_SinglePity,80
7238,System_A_SinglePity,15
7239,System_A_SinglePity,80
7240,System_A_SinglePity,13
7241,System_A_SinglePity,80
7242,System_A_SinglePity,15
7243,System_A_SinglePity,54
7244,System_A_SinglePity,34
7245,System_A_SinglePity,12
7246,System_A_SinglePity,14
7247,System_A_SinglePity,80
7248,System_A_SinglePity,58
7249,System_A_SinglePity,80
7250,System_A_SinglePity,80
7251,System_A_SinglePity,46
7252,System_A_SinglePity,39
7253,System_A_SinglePity,12
7254,System_A_SinglePity,65
7255,System_A_SinglePity,13
7256,System_A_SinglePity,80
7257,System_A_SinglePity,80
7258,System_A_SinglePity,80
7259,System_A_SinglePity,80
7260,System_A_SinglePity,17
7261,System_A_SinglePity,79
7262,System_A_SinglePity,59
7263,System_A_SinglePity,78
7264,System_A_SinglePity,80
7265,System_A_SinglePity,41
7266,System_A_SinglePity,79
7267,System_A_SinglePity,13
7268,System_A_SinglePity,80
7269,System_A_SinglePity,55
7270,System_A_SinglePity,23
7271,System_A_SinglePity,80
7272,System_A_SinglePity,80
7273,System_A_SinglePity,19
7274,System_A_SinglePity,80
7275,System_A_SinglePity,69
7276,System_A_SinglePity,23
7277,System_A_SinglePity,80
7278,System_A_SinglePity,5
7279,System_A_SinglePity,49
7280,System_A_SinglePity,80
7281,System_A_SinglePity,54
7282,System_A_SinglePity,33
7283,System_A_SinglePity,52
7284,System_A_SinglePity,80
7285,System_A_SinglePity,3
7286,System_A_SinglePity,51
7287,System_A_SinglePity,60
7288,System_A_SinglePity,80
7289,System_A_SinglePity,24
7290,System_A_SinglePity,80
7291,System_A_SinglePity,55
7292,System_A_SinglePity,18
7293,System_A_SinglePity,80
7294,System_A_SinglePity,29
7295,System_A_SinglePity,72
7296,System_A_SinglePity,26
7297,System_A_SinglePity,80
7298,System_A_SinglePity,13
7299,System_A_SinglePity,64
7300,System_A_SinglePity,8
7301,System_A_SinglePity,5
7302,System_A_SinglePity,80
7303,System_A_SinglePity,45
7304,System_A_SinglePity,80
7305,System_A_SinglePity,80
7306,System_A_SinglePity,80
7307,System_A_SinglePity,25
7308,System_A_SinglePity,49
7309,System_A_SinglePity,41
7310,System_A_SinglePity,42
7311,System_A_SinglePity,80
7312,System_A_SinglePity,23
7313,System_A_SinglePity,16
7314,System_A_SinglePity,29
7315,System_A_SinglePity,9
7316,System_A_SinglePity,68
7317,System_A_SinglePity,36
7318,System_A_SinglePity,6
7319,System_A_SinglePity,3
7320,System_A_SinglePity,80
7321,System_A_SinglePity,38
7322,System_A_SinglePity,17
7323,System_A_SinglePity,43
7324,System_A_SinglePity,7
7325,System_A_SinglePity,14
7326,System_A_SinglePity,80
7327,System_A_SinglePity,13
7328,System_A_SinglePity,25
7329,System_A_SinglePity,79
7330,System_A_SinglePity,16
7331,System_A_SinglePity,62
7332,System_A_SinglePity,31
7333,System_A_SinglePity,59
7334,System_A_SinglePity,53
7335,System_A_SinglePity,48
7336,System_A_SinglePity,80
7337,System_A_SinglePity,80
7338,System_A_SinglePity,32
7339,System_A_SinglePity,63
7340,System_A_SinglePity,13
7341,System_A_SinglePity,7
7342,System_A_SinglePity,24
7343,System_A_SinglePity,80
7344,System_A_SinglePity,14
7345,System_A_SinglePity,22
7346,System_A_SinglePity,80
7347,System_A_SinglePity,56
7348,System_A_SinglePity,63
7349,System_A_SinglePity,74
7350,System_A_SinglePity,80
7351,System_A_SinglePity,8
7352,System_A_SinglePity,17
7353,System_A_SinglePity,80
7354,System_A_SinglePity,80
7355,System_A_SinglePity,80
7356,System_A_SinglePity,80
7357,System_A_SinglePity,25
7358,System_A_SinglePity,6
7359,System_A_SinglePity,74
7360,System_A_SinglePity,21
7361,System_A_SinglePity,52
7362,System_A_SinglePity,13
7363,System_A_SinglePity,39
7364,System_A_SinglePity,71
7365,System_A_SinglePity,52
7366,System_A_SinglePity,19
7367,System_A_SinglePity,37
7368,System_A_SinglePity,80
7369,System_A_SinglePity,80
7370,System_A_SinglePity,10
7371,System_A_SinglePity,10
7372,System_A_SinglePity,19
7373,System_A_SinglePity,45
7374,System_A_SinglePity,46
7375,System_A_SinglePity,9
7376,System_A_SinglePity,32
7377,System_A_SinglePity,1
7378,System_A_SinglePity,80
7379,System_A_SinglePity,80
7380,System_A_SinglePity,33
7381,System_A_SinglePity,3
7382,System_A_SinglePity,77
7383,System_A_SinglePity,80
7384,System_A_SinglePity,29
7385,System_A_SinglePity,11
7386,System_A_SinglePity,2
7387,System_A_SinglePity,22
7388,System_A_SinglePity,80
7389,System_A_SinglePity,38
7390,System_A_SinglePity,80
7391,System_A_SinglePity,80
7392,System_A_SinglePity,80
7393,System_A_SinglePity,80
7394,System_A_SinglePity,32
7395,System_A_SinglePity,47
7396,System_A_SinglePity,17
7397,System_A_SinglePity,10
7398,System_A_SinglePity,50
7399,System_A_SinglePity,50
7400,System_A_SinglePity,48
7401,System_A_SinglePity,4
7402,System_A_SinglePity,80
7403,System_A_SinglePity,13
7404,System_A_SinglePity,34
7405,System_A_SinglePity,80
7406,System_A_SinglePity,8
7407,System_A_SinglePity,29
7408,System_A_SinglePity,6
7409,System_A_SinglePity,44
7410,System_A_SinglePity,50
7411,System_A_SinglePity,45
7412,System_A_SinglePity,80
7413,System_A_SinglePity,10
7414,System_A_SinglePity,6
7415,System_A_SinglePity,9
7416,System_A_SinglePity,53
7417,System_A_SinglePity,51
7418,System_A_SinglePity,80
7419,System_A_SinglePity,80
7420,System_A_SinglePity,80
7421,System_A_SinglePity,36
7422,System_A_SinglePity,80
7423,System_A_SinglePity,2
7424,System_A_SinglePity,62
7425,System_A_SinglePity,66
7426,System_A_SinglePity,80
7427,System_A_SinglePity,65
7428,System_A_SinglePity,30
7429,System_A_SinglePity,80
7430,System_A_SinglePity,66
7431,System_A_SinglePity,80
7432,System_A_SinglePity,10
7433,System_A_SinglePity,80
7434,System_A_SinglePity,80
7435,System_A_SinglePity,52
7436,System_A_SinglePity,80
7437,System_A_SinglePity,11
7438,System_A_SinglePity,17
7439,System_A_SinglePity,8
7440,System_A_SinglePity,80
7441,System_A_SinglePity,10
7442,System_A_SinglePity,35
7443,System_A_SinglePity,80
7444,System_A_SinglePity,38
7445,System_A_SinglePity,80
7446,System_A_SinglePity,36
7447,System_A_SinglePity,77
7448,System_A_SinglePity,37
7449,System_A_SinglePity,8
7450,System_A_SinglePity,80
7451,System_A_SinglePity,37
7452,System_A_SinglePity,80
7453,System_A_SinglePity,14
7454,System_A_SinglePity,74
7455,System_A_SinglePity,31
7456,System_A_SinglePity,80
7457,System_A_SinglePity,43
7458,System_A_SinglePity,80
7459,System_A_SinglePity,44
7460,System_A_SinglePity,80
7461,System_A_SinglePity,16
7462,System_A_SinglePity,16
7463,System_A_SinglePity,80
7464,System_A_SinglePity,30
7465,System_A_SinglePity,48
7466,System_A_SinglePity,19
7467,System_A_SinglePity,65
7468,System_A_SinglePity,36
7469,System_A_SinglePity,80
7470,System_A_SinglePity,29
7471,System_A_SinglePity,80
7472,System_A_SinglePity,1
7473,System_A_SinglePity,28
7474,System_A_SinglePity,80
7475,System_A_SinglePity,25
7476,System_A_SinglePity,41
7477,System_A_SinglePity,22
7478,System_A_SinglePity,80
7479,System_A_SinglePity,6
7480,System_A_SinglePity,28
7481,System_A_SinglePity,15
7482,System_A_SinglePity,27
7483,System_A_SinglePity,42
7484,System_A_SinglePity,27
7485,System_A_SinglePity,22
7486,System_A_SinglePity,45
7487,System_A_SinglePity,28
7488,System_A_SinglePity,6
7489,System_A_SinglePity,77
7490,System_A_SinglePity,80
7491,System_A_SinglePity,26
7492,System_A_SinglePity,7
7493,System_A_SinglePity,67
7494,System_A_SinglePity,80
7495,System_A_SinglePity,53
7496,System_A_SinglePity,16
7497,System_A_SinglePity,31
7498,System_A_SinglePity,50
7499,System_A_SinglePity,35
7500,System_A_SinglePity,8
7501,System_A_SinglePity,35
7502,System_A_SinglePity,80
7503,System_A_SinglePity,60
7504,System_A_SinglePity,5
7505,System_A_SinglePity,13
7506,System_A_SinglePity,55
7507,System_A_SinglePity,72
7508,System_A_SinglePity,77
7509,System_A_SinglePity,24
7510,System_A_SinglePity,8
7511,System_A_SinglePity,28
7512,System_A_SinglePity,8
7513,System_A_SinglePity,39
7514,System_A_SinglePity,5
7515,System_A_SinglePity,57
7516,System_A_SinglePity,80
7517,System_A_SinglePity,80
7518,System_A_SinglePity,80
7519,System_A_SinglePity,51
7520,System_A_SinglePity,80
7521,System_A_SinglePity,52
7522,System_A_SinglePity,32
7523,System_A_SinglePity,18
7524,System_A_SinglePity,80
7525,System_A_SinglePity,80
7526,System_A_SinglePity,80
7527,System_A_SinglePity,45
7528,System_A_SinglePity,6
7529,System_A_SinglePity,14
7530,System_A_SinglePity,4
7531,System_A_SinglePity,80
7532,System_A_SinglePity,80
7533,System_A_SinglePity,80
7534,System_A_SinglePity,10
7535,System_A_SinglePity,10
7536,System_A_SinglePity,5
7537,System_A_SinglePity,33
7538,System_A_SinglePity,80
7539,System_A_SinglePity,80
7540,System_A_SinglePity,11
7541,System_A_SinglePity,9
7542,System_A_SinglePity,39
7543,System_A_SinglePity,56
7544,System_A_SinglePity,48
7545,System_A_SinglePity,48
7546,System_A_SinglePity,54
7547,System_A_SinglePity,45
7548,System_A_SinglePity,43
7549,System_A_SinglePity,38
7550,System_A_SinglePity,45
7551,System_A_SinglePity,80
7552,System_A_SinglePity,8
7553,System_A_SinglePity,18
7554,System_A_SinglePity,26
7555,System_A_SinglePity,80
7556,System_A_SinglePity,80
7557,System_A_SinglePity,80
7558,System_A_SinglePity,25
7559,System_A_SinglePity,37
7560,System_A_SinglePity,5
7561,System_A_SinglePity,80
7562,System_A_SinglePity,10
7563,System_A_SinglePity,3
7564,System_A_SinglePity,12
7565,System_A_SinglePity,80
7566,System_A_SinglePity,14
7567,System_A_SinglePity,39
7568,System_A_SinglePity,5
7569,System_A_SinglePity,6
7570,System_A_SinglePity,33
7571,System_A_SinglePity,80
7572,System_A_SinglePity,69
7573,System_A_SinglePity,12
7574,System_A_SinglePity,63
7575,System_A_SinglePity,9
7576,System_A_SinglePity,48
7577,System_A_SinglePity,80
7578,System_A_SinglePity,80
7579,System_A_SinglePity,4
7580,System_A_SinglePity,80
7581,System_A_SinglePity,50
7582,System_A_SinglePity,10
7583,System_A_SinglePity,5
7584,System_A_SinglePity,63
7585,System_A_SinglePity,80
7586,System_A_SinglePity,16
7587,System_A_SinglePity,23
7588,System_A_SinglePity,51
7589,System_A_SinglePity,80
7590,System_A_SinglePity,80
7591,System_A_SinglePity,38
7592,System_A_SinglePity,34
7593,System_A_SinglePity,36
7594,System_A_SinglePity,80
7595,System_A_SinglePity,16
7596,System_A_SinglePity,80
7597,System_A_SinglePity,80
7598,System_A_SinglePity,58
7599,System_A_SinglePity,77
7600,System_A_SinglePity,80
7601,System_A_SinglePity,63
7602,System_A_SinglePity,1
7603,System_A_SinglePity,34
7604,System_A_SinglePity,44
7605,System_A_SinglePity,26
7606,System_A_SinglePity,41
7607,System_A_SinglePity,58
7608,System_A_SinglePity,24
7609,System_A_SinglePity,80
7610,System_A_SinglePity,1
7611,System_A_SinglePity,39
7612,System_A_SinglePity,80
7613,System_A_SinglePity,80
7614,System_A_SinglePity,12
7615,System_A_SinglePity,21
7616,System_A_SinglePity,67
7617,System_A_SinglePity,39
7618,System_A_SinglePity,80
7619,System_A_SinglePity,80
7620,System_A_SinglePity,18
7621,System_A_SinglePity,80
7622,System_A_SinglePity,80
7623,System_A_SinglePity,80
7624,System_A_SinglePity,78
7625,System_A_SinglePity,9
7626,System_A_SinglePity,80
7627,System_A_SinglePity,17
7628,System_A_SinglePity,74
7629,System_A_SinglePity,60
7630,System_A_SinglePity,26
7631,System_A_SinglePity,80
7632,System_A_SinglePity,80
7633,System_A_SinglePity,80
7634,System_A_SinglePity,38
7635,System_A_SinglePity,78
7636,System_A_SinglePity,24
7637,System_A_SinglePity,80
7638,System_A_SinglePity,15
7639,System_A_SinglePity,75
7640,System_A_SinglePity,22
7641,System_A_SinglePity,38
7642,System_A_SinglePity,10
7643,System_A_SinglePity,22
7644,System_A_SinglePity,65
7645,System_A_SinglePity,80
7646,System_A_SinglePity,56
7647,System_A_SinglePity,23
7648,System_A_SinglePity,80
7649,System_A_SinglePity,80
7650,System_A_SinglePity,80
7651,System_A_SinglePity,5
7652,System_A_SinglePity,4
7653,System_A_SinglePity,30
7654,System_A_SinglePity,68
7655,System_A_SinglePity,80
7656,System_A_SinglePity,54
7657,System_A_SinglePity,17
7658,System_A_SinglePity,13
7659,System_A_SinglePity,80
7660,System_A_SinglePity,28
7661,System_A_SinglePity,16
7662,System_A_SinglePity,4
7663,System_A_SinglePity,73
7664,System_A_SinglePity,53
7665,System_A_SinglePity,49
7666,System_A_SinglePity,33
7667,System_A_SinglePity,26
7668,System_A_SinglePity,21
7669,System_A_SinglePity,26
7670,System_A_SinglePity,6
7671,System_A_SinglePity,1
7672,System_A_SinglePity,39
7673,System_A_SinglePity,16
7674,System_A_SinglePity,54
7675,System_A_SinglePity,2
7676,System_A_SinglePity,21
7677,System_A_SinglePity,26
7678,System_A_SinglePity,4
7679,System_A_SinglePity,14
7680,System_A_SinglePity,11
7681,System_A_SinglePity,8
7682,System_A_SinglePity,2
7683,System_A_SinglePity,18
7684,System_A_SinglePity,50
7685,System_A_SinglePity,65
7686,System_A_SinglePity,80
7687,System_A_SinglePity,50
7688,System_A_SinglePity,77
7689,System_A_SinglePity,28
7690,System_A_SinglePity,32
7691,System_A_SinglePity,9
7692,System_A_SinglePity,60
7693,System_A_SinglePity,80
7694,System_A_SinglePity,80
7695,System_A_SinglePity,80
7696,System_A_SinglePity,41
7697,System_A_SinglePity,80
7698,System_A_SinglePity,41
7699,System_A_SinglePity,80
7700,System_A_SinglePity,80
7701,System_A_SinglePity,80
7702,System_A_SinglePity,54
7703,System_A_SinglePity,80
7704,System_A_SinglePity,80
7705,System_A_SinglePity,20
7706,System_A_SinglePity,80
7707,System_A_SinglePity,8
7708,System_A_SinglePity,5
7709,System_A_SinglePity,80
7710,System_A_SinglePity,78
7711,System_A_SinglePity,80
7712,System_A_SinglePity,49
7713,System_A_SinglePity,37
7714,System_A_SinglePity,80
7715,System_A_SinglePity,48
7716,System_A_SinglePity,26
7717,System_A_SinglePity,32
7718,System_A_SinglePity,11
7719,System_A_SinglePity,80
7720,System_A_SinglePity,4
7721,System_A_SinglePity,80
7722,System_A_SinglePity,20
7723,System_A_SinglePity,40
7724,System_A_SinglePity,46
7725,System_A_SinglePity,80
7726,System_A_SinglePity,80
7727,System_A_SinglePity,14
7728,System_A_SinglePity,13
7729,System_A_SinglePity,57
7730,System_A_SinglePity,80
7731,System_A_SinglePity,80
7732,System_A_SinglePity,49
7733,System_A_SinglePity,50
7734,System_A_SinglePity,9
7735,System_A_SinglePity,9
7736,System_A_SinglePity,50
7737,System_A_SinglePity,80
7738,System_A_SinglePity,13
7739,System_A_SinglePity,32
7740,System_A_SinglePity,5
7741,System_A_SinglePity,12
7742,System_A_SinglePity,80
7743,System_A_SinglePity,80
7744,System_A_SinglePity,80
7745,System_A_SinglePity,80
7746,System_A_SinglePity,63
7747,System_A_SinglePity,17
7748,System_A_SinglePity,27
7749,System_A_SinglePity,38
7750,System_A_SinglePity,33
7751,System_A_SinglePity,41
7752,System_A_SinglePity,40
7753,System_A_SinglePity,54
7754,System_A_SinglePity,48
7755,System_A_SinglePity,46
7756,System_A_SinglePity,40
7757,System_A_SinglePity,77
7758,System_A_SinglePity,80
7759,System_A_SinglePity,17
7760,System_A_SinglePity,3
7761,System_A_SinglePity,29
7762,System_A_SinglePity,1
7763,System_A_SinglePity,26
7764,System_A_SinglePity,37
7765,System_A_SinglePity,21
7766,System_A_SinglePity,31
7767,System_A_SinglePity,3
7768,System_A_SinglePity,60
7769,System_A_SinglePity,22
7770,System_A_SinglePity,80
7771,System_A_SinglePity,55
7772,System_A_SinglePity,34
7773,System_A_SinglePity,80
7774,System_A_SinglePity,3
7775,System_A_SinglePity,80
7776,System_A_SinglePity,47
7777,System_A_SinglePity,32
7778,System_A_SinglePity,80
7779,System_A_SinglePity,41
7780,System_A_SinglePity,7
7781,System_A_SinglePity,80
7782,System_A_SinglePity,15
7783,System_A_SinglePity,80
7784,System_A_SinglePity,36
7785,System_A_SinglePity,47
7786,System_A_SinglePity,49
7787,System_A_SinglePity,47
7788,System_A_SinglePity,3
7789,System_A_SinglePity,80
7790,System_A_SinglePity,27
7791,System_A_SinglePity,80
7792,System_A_SinglePity,80
7793,System_A_SinglePity,44
7794,System_A_SinglePity,80
7795,System_A_SinglePity,80
7796,System_A_SinglePity,46
7797,System_A_SinglePity,80
7798,System_A_SinglePity,4
7799,System_A_SinglePity,17
7800,System_A_SinglePity,80
7801,System_A_SinglePity,6
7802,System_A_SinglePity,33
7803,System_A_SinglePity,24
7804,System_A_SinglePity,80
7805,System_A_SinglePity,48
7806,System_A_SinglePity,20
7807,System_A_SinglePity,80
7808,System_A_SinglePity,42
7809,System_A_SinglePity,15
7810,System_A_SinglePity,36
7811,System_A_SinglePity,5
7812,System_A_SinglePity,59
7813,System_A_SinglePity,40
7814,System_A_SinglePity,80
7815,System_A_SinglePity,80
7816,System_A_SinglePity,80
7817,System_A_SinglePity,3
7818,System_A_SinglePity,5
7819,System_A_SinglePity,23
7820,System_A_SinglePity,27
7821,System_A_SinglePity,80
7822,System_A_SinglePity,80
7823,System_A_SinglePity,65
7824,System_A_SinglePity,8
7825,System_A_SinglePity,52
7826,System_A_SinglePity,80
7827,System_A_SinglePity,80
7828,System_A_SinglePity,80
7829,System_A_SinglePity,35
7830,System_A_SinglePity,79
7831,System_A_SinglePity,80
7832,System_A_SinglePity,80
7833,System_A_SinglePity,50
7834,System_A_SinglePity,80
7835,System_A_SinglePity,28
7836,System_A_SinglePity,80
7837,System_A_SinglePity,43
7838,System_A_SinglePity,18
7839,System_A_SinglePity,45
7840,System_A_SinglePity,80
7841,System_A_SinglePity,80
7842,System_A_SinglePity,49
7843,System_A_SinglePity,31
7844,System_A_SinglePity,40
7845,System_A_SinglePity,41
7846,System_A_SinglePity,73
7847,System_A_SinglePity,42
7848,System_A_SinglePity,75
7849,System_A_SinglePity,63
7850,System_A_SinglePity,4
7851,System_A_SinglePity,80
7852,System_A_SinglePity,80
7853,System_A_SinglePity,8
7854,System_A_SinglePity,22
7855,System_A_SinglePity,8
7856,System_A_SinglePity,4
7857,System_A_SinglePity,80
7858,System_A_SinglePity,80
7859,System_A_SinglePity,69
7860,System_A_SinglePity,10
7861,System_A_SinglePity,44
7862,System_A_SinglePity,25
7863,System_A_SinglePity,37
7864,System_A_SinglePity,28
7865,System_A_SinglePity,35
7866,System_A_SinglePity,80
7867,System_A_SinglePity,76
7868,System_A_SinglePity,46
7869,System_A_SinglePity,80
7870,System_A_SinglePity,80
7871,System_A_SinglePity,68
7872,System_A_SinglePity,45
7873,System_A_SinglePity,45
7874,System_A_SinglePity,6
7875,System_A_SinglePity,80
7876,System_A_SinglePity,9
7877,System_A_SinglePity,42
7878,System_A_SinglePity,80
7879,System_A_SinglePity,74
7880,System_A_SinglePity,44
7881,System_A_SinglePity,32
7882,System_A_SinglePity,25
7883,System_A_SinglePity,80
7884,System_A_SinglePity,27
7885,System_A_SinglePity,8
7886,System_A_SinglePity,80
7887,System_A_SinglePity,52
7888,System_A_SinglePity,52
7889,System_A_SinglePity,1
7890,System_A_SinglePity,80
7891,System_A_SinglePity,36
7892,System_A_SinglePity,49
7893,System_A_SinglePity,41
7894,System_A_SinglePity,13
7895,System_A_SinglePity,17
7896,System_A_SinglePity,55
7897,System_A_SinglePity,45
7898,System_A_SinglePity,6
7899,System_A_SinglePity,58
7900,System_A_SinglePity,1
7901,System_A_SinglePity,1
7902,System_A_SinglePity,80
7903,System_A_SinglePity,43
7904,System_A_SinglePity,48
7905,System_A_SinglePity,80
7906,System_A_SinglePity,80
7907,System_A_SinglePity,43
7908,System_A_SinglePity,52
7909,System_A_SinglePity,50
7910,System_A_SinglePity,30
7911,System_A_SinglePity,80
7912,System_A_SinglePity,1
7913,System_A_SinglePity,17
7914,System_A_SinglePity,52
7915,System_A_SinglePity,61
7916,System_A_SinglePity,80
7917,System_A_SinglePity,80
7918,System_A_SinglePity,80
7919,System_A_SinglePity,80
7920,System_A_SinglePity,17
7921,System_A_SinglePity,80
7922,System_A_SinglePity,22
7923,System_A_SinglePity,44
7924,System_A_SinglePity,69
7925,System_A_SinglePity,7
7926,System_A_SinglePity,29
7927,System_A_SinglePity,37
7928,System_A_SinglePity,20
7929,System_A_SinglePity,3
7930,System_A_SinglePity,49
7931,System_A_SinglePity,80
7932,System_A_SinglePity,80
7933,System_A_SinglePity,15
7934,System_A_SinglePity,80
7935,System_A_SinglePity,12
7936,System_A_SinglePity,44
7937,System_A_SinglePity,80
7938,System_A_SinglePity,41
7939,System_A_SinglePity,80
7940,System_A_SinglePity,67
7941,System_A_SinglePity,80
7942,System_A_SinglePity,80
7943,System_A_SinglePity,2
7944,System_A_SinglePity,43
7945,System_A_SinglePity,26
7946,System_A_SinglePity,80
7947,System_A_SinglePity,1
7948,System_A_SinglePity,29
7949,System_A_SinglePity,20
7950,System_A_SinglePity,80
7951,System_A_SinglePity,41
7952,System_A_SinglePity,25
7953,System_A_SinglePity,20
7954,System_A_SinglePity,80
7955,System_A_SinglePity,5
7956,System_A_SinglePity,37
7957,System_A_SinglePity,65
7958,System_A_SinglePity,80
7959,System_A_SinglePity,75
7960,System_A_SinglePity,25
7961,System_A_SinglePity,80
7962,System_A_SinglePity,80
7963,System_A_SinglePity,57
7964,System_A_SinglePity,80
7965,System_A_SinglePity,36
7966,System_A_SinglePity,3
7967,System_A_SinglePity,12
7968,System_A_SinglePity,25
7969,System_A_SinglePity,70
7970,System_A_SinglePity,16
7971,System_A_SinglePity,47
7972,System_A_SinglePity,36
7973,System_A_SinglePity,32
7974,System_A_SinglePity,77
7975,System_A_SinglePity,80
7976,System_A_SinglePity,76
7977,System_A_SinglePity,80
7978,System_A_SinglePity,32
7979,System_A_SinglePity,26
7980,System_A_SinglePity,39
7981,System_A_SinglePity,80
7982,System_A_SinglePity,7
7983,System_A_SinglePity,80
7984,System_A_SinglePity,36
7985,System_A_SinglePity,80
7986,System_A_SinglePity,18
7987,System_A_SinglePity,2
7988,System_A_SinglePity,36
7989,System_A_SinglePity,80
7990,System_A_SinglePity,14
7991,System_A_SinglePity,47
7992,System_A_SinglePity,36
7993,System_A_SinglePity,80
7994,System_A_SinglePity,66
7995,System_A_SinglePity,80
7996,System_A_SinglePity,47
7997,System_A_SinglePity,58
7998,System_A_SinglePity,15
7999,System_A_SinglePity,80
8000,System_A_SinglePity,80
8001,System_A_SinglePity,80
8002,System_A_SinglePity,19
8003,System_A_SinglePity,10
8004,System_A_SinglePity,80
8005,System_A_SinglePity,44
8006,System_A_SinglePity,43
8007,System_A_SinglePity,80
8008,System_A_SinglePity,16
8009,System_A_SinglePity,9
8010,System_A_SinglePity,36
8011,System_A_SinglePity,80
8012,System_A_SinglePity,1
8013,System_A_SinglePity,37
8014,System_A_SinglePity,80
8015,System_A_SinglePity,36
8016,System_A_SinglePity,46
8017,System_A_SinglePity,68
8018,System_A_SinglePity,54
8019,System_A_SinglePity,46
8020,System_A_SinglePity,52
8021,System_A_SinglePity,80
8022,System_A_SinglePity,68
8023,System_A_SinglePity,24
8024,System_A_SinglePity,79
8025,System_A_SinglePity,40
8026,System_A_SinglePity,43
8027,System_A_SinglePity,80
8028,System_A_SinglePity,80
8029,System_A_SinglePity,62
8030,System_A_SinglePity,50
8031,System_A_SinglePity,80
8032,System_A_SinglePity,42
8033,System_A_SinglePity,80
8034,System_A_SinglePity,52
8035,System_A_SinglePity,51
8036,System_A_SinglePity,80
8037,System_A_SinglePity,6
8038,System_A_SinglePity,16
8039,System_A_SinglePity,36
8040,System_A_SinglePity,80
8041,System_A_SinglePity,44
8042,System_A_SinglePity,46
8043,System_A_SinglePity,55
8044,System_A_SinglePity,65
8045,System_A_SinglePity,13
8046,System_A_SinglePity,2
8047,System_A_SinglePity,25
8048,System_A_SinglePity,52
8049,System_A_SinglePity,80
8050,System_A_SinglePity,18
8051,System_A_SinglePity,54
8052,System_A_SinglePity,55
8053,System_A_SinglePity,80
8054,System_A_SinglePity,80
8055,System_A_SinglePity,80
8056,System_A_SinglePity,80
8057,System_A_SinglePity,80
8058,System_A_SinglePity,80
8059,System_A_SinglePity,15
8060,System_A_SinglePity,37
8061,System_A_SinglePity,80
8062,System_A_SinglePity,28
8063,System_A_SinglePity,36
8064,System_A_SinglePity,61
8065,System_A_SinglePity,37
8066,System_A_SinglePity,80
8067,System_A_SinglePity,9
8068,System_A_SinglePity,9
8069,System_A_SinglePity,80
8070,System_A_SinglePity,44
8071,System_A_SinglePity,24
8072,System_A_SinglePity,17
8073,System_A_SinglePity,80
8074,System_A_SinglePity,44
8075,System_A_SinglePity,80
8076,System_A_SinglePity,80
8077,System_A_SinglePity,35
8078,System_A_SinglePity,80
8079,System_A_SinglePity,28
8080,System_A_SinglePity,2
8081,System_A_SinglePity,80
8082,System_A_SinglePity,54
8083,System_A_SinglePity,30
8084,System_A_SinglePity,80
8085,System_A_SinglePity,12
8086,System_A_SinglePity,6
8087,System_A_SinglePity,28
8088,System_A_SinglePity,27
8089,System_A_SinglePity,37
8090,System_A_SinglePity,15
8091,System_A_SinglePity,39
8092,System_A_SinglePity,32
8093,System_A_SinglePity,26
8094,System_A_SinglePity,13
8095,System_A_SinglePity,65
8096,System_A_SinglePity,71
8097,System_A_SinglePity,39
8098,System_A_SinglePity,80
8099,System_A_SinglePity,19
8100,System_A_SinglePity,46
8101,System_A_SinglePity,80
8102,System_A_SinglePity,34
8103,System_A_SinglePity,38
8104,System_A_SinglePity,7
8105,System_A_SinglePity,80
8106,System_A_SinglePity,2
8107,System_A_SinglePity,7
8108,System_A_SinglePity,1
8109,System_A_SinglePity,42
8110,System_A_SinglePity,80
8111,System_A_SinglePity,5
8112,System_A_SinglePity,58
8113,System_A_SinglePity,21
8114,System_A_SinglePity,80
8115,System_A_SinglePity,80
8116,System_A_SinglePity,80
8117,System_A_SinglePity,3
8118,System_A_SinglePity,80
8119,System_A_SinglePity,80
8120,System_A_SinglePity,19
8121,System_A_SinglePity,9
8122,System_A_SinglePity,18
8123,System_A_SinglePity,1
8124,System_A_SinglePity,6
8125,System_A_SinglePity,80
8126,System_A_SinglePity,29
8127,System_A_SinglePity,9
8128,System_A_SinglePity,80
8129,System_A_SinglePity,80
8130,System_A_SinglePity,29
8131,System_A_SinglePity,40
8132,System_A_SinglePity,71
8133,System_A_SinglePity,80
8134,System_A_SinglePity,80
8135,System_A_SinglePity,41
8136,System_A_SinglePity,16
8137,System_A_SinglePity,48
8138,System_A_SinglePity,49
8139,System_A_SinglePity,27
8140,System_A_SinglePity,41
8141,System_A_SinglePity,76
8142,System_A_SinglePity,24
8143,System_A_SinglePity,80
8144,System_A_SinglePity,46
8145,System_A_SinglePity,80
8146,System_A_SinglePity,48
8147,System_A_SinglePity,80
8148,System_A_SinglePity,80
8149,System_A_SinglePity,54
8150,System_A_SinglePity,6
8151,System_A_SinglePity,59
8152,System_A_SinglePity,80
8153,System_A_SinglePity,10
8154,System_A_SinglePity,2
8155,System_A_SinglePity,27
8156,System_A_SinglePity,48
8157,System_A_SinglePity,80
8158,System_A_SinglePity,30
8159,System_A_SinglePity,16
8160,System_A_SinglePity,15
8161,System_A_SinglePity,47
8162,System_A_SinglePity,63
8163,System_A_SinglePity,80
8164,System_A_SinglePity,52
8165,System_A_SinglePity,80
8166,System_A_SinglePity,80
8167,System_A_SinglePity,25
8168,System_A_SinglePity,80
8169,System_A_SinglePity,1
8170,System_A_SinglePity,36
8171,System_A_SinglePity,80
8172,System_A_SinglePity,20
8173,System_A_SinglePity,3
8174,System_A_SinglePity,8
8175,System_A_SinglePity,49
8176,System_A_SinglePity,10
8177,System_A_SinglePity,25
8178,System_A_SinglePity,80
8179,System_A_SinglePity,6
8180,System_A_SinglePity,3
8181,System_A_SinglePity,38
8182,System_A_SinglePity,20
8183,System_A_SinglePity,80
8184,System_A_SinglePity,16
8185,System_A_SinglePity,39
8186,System_A_SinglePity,80
8187,System_A_SinglePity,80
8188,System_A_SinglePity,66
8189,System_A_SinglePity,8
8190,System_A_SinglePity,11
8191,System_A_SinglePity,45
8192,System_A_SinglePity,64
8193,System_A_SinglePity,80
8194,System_A_SinglePity,75
8195,System_A_SinglePity,16
8196,System_A_SinglePity,51
8197,System_A_SinglePity,80
8198,System_A_SinglePity,21
8199,System_A_SinglePity,80
8200,System_A_SinglePity,32
8201,System_A_SinglePity,10
8202,System_A_SinglePity,40
8203,System_A_SinglePity,4
8204,System_A_SinglePity,80
8205,System_A_SinglePity,26
8206,System_A_SinglePity,17
8207,System_A_SinglePity,47
8208,System_A_SinglePity,13
8209,System_A_SinglePity,38
8210,System_A_SinglePity,46
8211,System_A_SinglePity,80
8212,System_A_SinglePity,80
8213,System_A_SinglePity,80
8214,System_A_SinglePity,80
8215,System_A_SinglePity,80
8216,System_A_SinglePity,5
8217,System_A_SinglePity,1
8218,System_A_SinglePity,80
8219,System_A_SinglePity,1
8220,System_A_SinglePity,78
8221,System_A_SinglePity,80
8222,System_A_SinglePity,80
8223,System_A_SinglePity,48
8224,System_A_SinglePity,58
8225,System_A_SinglePity,80
8226,System_A_SinglePity,80
8227,System_A_SinglePity,80
8228,System_A_SinglePity,28
8229,System_A_SinglePity,4
8230,System_A_SinglePity,7
8231,System_A_SinglePity,1
8232,System_A_SinglePity,65
8233,System_A_SinglePity,24
8234,System_A_SinglePity,79
8235,System_A_SinglePity,26
8236,System_A_SinglePity,41
8237,System_A_SinglePity,71
8238,System_A_SinglePity,65
8239,System_A_SinglePity,35
8240,System_A_SinglePity,80
8241,System_A_SinglePity,80
8242,System_A_SinglePity,27
8243,System_A_SinglePity,26
8244,System_A_SinglePity,50
8245,System_A_SinglePity,71
8246,System_A_SinglePity,22
8247,System_A_SinglePity,26
8248,System_A_SinglePity,80
8249,System_A_SinglePity,66
8250,System_A_SinglePity,5
8251,System_A_SinglePity,13
8252,System_A_SinglePity,80
8253,System_A_SinglePity,34
8254,System_A_SinglePity,72
8255,System_A_SinglePity,4
8256,System_A_SinglePity,33
8257,System_A_SinglePity,53
8258,System_A_SinglePity,54
8259,System_A_SinglePity,42
8260,System_A_SinglePity,80
8261,System_A_SinglePity,80
8262,System_A_SinglePity,25
8263,System_A_SinglePity,80
8264,System_A_SinglePity,52
8265,System_A_SinglePity,51
8266,System_A_SinglePity,13
8267,System_A_SinglePity,30
8268,System_A_SinglePity,80
8269,System_A_SinglePity,23
8270,System_A_SinglePity,80
8271,System_A_SinglePity,80
8272,System_A_SinglePity,26
8273,System_A_SinglePity,72
8274,System_A_SinglePity,29
8275,System_A_SinglePity,28
8276,System_A_SinglePity,2
8277,System_A_SinglePity,80
8278,System_A_SinglePity,38
8279,System_A_SinglePity,80
8280,System_A_SinglePity,80
8281,System_A_SinglePity,80
8282,System_A_SinglePity,5
8283,System_A_SinglePity,4
8284,System_A_SinglePity,18
8285,System_A_SinglePity,51
8286,System_A_SinglePity,54
8287,System_A_SinglePity,7
8288,System_A_SinglePity,74
8289,System_A_SinglePity,52
8290,System_A_SinglePity,59
8291,System_A_SinglePity,39
8292,System_A_SinglePity,54
8293,System_A_SinglePity,8
8294,System_A_SinglePity,80
8295,System_A_SinglePity,73
8296,System_A_SinglePity,1
8297,System_A_SinglePity,68
8298,System_A_SinglePity,6
8299,System_A_SinglePity,80
8300,System_A_SinglePity,48
8301,System_A_SinglePity,43
8302,System_A_SinglePity,80
8303,System_A_SinglePity,45
8304,System_A_SinglePity,80
8305,System_A_SinglePity,80
8306,System_A_SinglePity,59
8307,System_A_SinglePity,80
8308,System_A_SinglePity,18
8309,System_A_SinglePity,2
8310,System_A_SinglePity,20
8311,System_A_SinglePity,4
8312,System_A_SinglePity,12
8313,System_A_SinglePity,80
8314,System_A_SinglePity,7
8315,System_A_SinglePity,80
8316,System_A_SinglePity,4
8317,System_A_SinglePity,26
8318,System_A_SinglePity,7
8319,System_A_SinglePity,39
8320,System_A_SinglePity,22
8321,System_A_SinglePity,31
8322,System_A_SinglePity,2
8323,System_A_SinglePity,80
8324,System_A_SinglePity,11
8325,System_A_SinglePity,2
8326,System_A_SinglePity,65
8327,System_A_SinglePity,28
8328,System_A_SinglePity,12
8329,System_A_SinglePity,6
8330,System_A_SinglePity,73
8331,System_A_SinglePity,37
8332,System_A_SinglePity,80
8333,System_A_SinglePity,80
8334,System_A_SinglePity,10
8335,System_A_SinglePity,5
8336,System_A_SinglePity,80
8337,System_A_SinglePity,33
8338,System_A_SinglePity,80
8339,System_A_SinglePity,35
8340,System_A_SinglePity,67
8341,System_A_SinglePity,80
8342,System_A_SinglePity,54
8343,System_A_SinglePity,80
8344,System_A_SinglePity,1
8345,System_A_SinglePity,32
8346,System_A_SinglePity,80
8347,System_A_SinglePity,18
8348,System_A_SinglePity,72
8349,System_A_SinglePity,1
8350,System_A_SinglePity,80
8351,System_A_SinglePity,65
8352,System_A_SinglePity,80
8353,System_A_SinglePity,80
8354,System_A_SinglePity,8
8355,System_A_SinglePity,49
8356,System_A_SinglePity,2
8357,System_A_SinglePity,34
8358,System_A_SinglePity,80
8359,System_A_SinglePity,47
8360,System_A_SinglePity,80
8361,System_A_SinglePity,80
8362,System_A_SinglePity,32
8363,System_A_SinglePity,3
8364,System_A_SinglePity,80
8365,System_A_SinglePity,8
8366,System_A_SinglePity,1
8367,System_A_SinglePity,74
8368,System_A_SinglePity,44
8369,System_A_SinglePity,4
8370,System_A_SinglePity,22
8371,System_A_SinglePity,44
8372,System_A_SinglePity,1
8373,System_A_SinglePity,80
8374,System_A_SinglePity,66
8375,System_A_SinglePity,58
8376,System_A_SinglePity,68
8377,System_A_SinglePity,67
8378,System_A_SinglePity,80
8379,System_A_SinglePity,80
8380,System_A_SinglePity,80
8381,System_A_SinglePity,80
8382,System_A_SinglePity,80
8383,System_A_SinglePity,38
8384,System_A_SinglePity,80
8385,System_A_SinglePity,80
8386,System_A_SinglePity,80
8387,System_A_SinglePity,34
8388,System_A_SinglePity,66
8389,System_A_SinglePity,17
8390,System_A_SinglePity,34
8391,System_A_SinglePity,17
8392,System_A_SinglePity,74
8393,System_A_SinglePity,80
8394,System_A_SinglePity,80
8395,System_A_SinglePity,80
8396,System_A_SinglePity,63
8397,System_A_SinglePity,39
8398,System_A_SinglePity,68
8399,System_A_SinglePity,80
8400,System_A_SinglePity,16
8401,System_A_SinglePity,80
8402,System_A_SinglePity,80
8403,System_A_SinglePity,60
8404,System_A_SinglePity,30
8405,System_A_SinglePity,80
8406,System_A_SinglePity,7
8407,System_A_SinglePity,80
8408,System_A_SinglePity,38
8409,System_A_SinglePity,80
8410,System_A_SinglePity,80
8411,System_A_SinglePity,2
8412,System_A_SinglePity,24
8413,System_A_SinglePity,41
8414,System_A_SinglePity,34
8415,System_A_SinglePity,11
8416,System_A_SinglePity,80
8417,System_A_SinglePity,16
8418,System_A_SinglePity,55
8419,System_A_SinglePity,10
8420,System_A_SinglePity,15
8421,System_A_SinglePity,1
8422,System_A_SinglePity,67
8423,System_A_SinglePity,46
8424,System_A_SinglePity,32
8425,System_A_SinglePity,43
8426,System_A_SinglePity,80
8427,System_A_SinglePity,14
8428,System_A_SinglePity,75
8429,System_A_SinglePity,12
8430,System_A_SinglePity,18
8431,System_A_SinglePity,80
8432,System_A_SinglePity,79
8433,System_A_SinglePity,80
8434,System_A_SinglePity,7
8435,System_A_SinglePity,80
8436,System_A_SinglePity,80
8437,System_A_SinglePity,42
8438,System_A_SinglePity,40
8439,System_A_SinglePity,76
8440,System_A_SinglePity,2
8441,System_A_SinglePity,80
8442,System_A_SinglePity,80
8443,System_A_SinglePity,24
8444,System_A_SinglePity,12
8445,System_A_SinglePity,80
8446,System_A_SinglePity,27
8447,System_A_SinglePity,80
8448,System_A_SinglePity,44
8449,System_A_SinglePity,70
8450,System_A_SinglePity,80
8451,System_A_SinglePity,42
8452,System_A_SinglePity,38
8453,System_A_SinglePity,2
8454,System_A_SinglePity,80
8455,System_A_SinglePity,80
8456,System_A_SinglePity,6
8457,System_A_SinglePity,80
8458,System_A_SinglePity,80
8459,System_A_SinglePity,30
8460,System_A_SinglePity,59
8461,System_A_SinglePity,37
8462,System_A_SinglePity,49
8463,System_A_SinglePity,12
8464,System_A_SinglePity,80
8465,System_A_SinglePity,20
8466,System_A_SinglePity,25
8467,System_A_SinglePity,43
8468,System_A_SinglePity,55
8469,System_A_SinglePity,22
8470,System_A_SinglePity,80
8471,System_A_SinglePity,30
8472,System_A_SinglePity,80
8473,System_A_SinglePity,80
8474,System_A_SinglePity,80
8475,System_A_SinglePity,80
8476,System_A_SinglePity,8
8477,System_A_SinglePity,59
8478,System_A_SinglePity,51
8479,System_A_SinglePity,78
8480,System_A_SinglePity,23
8481,System_A_SinglePity,11
8482,System_A_SinglePity,59
8483,System_A_SinglePity,34
8484,System_A_SinglePity,37
8485,System_A_SinglePity,21
8486,System_A_SinglePity,80
8487,System_A_SinglePity,80
8488,System_A_SinglePity,1
8489,System_A_SinglePity,17
8490,System_A_SinglePity,78
8491,System_A_SinglePity,76
8492,System_A_SinglePity,80
8493,System_A_SinglePity,24
8494,System_A_SinglePity,80
8495,System_A_SinglePity,15
8496,System_A_SinglePity,24
8497,System_A_SinglePity,26
8498,System_A_SinglePity,13
8499,System_A_SinglePity,80
8500,System_A_SinglePity,37
8501,System_A_SinglePity,20
8502,System_A_SinglePity,80
8503,System_A_SinglePity,47
8504,System_A_SinglePity,37
8505,System_A_SinglePity,6
8506,System_A_SinglePity,23
8507,System_A_SinglePity,44
8508,System_A_SinglePity,21
8509,System_A_SinglePity,12
8510,System_A_SinglePity,80
8511,System_A_SinglePity,6
8512,System_A_SinglePity,80
8513,System_A_SinglePity,37
8514,System_A_SinglePity,80
8515,System_A_SinglePity,46
8516,System_A_SinglePity,4
8517,System_A_SinglePity,80
8518,System_A_SinglePity,80
8519,System_A_SinglePity,26
8520,System_A_SinglePity,80
8521,System_A_SinglePity,44
8522,System_A_SinglePity,51
8523,System_A_SinglePity,80
8524,System_A_SinglePity,21
8525,System_A_SinglePity,79
8526,System_A_SinglePity,1
8527,System_A_SinglePity,50
8528,System_A_SinglePity,80
8529,System_A_SinglePity,80
8530,System_A_SinglePity,14
8531,System_A_SinglePity,80
8532,System_A_SinglePity,3
8533,System_A_SinglePity,31
8534,System_A_SinglePity,80
8535,System_A_SinglePity,73
8536,System_A_SinglePity,12
8537,System_A_SinglePity,55
8538,System_A_SinglePity,26
8539,System_A_SinglePity,33
8540,System_A_SinglePity,80
8541,System_A_SinglePity,27
8542,System_A_SinglePity,3
8543,System_A_SinglePity,10
8544,System_A_SinglePity,80
8545,System_A_SinglePity,5
8546,System_A_SinglePity,32
8547,System_A_SinglePity,10
8548,System_A_SinglePity,80
8549,System_A_SinglePity,20
8550,System_A_SinglePity,13
8551,System_A_SinglePity,80
8552,System_A_SinglePity,80
8553,System_A_SinglePity,64
8554,System_A_SinglePity,80
8555,System_A_SinglePity,80
8556,System_A_SinglePity,15
8557,System_A_SinglePity,77
8558,System_A_SinglePity,4
8559,System_A_SinglePity,80
8560,System_A_SinglePity,80
8561,System_A_SinglePity,6
8562,System_A_SinglePity,80
8563,System_A_SinglePity,36
8564,System_A_SinglePity,45
8565,System_A_SinglePity,50
8566,System_A_SinglePity,80
8567,System_A_SinglePity,39
8568,System_A_SinglePity,80
8569,System_A_SinglePity,42
8570,System_A_SinglePity,80
8571,System_A_SinglePity,14
8572,System_A_SinglePity,6
8573,System_A_SinglePity,67
8574,System_A_SinglePity,7
8575,System_A_SinglePity,80
8576,System_A_SinglePity,80
8577,System_A_SinglePity,71
8578,System_A_SinglePity,80
8579,System_A_SinglePity,79
8580,System_A_SinglePity,80
8581,System_A_SinglePity,16
8582,System_A_SinglePity,6
8583,System_A_SinglePity,80
8584,System_A_SinglePity,15
8585,System_A_SinglePity,5
8586,System_A_SinglePity,51
8587,System_A_SinglePity,54
8588,System_A_SinglePity,80
8589,System_A_SinglePity,31
8590,System_A_SinglePity,48
8591,System_A_SinglePity,35
8592,System_A_SinglePity,25
8593,System_A_SinglePity,80
8594,System_A_SinglePity,80
8595,System_A_SinglePity,31
8596,System_A_SinglePity,33
8597,System_A_SinglePity,56
8598,System_A_SinglePity,68
8599,System_A_SinglePity,22
8600,System_A_SinglePity,80
8601,System_A_SinglePity,3
8602,System_A_SinglePity,19
8603,System_A_SinglePity,4
8604,System_A_SinglePity,80
8605,System_A_SinglePity,80
8606,System_A_SinglePity,80
8607,System_A_SinglePity,4
8608,System_A_SinglePity,80
8609,System_A_SinglePity,5
8610,System_A_SinglePity,30
8611,System_A_SinglePity,21
8612,System_A_SinglePity,64
8613,System_A_SinglePity,19
8614,System_A_SinglePity,51
8615,System_A_SinglePity,80
8616,System_A_SinglePity,22
8617,System_A_SinglePity,6
8618,System_A_SinglePity,8
8619,System_A_SinglePity,36
8620,System_A_SinglePity,80
8621,System_A_SinglePity,58
8622,System_A_SinglePity,38
8623,System_A_SinglePity,35
8624,System_A_SinglePity,37
8625,System_A_SinglePity,4
8626,System_A_SinglePity,80
8627,System_A_SinglePity,80
8628,System_A_SinglePity,80
8629,System_A_SinglePity,3
8630,System_A_SinglePity,24
8631,System_A_SinglePity,2
8632,System_A_SinglePity,80
8633,System_A_SinglePity,59
8634,System_A_SinglePity,42
8635,System_A_SinglePity,37
8636,System_A_SinglePity,80
8637,System_A_SinglePity,2
8638,System_A_SinglePity,72
8639,System_A_SinglePity,18
8640,System_A_SinglePity,8
8641,System_A_SinglePity,7
8642,System_A_SinglePity,80
8643,System_A_SinglePity,51
8644,System_A_SinglePity,80
8645,System_A_SinglePity,80
8646,System_A_SinglePity,80
8647,System_A_SinglePity,76
8648,System_A_SinglePity,47
8649,System_A_SinglePity,80
8650,System_A_SinglePity,80
8651,System_A_SinglePity,2
8652,System_A_SinglePity,80
8653,System_A_SinglePity,11
8654,System_A_SinglePity,46
8655,System_A_SinglePity,5
8656,System_A_SinglePity,80
8657,System_A_SinglePity,13
8658,System_A_SinglePity,17
8659,System_A_SinglePity,13
8660,System_A_SinglePity,80
8661,System_A_SinglePity,80
8662,System_A_SinglePity,19
8663,System_A_SinglePity,1
8664,System_A_SinglePity,2
8665,System_A_SinglePity,80
8666,System_A_SinglePity,8
8667,System_A_SinglePity,36
8668,System_A_SinglePity,80
8669,System_A_SinglePity,15
8670,System_A_SinglePity,43
8671,System_A_SinglePity,7
8672,System_A_SinglePity,4
8673,System_A_SinglePity,8
8674,System_A_SinglePity,46
8675,System_A_SinglePity,7
8676,System_A_SinglePity,52
8677,System_A_SinglePity,80
8678,System_A_SinglePity,46
8679,System_A_SinglePity,30
8680,System_A_SinglePity,5
8681,System_A_SinglePity,23
8682,System_A_SinglePity,80
8683,System_A_SinglePity,80
8684,System_A_SinglePity,48
8685,System_A_SinglePity,42
8686,System_A_SinglePity,80
8687,System_A_SinglePity,52
8688,System_A_SinglePity,31
8689,System_A_SinglePity,7
8690,System_A_SinglePity,65
8691,System_A_SinglePity,13
8692,System_A_SinglePity,7
8693,System_A_SinglePity,32
8694,System_A_SinglePity,80
8695,System_A_SinglePity,13
8696,System_A_SinglePity,80
8697,System_A_SinglePity,80
8698,System_A_SinglePity,53
8699,System_A_SinglePity,18
8700,System_A_SinglePity,9
8701,System_A_SinglePity,5
8702,System_A_SinglePity,3
8703,System_A_SinglePity,37
8704,System_A_SinglePity,77
8705,System_A_SinglePity,8
8706,System_A_SinglePity,13
8707,System_A_SinglePity,28
8708,System_A_SinglePity,48
8709,System_A_SinglePity,80
8710,System_A_SinglePity,80
8711,System_A_SinglePity,80
8712,System_A_SinglePity,65
8713,System_A_SinglePity,80
8714,System_A_SinglePity,16
8715,System_A_SinglePity,8
8716,System_A_SinglePity,15
8717,System_A_SinglePity,59
8718,System_A_SinglePity,45
8719,System_A_SinglePity,12
8720,System_A_SinglePity,5
8721,System_A_SinglePity,11
8722,System_A_SinglePity,18
8723,System_A_SinglePity,80
8724,System_A_SinglePity,45
8725,System_A_SinglePity,80
8726,System_A_SinglePity,22
8727,System_A_SinglePity,39
8728,System_A_SinglePity,80
8729,System_A_SinglePity,16
8730,System_A_SinglePity,35
8731,System_A_SinglePity,60
8732,System_A_SinglePity,68
8733,System_A_SinglePity,55
8734,System_A_SinglePity,80
8735,System_A_SinglePity,80
8736,System_A_SinglePity,10
8737,System_A_SinglePity,11
8738,System_A_SinglePity,80
8739,System_A_SinglePity,18
8740,System_A_SinglePity,3
8741,System_A_SinglePity,70
8742,System_A_SinglePity,6
8743,System_A_SinglePity,80
8744,System_A_SinglePity,2
8745,System_A_SinglePity,4
8746,System_A_SinglePity,66
8747,System_A_SinglePity,29
8748,System_A_SinglePity,5
8749,System_A_SinglePity,23
8750,System_A_SinglePity,80
8751,System_A_SinglePity,48
8752,System_A_SinglePity,80
8753,System_A_SinglePity,71
8754,System_A_SinglePity,47
8755,System_A_SinglePity,38
8756,System_A_SinglePity,44
8757,System_A_SinglePity,80
8758,System_A_SinglePity,66
8759,System_A_SinglePity,45
8760,System_A_SinglePity,4
8761,System_A_SinglePity,16
8762,System_A_SinglePity,1
8763,System_A_SinglePity,49
8764,System_A_SinglePity,51
8765,System_A_SinglePity,63
8766,System_A_SinglePity,80
8767,System_A_SinglePity,1
8768,System_A_SinglePity,33
8769,System_A_SinglePity,39
8770,System_A_SinglePity,14
8771,System_A_SinglePity,43
8772,System_A_SinglePity,80
8773,System_A_SinglePity,15
8774,System_A_SinglePity,30
8775,System_A_SinglePity,13
8776,System_A_SinglePity,76
8777,System_A_SinglePity,80
8778,System_A_SinglePity,1
8779,System_A_SinglePity,22
8780,System_A_SinglePity,17
8781,System_A_SinglePity,11
8782,System_A_SinglePity,18
8783,System_A_SinglePity,60
8784,System_A_SinglePity,80
8785,System_A_SinglePity,76
8786,System_A_SinglePity,34
8787,System_A_SinglePity,54
8788,System_A_SinglePity,52
8789,System_A_SinglePity,5
8790,System_A_SinglePity,28
8791,System_A_SinglePity,71
8792,System_A_SinglePity,35
8793,System_A_SinglePity,80
8794,System_A_SinglePity,80
8795,System_A_SinglePity,25
8796,System_A_SinglePity,48
8797,System_A_SinglePity,80
8798,System_A_SinglePity,72
8799,System_A_SinglePity,5
8800,System_A_SinglePity,80
8801,System_A_SinglePity,12
8802,System_A_SinglePity,80
8803,System_A_SinglePity,27
8804,System_A_SinglePity,27
8805,System_A_SinglePity,44
8806,System_A_SinglePity,80
8807,System_A_SinglePity,80
8808,System_A_SinglePity,80
8809,System_A_SinglePity,1
8810,System_A_SinglePity,76
8811,System_A_SinglePity,46
8812,System_A_SinglePity,80
8813,System_A_SinglePity,80
8814,System_A_SinglePity,12
8815,System_A_SinglePity,80
8816,System_A_SinglePity,60
8817,System_A_SinglePity,63
8818,System_A_SinglePity,6
8819,System_A_SinglePity,9
8820,System_A_SinglePity,33
8821,System_A_SinglePity,77
8822,System_A_SinglePity,56
8823,System_A_SinglePity,80
8824,System_A_SinglePity,40
8825,System_A_SinglePity,74
8826,System_A_SinglePity,71
8827,System_A_SinglePity,50
8828,System_A_SinglePity,17
8829,System_A_SinglePity,13
8830,System_A_SinglePity,28
8831,System_A_SinglePity,16
8832,System_A_SinglePity,3
8833,System_A_SinglePity,80
8834,System_A_SinglePity,21
8835,System_A_SinglePity,8
8836,System_A_SinglePity,33
8837,System_A_SinglePity,4
8838,System_A_SinglePity,55
8839,System_A_SinglePity,80
8840,System_A_SinglePity,80
8841,System_A_SinglePity,51
8842,System_A_SinglePity,38
8843,System_A_SinglePity,38
8844,System_A_SinglePity,32
8845,System_A_SinglePity,41
8846,System_A_SinglePity,80
8847,System_A_SinglePity,23
8848,System_A_SinglePity,80
8849,System_A_SinglePity,80
8850,System_A_SinglePity,23
8851,System_A_SinglePity,80
8852,System_A_SinglePity,10
8853,System_A_SinglePity,80
8854,System_A_SinglePity,30
8855,System_A_SinglePity,80
8856,System_A_SinglePity,80
8857,System_A_SinglePity,76
8858,System_A_SinglePity,38
8859,System_A_SinglePity,11
8860,System_A_SinglePity,43
8861,System_A_SinglePity,10
8862,System_A_SinglePity,13
8863,System_A_SinglePity,80
8864,System_A_SinglePity,2
8865,System_A_SinglePity,56
8866,System_A_SinglePity,80
8867,System_A_SinglePity,10
8868,System_A_SinglePity,22
8869,System_A_SinglePity,10
8870,System_A_SinglePity,39
8871,System_A_SinglePity,80
8872,System_A_SinglePity,80
8873,System_A_SinglePity,38
8874,System_A_SinglePity,61
8875,System_A_SinglePity,55
8876,System_A_SinglePity,34
8877,System_A_SinglePity,80
8878,System_A_SinglePity,80
8879,System_A_SinglePity,80
8880,System_A_SinglePity,80
8881,System_A_SinglePity,7
8882,System_A_SinglePity,12
8883,System_A_SinglePity,9
8884,System_A_SinglePity,47
8885,System_A_SinglePity,38
8886,System_A_SinglePity,40
8887,System_A_SinglePity,11
8888,System_A_SinglePity,28
8889,System_A_SinglePity,74
8890,System_A_SinglePity,42
8891,System_A_SinglePity,80
8892,System_A_SinglePity,48
8893,System_A_SinglePity,69
8894,System_A_SinglePity,4
8895,System_A_SinglePity,80
8896,System_A_SinglePity,38
8897,System_A_SinglePity,33
8898,System_A_SinglePity,80
8899,System_A_SinglePity,11
8900,System_A_SinglePity,66
8901,System_A_SinglePity,16
8902,System_A_SinglePity,25
8903,System_A_SinglePity,33
8904,System_A_SinglePity,47
8905,System_A_SinglePity,4
8906,System_A_SinglePity,24
8907,System_A_SinglePity,8
8908,System_A_SinglePity,47
8909,System_A_SinglePity,80
8910,System_A_SinglePity,56
8911,System_A_SinglePity,56
8912,System_A_SinglePity,80
8913,System_A_SinglePity,61
8914,System_A_SinglePity,57
8915,System_A_SinglePity,27
8916,System_A_SinglePity,37
8917,System_A_SinglePity,77
8918,System_A_SinglePity,16
8919,System_A_SinglePity,21
8920,System_A_SinglePity,56
8921,System_A_SinglePity,62
8922,System_A_SinglePity,23
8923,System_A_SinglePity,80
8924,System_A_SinglePity,38
8925,System_A_SinglePity,66
8926,System_A_SinglePity,80
8927,System_A_SinglePity,28
8928,System_A_SinglePity,42
8929,System_A_SinglePity,44
8930,System_A_SinglePity,74
8931,System_A_SinglePity,9
8932,System_A_SinglePity,80
8933,System_A_SinglePity,9
8934,System_A_SinglePity,73
8935,System_A_SinglePity,80
8936,System_A_SinglePity,44
8937,System_A_SinglePity,34
8938,System_A_SinglePity,43
8939,System_A_SinglePity,40
8940,System_A_SinglePity,80
8941,System_A_SinglePity,62
8942,System_A_SinglePity,31
8943,System_A_SinglePity,80
8944,System_A_SinglePity,28
8945,System_A_SinglePity,80
8946,System_A_SinglePity,8
8947,System_A_SinglePity,22
8948,System_A_SinglePity,14
8949,System_A_SinglePity,6
8950,System_A_SinglePity,44
8951,System_A_SinglePity,28
8952,System_A_SinglePity,80
8953,System_A_SinglePity,41
8954,System_A_SinglePity,12
8955,System_A_SinglePity,25
8956,System_A_SinglePity,80
8957,System_A_SinglePity,80
8958,System_A_SinglePity,46
8959,System_A_SinglePity,42
8960,System_A_SinglePity,60
8961,System_A_SinglePity,26
8962,System_A_SinglePity,1
8963,System_A_SinglePity,38
8964,System_A_SinglePity,56
8965,System_A_SinglePity,80
8966,System_A_SinglePity,80
8967,System_A_SinglePity,80
8968,System_A_SinglePity,29
8969,System_A_SinglePity,61
8970,System_A_SinglePity,29
8971,System_A_SinglePity,45
8972,System_A_SinglePity,70
8973,System_A_SinglePity,76
8974,System_A_SinglePity,15
8975,System_A_SinglePity,42
8976,System_A_SinglePity,24
8977,System_A_SinglePity,12
8978,System_A_SinglePity,80
8979,System_A_SinglePity,26
8980,System_A_SinglePity,55
8981,System_A_SinglePity,18
8982,System_A_SinglePity,80
8983,System_A_SinglePity,77
8984,System_A_SinglePity,80
8985,System_A_SinglePity,66
8986,System_A_SinglePity,19
8987,System_A_SinglePity,80
8988,System_A_SinglePity,6
8989,System_A_SinglePity,44
8990,System_A_SinglePity,80
8991,System_A_SinglePity,80
8992,System_A_SinglePity,40
8993,System_A_SinglePity,13
8994,System_A_SinglePity,80
8995,System_A_SinglePity,14
8996,System_A_SinglePity,4
8997,System_A_SinglePity,52
8998,System_A_SinglePity,26
8999,System_A_SinglePity,21
9000,System_A_SinglePity,28
9001,System_A_SinglePity,80
9002,System_A_SinglePity,34
9003,System_A_SinglePity,38
9004,System_A_SinglePity,80
9005,System_A_SinglePity,22
9006,System_A_SinglePity,47
9007,System_A_SinglePity,22
9008,System_A_SinglePity,13
9009,System_A_SinglePity,80
9010,System_A_SinglePity,7
9011,System_A_SinglePity,23
9012,System_A_SinglePity,80
9013,System_A_SinglePity,80
9014,System_A_SinglePity,8
9015,System_A_SinglePity,36
9016,System_A_SinglePity,80
9017,System_A_SinglePity,27
9018,System_A_SinglePity,80
9019,System_A_SinglePity,28
9020,System_A_SinglePity,22
9021,System_A_SinglePity,56
9022,System_A_SinglePity,16
9023,System_A_SinglePity,47
9024,System_A_SinglePity,72
9025,System_A_SinglePity,69
9026,System_A_SinglePity,21
9027,System_A_SinglePity,21
9028,System_A_SinglePity,57
9029,System_A_SinglePity,8
9030,System_A_SinglePity,77
9031,System_A_SinglePity,38
9032,System_A_SinglePity,6
9033,System_A_SinglePity,10
9034,System_A_SinglePity,80
9035,System_A_SinglePity,80
9036,System_A_SinglePity,80
9037,System_A_SinglePity,60
9038,System_A_SinglePity,22
9039,System_A_SinglePity,11
9040,System_A_SinglePity,63
9041,System_A_SinglePity,40
9042,System_A_SinglePity,80
9043,System_A_SinglePity,32
9044,System_A_SinglePity,32
9045,System_A_SinglePity,48
9046,System_A_SinglePity,78
9047,System_A_SinglePity,15
9048,System_A_SinglePity,61
9049,System_A_SinglePity,56
9050,System_A_SinglePity,32
9051,System_A_SinglePity,32
9052,System_A_SinglePity,80
9053,System_A_SinglePity,53
9054,System_A_SinglePity,20
9055,System_A_SinglePity,80
9056,System_A_SinglePity,80
9057,System_A_SinglePity,68
9058,System_A_SinglePity,25
9059,System_A_SinglePity,80
9060,System_A_SinglePity,29
9061,System_A_SinglePity,34
9062,System_A_SinglePity,10
9063,System_A_SinglePity,56
9064,System_A_SinglePity,40
9065,System_A_SinglePity,68
9066,System_A_SinglePity,2
9067,System_A_SinglePity,13
9068,System_A_SinglePity,6
9069,System_A_SinglePity,16
9070,System_A_SinglePity,80
9071,System_A_SinglePity,80
9072,System_A_SinglePity,47
9073,System_A_SinglePity,8
9074,System_A_SinglePity,78
9075,System_A_SinglePity,21
9076,System_A_SinglePity,45
9077,System_A_SinglePity,80
9078,System_A_SinglePity,13
9079,System_A_SinglePity,45
9080,System_A_SinglePity,17
9081,System_A_SinglePity,57
9082,System_A_SinglePity,29
9083,System_A_SinglePity,80
9084,System_A_SinglePity,73
9085,System_A_SinglePity,80
9086,System_A_SinglePity,32
9087,System_A_SinglePity,19
9088,System_A_SinglePity,20
9089,System_A_SinglePity,14
9090,System_A_SinglePity,80
9091,System_A_SinglePity,48
9092,System_A_SinglePity,15
9093,System_A_SinglePity,38
9094,System_A_SinglePity,25
9095,System_A_SinglePity,49
9096,System_A_SinglePity,80
9097,System_A_SinglePity,80
9098,System_A_SinglePity,24
9099,System_A_SinglePity,58
9100,System_A_SinglePity,36
9101,System_A_SinglePity,55
9102,System_A_SinglePity,28
9103,System_A_SinglePity,20
9104,System_A_SinglePity,8
9105,System_A_SinglePity,54
9106,System_A_SinglePity,6
9107,System_A_SinglePity,80
9108,System_A_SinglePity,20
9109,System_A_SinglePity,80
9110,System_A_SinglePity,38
9111,System_A_SinglePity,80
9112,System_A_SinglePity,80
9113,System_A_SinglePity,3
9114,System_A_SinglePity,35
9115,System_A_SinglePity,76
9116,System_A_SinglePity,1
9117,System_A_SinglePity,80
9118,System_A_SinglePity,15
9119,System_A_SinglePity,33
9120,System_A_SinglePity,80
9121,System_A_SinglePity,80
9122,System_A_SinglePity,80
9123,System_A_SinglePity,47
9124,System_A_SinglePity,80
9125,System_A_SinglePity,22
9126,System_A_SinglePity,8
9127,System_A_SinglePity,6
9128,System_A_SinglePity,5
9129,System_A_SinglePity,36
9130,System_A_SinglePity,78
9131,System_A_SinglePity,80
9132,System_A_SinglePity,80
9133,System_A_SinglePity,20
9134,System_A_SinglePity,46
9135,System_A_SinglePity,75
9136,System_A_SinglePity,80
9137,System_A_SinglePity,80
9138,System_A_SinglePity,58
9139,System_A_SinglePity,33
9140,System_A_SinglePity,29
9141,System_A_SinglePity,2
9142,System_A_SinglePity,80
9143,System_A_SinglePity,10
9144,System_A_SinglePity,61
9145,System_A_SinglePity,41
9146,System_A_SinglePity,29
9147,System_A_SinglePity,80
9148,System_A_SinglePity,48
9149,System_A_SinglePity,80
9150,System_A_SinglePity,20
9151,System_A_SinglePity,12
9152,System_A_SinglePity,6
9153,System_A_SinglePity,80
9154,System_A_SinglePity,49
9155,System_A_SinglePity,45
9156,System_A_SinglePity,80
9157,System_A_SinglePity,80
9158,System_A_SinglePity,49
9159,System_A_SinglePity,47
9160,System_A_SinglePity,47
9161,System_A_SinglePity,80
9162,System_A_SinglePity,13
9163,System_A_SinglePity,24
9164,System_A_SinglePity,8
9165,System_A_SinglePity,1
9166,System_A_SinglePity,64
9167,System_A_SinglePity,60
9168,System_A_SinglePity,80
9169,System_A_SinglePity,1
9170,System_A_SinglePity,8
9171,System_A_SinglePity,19
9172,System_A_SinglePity,80
9173,System_A_SinglePity,65
9174,System_A_SinglePity,33
9175,System_A_SinglePity,80
9176,System_A_SinglePity,80
9177,System_A_SinglePity,13
9178,System_A_SinglePity,80
9179,System_A_SinglePity,38
9180,System_A_SinglePity,52
9181,System_A_SinglePity,80
9182,System_A_SinglePity,80
9183,System_A_SinglePity,80
9184,System_A_SinglePity,80
9185,System_A_SinglePity,80
9186,System_A_SinglePity,17
9187,System_A_SinglePity,3
9188,System_A_SinglePity,33
9189,System_A_SinglePity,4
9190,System_A_SinglePity,80
9191,System_A_SinglePity,26
9192,System_A_SinglePity,80
9193,System_A_SinglePity,16
9194,System_A_SinglePity,44
9195,System_A_SinglePity,80
9196,System_A_SinglePity,3
9197,System_A_SinglePity,80
9198,System_A_SinglePity,6
9199,System_A_SinglePity,7
9200,System_A_SinglePity,25
9201,System_A_SinglePity,32
9202,System_A_SinglePity,22
9203,System_A_SinglePity,10
9204,System_A_SinglePity,46
9205,System_A_SinglePity,80
9206,System_A_SinglePity,31
9207,System_A_SinglePity,80
9208,System_A_SinglePity,75
9209,System_A_SinglePity,80
9210,System_A_SinglePity,4
9211,System_A_SinglePity,7
9212,System_A_SinglePity,26
9213,System_A_SinglePity,28
9214,System_A_SinglePity,80
9215,System_A_SinglePity,27
9216,System_A_SinglePity,24
9217,System_A_SinglePity,20
9218,System_A_SinglePity,14
9219,System_A_SinglePity,45
9220,System_A_SinglePity,80
9221,System_A_SinglePity,80
9222,System_A_SinglePity,27
9223,System_A_SinglePity,53
9224,System_A_SinglePity,80
9225,System_A_SinglePity,80
9226,System_A_SinglePity,25
9227,System_A_SinglePity,24
9228,System_A_SinglePity,62
9229,System_A_SinglePity,74
9230,System_A_SinglePity,31
9231,System_A_SinglePity,79
9232,System_A_SinglePity,40
9233,System_A_SinglePity,80
9234,System_A_SinglePity,70
9235,System_A_SinglePity,2
9236,System_A_SinglePity,5
9237,System_A_SinglePity,6
9238,System_A_SinglePity,18
9239,System_A_SinglePity,20
9240,System_A_SinglePity,14
9241,System_A_SinglePity,10
9242,System_A_SinglePity,68
9243,System_A_SinglePity,48
9244,System_A_SinglePity,45
9245,System_A_SinglePity,11
9246,System_A_SinglePity,1
9247,System_A_SinglePity,60
9248,System_A_SinglePity,25
9249,System_A_SinglePity,26
9250,System_A_SinglePity,8
9251,System_A_SinglePity,74
9252,System_A_SinglePity,12
9253,System_A_SinglePity,11
9254,System_A_SinglePity,80
9255,System_A_SinglePity,80
9256,System_A_SinglePity,55
9257,System_A_SinglePity,80
9258,System_A_SinglePity,69
9259,System_A_SinglePity,71
9260,System_A_SinglePity,10
9261,System_A_SinglePity,5
9262,System_A_SinglePity,6
9263,System_A_SinglePity,16
9264,System_A_SinglePity,30
9265,System_A_SinglePity,30
9266,System_A_SinglePity,17
9267,System_A_SinglePity,74
9268,System_A_SinglePity,80
9269,System_A_SinglePity,10
9270,System_A_SinglePity,2
9271,System_A_SinglePity,80
9272,System_A_SinglePity,34
9273,System_A_SinglePity,3
9274,System_A_SinglePity,51
9275,System_A_SinglePity,41
9276,System_A_SinglePity,80
9277,System_A_SinglePity,80
9278,System_A_SinglePity,80
9279,System_A_SinglePity,18
9280,System_A_SinglePity,40
9281,System_A_SinglePity,31
9282,System_A_SinglePity,28
9283,System_A_SinglePity,30
9284,System_A_SinglePity,5
9285,System_A_SinglePity,80
9286,System_A_SinglePity,18
9287,System_A_SinglePity,80
9288,System_A_SinglePity,80
9289,System_A_SinglePity,80
9290,System_A_SinglePity,61
9291,System_A_SinglePity,28
9292,System_A_SinglePity,67
9293,System_A_SinglePity,13
9294,System_A_SinglePity,3
9295,System_A_SinglePity,80
9296,System_A_SinglePity,80
9297,System_A_SinglePity,34
9298,System_A_SinglePity,25
9299,System_A_SinglePity,77
9300,System_A_SinglePity,1
9301,System_A_SinglePity,11
9302,System_A_SinglePity,4
9303,System_A_SinglePity,19
9304,System_A_SinglePity,18
9305,System_A_SinglePity,28
9306,System_A_SinglePity,58
9307,System_A_SinglePity,13
9308,System_A_SinglePity,66
9309,System_A_SinglePity,30
9310,System_A_SinglePity,23
9311,System_A_SinglePity,4
9312,System_A_SinglePity,25
9313,System_A_SinglePity,12
9314,System_A_SinglePity,78
9315,System_A_SinglePity,44
9316,System_A_SinglePity,44
9317,System_A_SinglePity,80
9318,System_A_SinglePity,22
9319,System_A_SinglePity,5
9320,System_A_SinglePity,75
9321,System_A_SinglePity,80
9322,System_A_SinglePity,67
9323,System_A_SinglePity,80
9324,System_A_SinglePity,80
9325,System_A_SinglePity,80
9326,System_A_SinglePity,78
9327,System_A_SinglePity,5
9328,System_A_SinglePity,57
9329,System_A_SinglePity,80
9330,System_A_SinglePity,62
9331,System_A_SinglePity,9
9332,System_A_SinglePity,64
9333,System_A_SinglePity,42
9334,System_A_SinglePity,80
9335,System_A_SinglePity,11
9336,System_A_SinglePity,38
9337,System_A_SinglePity,26
9338,System_A_SinglePity,56
9339,System_A_SinglePity,4
9340,System_A_SinglePity,7
9341,System_A_SinglePity,80
9342,System_A_SinglePity,5
9343,System_A_SinglePity,80
9344,System_A_SinglePity,23
9345,System_A_SinglePity,80
9346,System_A_SinglePity,6
9347,System_A_SinglePity,62
9348,System_A_SinglePity,80
9349,System_A_SinglePity,21
9350,System_A_SinglePity,64
9351,System_A_SinglePity,80
9352,System_A_SinglePity,28
9353,System_A_SinglePity,59
9354,System_A_SinglePity,16
9355,System_A_SinglePity,57
9356,System_A_SinglePity,23
9357,System_A_SinglePity,80
9358,System_A_SinglePity,17
9359,System_A_SinglePity,30
9360,System_A_SinglePity,80
9361,System_A_SinglePity,2
9362,System_A_SinglePity,63
9363,System_A_SinglePity,29
9364,System_A_SinglePity,80
9365,System_A_SinglePity,80
9366,System_A_SinglePity,80
9367,System_A_SinglePity,3
9368,System_A_SinglePity,73
9369,System_A_SinglePity,35
9370,System_A_SinglePity,80
9371,System_A_SinglePity,42
9372,System_A_SinglePity,80
9373,System_A_SinglePity,80
9374,System_A_SinglePity,35
9375,System_A_SinglePity,21
9376,System_A_SinglePity,47
9377,System_A_SinglePity,13
9378,System_A_SinglePity,80
9379,System_A_SinglePity,13
9380,System_A_SinglePity,12
9381,System_A_SinglePity,24
9382,System_A_SinglePity,5
9383,System_A_SinglePity,44
9384,System_A_SinglePity,76
9385,System_A_SinglePity,69
9386,System_A_SinglePity,20
9387,System_A_SinglePity,58
9388,System_A_SinglePity,72
9389,System_A_SinglePity,80
9390,System_A_SinglePity,25
9391,System_A_SinglePity,80
9392,System_A_SinglePity,80
9393,System_A_SinglePity,1
9394,System_A_SinglePity,21
9395,System_A_SinglePity,8
9396,System_A_SinglePity,79
9397,System_A_SinglePity,26
9398,System_A_SinglePity,68
9399,System_A_SinglePity,12
9400,System_A_SinglePity,80
9401,System_A_SinglePity,29
9402,System_A_SinglePity,80
9403,System_A_SinglePity,31
9404,System_A_SinglePity,46
9405,System_A_SinglePity,80
9406,System_A_SinglePity,80
9407,System_A_SinglePity,46
9408,System_A_SinglePity,31
9409,System_A_SinglePity,55
9410,System_A_SinglePity,80
9411,System_A_SinglePity,13
9412,System_A_SinglePity,55
9413,System_A_SinglePity,21
9414,System_A_SinglePity,3
9415,System_A_SinglePity,80
9416,System_A_SinglePity,64
9417,System_A_SinglePity,20
9418,System_A_SinglePity,80
9419,System_A_SinglePity,80
9420,System_A_SinglePity,52
9421,System_A_SinglePity,64
9422,System_A_SinglePity,18
9423,System_A_SinglePity,80
9424,System_A_SinglePity,4
9425,System_A_SinglePity,80
9426,System_A_SinglePity,23
9427,System_A_SinglePity,11
9428,System_A_SinglePity,80
9429,System_A_SinglePity,12
9430,System_A_SinglePity,23
9431,System_A_SinglePity,12
9432,System_A_SinglePity,24
9433,System_A_SinglePity,75
9434,System_A_SinglePity,35
9435,System_A_SinglePity,12
9436,System_A_SinglePity,46
9437,System_A_SinglePity,18
9438,System_A_SinglePity,80
9439,System_A_SinglePity,7
9440,System_A_SinglePity,18
9441,System_A_SinglePity,80
9442,System_A_SinglePity,80
9443,System_A_SinglePity,80
9444,System_A_SinglePity,73
9445,System_A_SinglePity,13
9446,System_A_SinglePity,12
9447,System_A_SinglePity,75
9448,System_A_SinglePity,80
9449,System_A_SinglePity,2
9450,System_A_SinglePity,80
9451,System_A_SinglePity,80
9452,System_A_SinglePity,57
9453,System_A_SinglePity,77
9454,System_A_SinglePity,36
9455,System_A_SinglePity,30
9456,System_A_SinglePity,80
9457,System_A_SinglePity,52
9458,System_A_SinglePity,1
9459,System_A_SinglePity,80
9460,System_A_SinglePity,11
9461,System_A_SinglePity,80
9462,System_A_SinglePity,2
9463,System_A_SinglePity,39
9464,System_A_SinglePity,80
9465,System_A_SinglePity,80
9466,System_A_SinglePity,80
9467,System_A_SinglePity,80
9468,System_A_SinglePity,11
9469,System_A_SinglePity,50
9470,System_A_SinglePity,44
9471,System_A_SinglePity,80
9472,System_A_SinglePity,11
9473,System_A_SinglePity,23
9474,System_A_SinglePity,16
9475,System_A_SinglePity,4
9476,System_A_SinglePity,80
9477,System_A_SinglePity,60
9478,System_A_SinglePity,37
9479,System_A_SinglePity,11
9480,System_A_SinglePity,31
9481,System_A_SinglePity,80
9482,System_A_SinglePity,80
9483,System_A_SinglePity,17
9484,System_A_SinglePity,49
9485,System_A_SinglePity,47
9486,System_A_SinglePity,26
9487,System_A_SinglePity,14
9488,System_A_SinglePity,31
9489,System_A_SinglePity,53
9490,System_A_SinglePity,59
9491,System_A_SinglePity,80
9492,System_A_SinglePity,80
9493,System_A_SinglePity,80
9494,System_A_SinglePity,2
9495,System_A_SinglePity,80
9496,System_A_SinglePity,32
9497,System_A_SinglePity,8
9498,System_A_SinglePity,36
9499,System_A_SinglePity,80
9500,System_A_SinglePity,80
9501,System_A_SinglePity,78
9502,System_A_SinglePity,80
9503,System_A_SinglePity,80
9504,System_A_SinglePity,28
9505,System_A_SinglePity,59
9506,System_A_SinglePity,72
9507,System_A_SinglePity,17
9508,System_A_SinglePity,40
9509,System_A_SinglePity,12
9510,System_A_SinglePity,55
9511,System_A_SinglePity,23
9512,System_A_SinglePity,17
9513,System_A_SinglePity,48
9514,System_A_SinglePity,68
9515,System_A_SinglePity,21
9516,System_A_SinglePity,12
9517,System_A_SinglePity,8
9518,System_A_SinglePity,17
9519,System_A_SinglePity,80
9520,System_A_SinglePity,80
9521,System_A_SinglePity,14
9522,System_A_SinglePity,1
9523,System_A_SinglePity,39
9524,System_A_SinglePity,80
9525,System_A_SinglePity,12
9526,System_A_SinglePity,61
9527,System_A_SinglePity,39
9528,System_A_SinglePity,80
9529,System_A_SinglePity,75
9530,System_A_SinglePity,17
9531,System_A_SinglePity,26
9532,System_A_SinglePity,34
9533,System_A_SinglePity,71
9534,System_A_SinglePity,20
9535,System_A_SinglePity,31
9536,System_A_SinglePity,80
9537,System_A_SinglePity,80
9538,System_A_SinglePity,80
9539,System_A_SinglePity,12
9540,System_A_SinglePity,43
9541,System_A_SinglePity,43
9542,System_A_SinglePity,16
9543,System_A_SinglePity,64
9544,System_A_SinglePity,80
9545,System_A_SinglePity,50
9546,System_A_SinglePity,80
9547,System_A_SinglePity,19
9548,System_A_SinglePity,12
9549,System_A_SinglePity,6
9550,System_A_SinglePity,59
9551,System_A_SinglePity,42
9552,System_A_SinglePity,21
9553,System_A_SinglePity,17
9554,System_A_SinglePity,64
9555,System_A_SinglePity,80
9556,System_A_SinglePity,35
9557,System_A_SinglePity,80
9558,System_A_SinglePity,80
9559,System_A_SinglePity,9
9560,System_A_SinglePity,24
9561,System_A_SinglePity,21
9562,System_A_SinglePity,80
9563,System_A_SinglePity,11
9564,System_A_SinglePity,80
9565,System_A_SinglePity,41
9566,System_A_SinglePity,48
9567,System_A_SinglePity,80
9568,System_A_SinglePity,80
9569,System_A_SinglePity,65
9570,System_A_SinglePity,80
9571,System_A_SinglePity,33
9572,System_A_SinglePity,80
9573,System_A_SinglePity,42
9574,System_A_SinglePity,10
9575,System_A_SinglePity,80
9576,System_A_SinglePity,4
9577,System_A_SinglePity,80
9578,System_A_SinglePity,11
9579,System_A_SinglePity,80
9580,System_A_SinglePity,80
9581,System_A_SinglePity,80
9582,System_A_SinglePity,11
9583,System_A_SinglePity,73
9584,System_A_SinglePity,6
9585,System_A_SinglePity,40
9586,System_A_SinglePity,80
9587,System_A_SinglePity,36
9588,System_A_SinglePity,64
9589,System_A_SinglePity,79
9590,System_A_SinglePity,36
9591,System_A_SinglePity,80
9592,System_A_SinglePity,80
9593,System_A_SinglePity,28
9594,System_A_SinglePity,66
9595,System_A_SinglePity,19
9596,System_A_SinglePity,2
9597,System_A_SinglePity,80
9598,System_A_SinglePity,80
9599,System_A_SinglePity,38
9600,System_A_SinglePity,22
9601,System_A_SinglePity,80
9602,System_A_SinglePity,80
9603,System_A_SinglePity,45
9604,System_A_SinglePity,6
9605,System_A_SinglePity,20
9606,System_A_SinglePity,25
9607,System_A_SinglePity,15
9608,System_A_SinglePity,80
9609,System_A_SinglePity,5
9610,System_A_SinglePity,3
9611,System_A_SinglePity,80
9612,System_A_SinglePity,49
9613,System_A_SinglePity,80
9614,System_A_SinglePity,25
9615,System_A_SinglePity,80
9616,System_A_SinglePity,73
9617,System_A_SinglePity,80
9618,System_A_SinglePity,80
9619,System_A_SinglePity,80
9620,System_A_SinglePity,17
9621,System_A_SinglePity,11
9622,System_A_SinglePity,80
9623,System_A_SinglePity,80
9624,System_A_SinglePity,43
9625,System_A_SinglePity,65
9626,System_A_SinglePity,27
9627,System_A_SinglePity,45
9628,System_A_SinglePity,4
9629,System_A_SinglePity,2
9630,System_A_SinglePity,80
9631,System_A_SinglePity,70
9632,System_A_SinglePity,31
9633,System_A_SinglePity,24
9634,System_A_SinglePity,80
9635,System_A_SinglePity,72
9636,System_A_SinglePity,62
9637,System_A_SinglePity,80
9638,System_A_SinglePity,12
9639,System_A_SinglePity,80
9640,System_A_SinglePity,1
9641,System_A_SinglePity,36
9642,System_A_SinglePity,80
9643,System_A_SinglePity,32
9644,System_A_SinglePity,80
9645,System_A_SinglePity,80
9646,System_A_SinglePity,80
9647,System_A_SinglePity,80
9648,System_A_SinglePity,11
9649,System_A_SinglePity,80
9650,System_A_SinglePity,32
9651,System_A_SinglePity,80
9652,System_A_SinglePity,80
9653,System_A_SinglePity,33
9654,System_A_SinglePity,80
9655,System_A_SinglePity,80
9656,System_A_SinglePity,80
9657,System_A_SinglePity,80
9658,System_A_SinglePity,80
9659,System_A_SinglePity,2
9660,System_A_SinglePity,80
9661,System_A_SinglePity,15
9662,System_A_SinglePity,10
9663,System_A_SinglePity,80
9664,System_A_SinglePity,55
9665,System_A_SinglePity,80
9666,System_A_SinglePity,26
9667,System_A_SinglePity,65
9668,System_A_SinglePity,11
9669,System_A_SinglePity,43
9670,System_A_SinglePity,80
9671,System_A_SinglePity,32
9672,System_A_SinglePity,80
9673,System_A_SinglePity,36
9674,System_A_SinglePity,80
9675,System_A_SinglePity,80
9676,System_A_SinglePity,19
9677,System_A_SinglePity,53
9678,System_A_SinglePity,13
9679,System_A_SinglePity,46
9680,System_A_SinglePity,73
9681,System_A_SinglePity,7
9682,System_A_SinglePity,80
9683,System_A_SinglePity,80
9684,System_A_SinglePity,48
9685,System_A_SinglePity,80
9686,System_A_SinglePity,31
9687,System_A_SinglePity,10
9688,System_A_SinglePity,60
9689,System_A_SinglePity,80
9690,System_A_SinglePity,54
9691,System_A_SinglePity,30
9692,System_A_SinglePity,68
9693,System_A_SinglePity,80
9694,System_A_SinglePity,48
9695,System_A_SinglePity,32
9696,System_A_SinglePity,12
9697,System_A_SinglePity,8
9698,System_A_SinglePity,80
9699,System_A_SinglePity,80
9700,System_A_SinglePity,25
9701,System_A_SinglePity,80
9702,System_A_SinglePity,16
9703,System_A_SinglePity,80
9704,System_A_SinglePity,19
9705,System_A_SinglePity,80
9706,System_A_SinglePity,19
9707,System_A_SinglePity,8
9708,System_A_SinglePity,18
9709,System_A_SinglePity,36
9710,System_A_SinglePity,15
9711,System_A_SinglePity,13
9712,System_A_SinglePity,10
9713,System_A_SinglePity,47
9714,System_A_SinglePity,25
9715,System_A_SinglePity,53
9716,System_A_SinglePity,6
9717,System_A_SinglePity,14
9718,System_A_SinglePity,10
9719,System_A_SinglePity,18
9720,System_A_SinglePity,80
9721,System_A_SinglePity,80
9722,System_A_SinglePity,80
9723,System_A_SinglePity,79
9724,System_A_SinglePity,80
9725,System_A_SinglePity,80
9726,System_A_SinglePity,80
9727,System_A_SinglePity,4
9728,System_A_SinglePity,80
9729,System_A_SinglePity,43
9730,System_A_SinglePity,56
9731,System_A_SinglePity,17
9732,System_A_SinglePity,36
9733,System_A_SinglePity,13
9734,System_A_SinglePity,54
9735,System_A_SinglePity,14
9736,System_A_SinglePity,8
9737,System_A_SinglePity,80
9738,System_A_SinglePity,27
9739,System_A_SinglePity,80
9740,System_A_SinglePity,50
9741,System_A_SinglePity,80
9742,System_A_SinglePity,61
9743,System_A_SinglePity,80
9744,System_A_SinglePity,36
9745,System_A_SinglePity,80
9746,System_A_SinglePity,17
9747,System_A_SinglePity,11
9748,System_A_SinglePity,47
9749,System_A_SinglePity,28
9750,System_A_SinglePity,34
9751,System_A_SinglePity,80
9752,System_A_SinglePity,10
9753,System_A_SinglePity,43
9754,System_A_SinglePity,41
9755,System_A_SinglePity,65
9756,System_A_SinglePity,74
9757,System_A_SinglePity,25
9758,System_A_SinglePity,22
9759,System_A_SinglePity,80
9760,System_A_SinglePity,21
9761,System_A_SinglePity,8
9762,System_A_SinglePity,6
9763,System_A_SinglePity,25
9764,System_A_SinglePity,3
9765,System_A_SinglePity,80
9766,System_A_SinglePity,80
9767,System_A_SinglePity,54
9768,System_A_SinglePity,80
9769,System_A_SinglePity,21
9770,System_A_SinglePity,80
9771,System_A_SinglePity,70
9772,System_A_SinglePity,44
9773,System_A_SinglePity,30
9774,System_A_SinglePity,80
9775,System_A_SinglePity,80
9776,System_A_SinglePity,69
9777,System_A_SinglePity,13
9778,System_A_SinglePity,80
9779,System_A_SinglePity,66
9780,System_A_SinglePity,60
9781,System_A_SinglePity,80
9782,System_A_SinglePity,18
9783,System_A_SinglePity,77
9784,System_A_SinglePity,80
9785,System_A_SinglePity,72
9786,System_A_SinglePity,80
9787,System_A_SinglePity,41
9788,System_A_SinglePity,64
9789,System_A_SinglePity,4
9790,System_A_SinglePity,1
9791,System_A_SinglePity,80
9792,System_A_SinglePity,80
9793,System_A_SinglePity,3
9794,System_A_SinglePity,25
9795,System_A_SinglePity,33
9796,System_A_SinglePity,41
9797,System_A_SinglePity,56
9798,System_A_SinglePity,80
9799,System_A_SinglePity,80
9800,System_A_SinglePity,80
9801,System_A_SinglePity,80
9802,System_A_SinglePity,80
9803,System_A_SinglePity,31
9804,System_A_SinglePity,8
9805,System_A_SinglePity,1
9806,System_A_SinglePity,11
9807,System_A_SinglePity,80
9808,System_A_SinglePity,21
9809,System_A_SinglePity,80
9810,System_A_SinglePity,57
9811,System_A_SinglePity,15
9812,System_A_SinglePity,38
9813,System_A_SinglePity,14
9814,System_A_SinglePity,15
9815,System_A_SinglePity,10
9816,System_A_SinglePity,11
9817,System_A_SinglePity,80
9818,System_A_SinglePity,20
9819,System_A_SinglePity,28
9820,System_A_SinglePity,80
9821,System_A_SinglePity,1
9822,System_A_SinglePity,12
9823,System_A_SinglePity,80
9824,System_A_SinglePity,2
9825,System_A_SinglePity,32
9826,System_A_SinglePity,77
9827,System_A_SinglePity,15
9828,System_A_SinglePity,24
9829,System_A_SinglePity,41
9830,System_A_SinglePity,28
9831,System_A_SinglePity,80
9832,System_A_SinglePity,56
9833,System_A_SinglePity,80
9834,System_A_SinglePity,23
9835,System_A_SinglePity,16
9836,System_A_SinglePity,24
9837,System_A_SinglePity,80
9838,System_A_SinglePity,28
9839,System_A_SinglePity,36
9840,System_A_SinglePity,59
9841,System_A_SinglePity,20
9842,System_A_SinglePity,80
9843,System_A_SinglePity,10
9844,System_A_SinglePity,12
9845,System_A_SinglePity,40
9846,System_A_SinglePity,5
9847,System_A_SinglePity,34
9848,System_A_SinglePity,18
9849,System_A_SinglePity,80
9850,System_A_SinglePity,15
9851,System_A_SinglePity,80
9852,System_A_SinglePity,20
9853,System_A_SinglePity,80
9854,System_A_SinglePity,80
9855,System_A_SinglePity,53
9856,System_A_SinglePity,44
9857,System_A_SinglePity,45
9858,System_A_SinglePity,80
9859,System_A_SinglePity,20
9860,System_A_SinglePity,1
9861,System_A_SinglePity,2
9862,System_A_SinglePity,80
9863,System_A_SinglePity,80
9864,System_A_SinglePity,80
9865,System_A_SinglePity,59
9866,System_A_SinglePity,27
9867,System_A_SinglePity,48
9868,System_A_SinglePity,80
9869,System_A_SinglePity,23
9870,System_A_SinglePity,19
9871,System_A_SinglePity,80
9872,System_A_SinglePity,26
9873,System_A_SinglePity,2
9874,System_A_SinglePity,55
9875,System_A_SinglePity,18
9876,System_A_SinglePity,80
9877,System_A_SinglePity,80
9878,System_A_SinglePity,80
9879,System_A_SinglePity,19
9880,System_A_SinglePity,80
9881,System_A_SinglePity,80
9882,System_A_SinglePity,80
9883,System_A_SinglePity,80
9884,System_A_SinglePity,17
9885,System_A_SinglePity,80
9886,System_A_SinglePity,29
9887,System_A_SinglePity,31
9888,System_A_SinglePity,27
9889,System_A_SinglePity,39
9890,System_A_SinglePity,80
9891,System_A_SinglePity,20
9892,System_A_SinglePity,18
9893,System_A_SinglePity,24
9894,System_A_SinglePity,80
9895,System_A_SinglePity,64
9896,System_A_SinglePity,20
9897,System_A_SinglePity,80
9898,System_A_SinglePity,80
9899,System_A_SinglePity,43
9900,System_A_SinglePity,73
9901,System_A_SinglePity,80
9902,System_A_SinglePity,36
9903,System_A_SinglePity,22
9904,System_A_SinglePity,80
9905,System_A_SinglePity,22
9906,System_A_SinglePity,39
9907,System_A_SinglePity,80
9908,System_A_SinglePity,41
9909,System_A_SinglePity,80
9910,System_A_SinglePity,60
9911,System_A_SinglePity,35
9912,System_A_SinglePity,8
9913,System_A_SinglePity,80
9914,System_A_SinglePity,10
9915,System_A_SinglePity,15
9916,System_A_SinglePity,19
9917,System_A_SinglePity,80
9918,System_A_SinglePity,80
9919,System_A_SinglePity,80
9920,System_A_SinglePity,17
9921,System_A_SinglePity,80
9922,System_A_SinglePity,60
9923,System_A_SinglePity,40
9924,System_A_SinglePity,19
9925,System_A_SinglePity,68
9926,System_A_SinglePity,34
9927,System_A_SinglePity,80
9928,System_A_SinglePity,80
9929,System_A_SinglePity,80
9930,System_A_SinglePity,71
9931,System_A_SinglePity,80
9932,System_A_SinglePity,80
9933,System_A_SinglePity,8
9934,System_A_SinglePity,80
9935,System_A_SinglePity,17
9936,System_A_SinglePity,80
9937,System_A_SinglePity,80
9938,System_A_SinglePity,37
9939,System_A_SinglePity,35
9940,System_A_SinglePity,51
9941,System_A_SinglePity,53
9942,System_A_SinglePity,80
9943,System_A_SinglePity,80
9944,System_A_SinglePity,33
9945,System_A_SinglePity,80
9946,System_A_SinglePity,32
9947,System_A_SinglePity,28
9948,System_A_SinglePity,80
9949,System_A_SinglePity,33
9950,System_A_SinglePity,27
9951,System_A_SinglePity,11
9952,System_A_SinglePity,32
9953,System_A_SinglePity,80
9954,System_A_SinglePity,15
9955,System_A_SinglePity,32
9956,System_A_SinglePity,52
9957,System_A_SinglePity,80
9958,System_A_SinglePity,54
9959,System_A_SinglePity,80
9960,System_A_SinglePity,47
9961,System_A_SinglePity,80
9962,System_A_SinglePity,80
9963,System_A_SinglePity,11
9964,System_A_SinglePity,80
9965,System_A_SinglePity,69
9966,System_A_SinglePity,29
9967,System_A_SinglePity,31
9968,System_A_SinglePity,80
9969,System_A_SinglePity,66
9970,System_A_SinglePity,80
9971,System_A_SinglePity,39
9972,System_A_SinglePity,80
9973,System_A_SinglePity,12
9974,System_A_SinglePity,9
9975,System_A_SinglePity,36
9976,System_A_SinglePity,66
9977,System_A_SinglePity,80
9978,System_A_SinglePity,2
9979,System_A_SinglePity,80
9980,System_A_SinglePity,50
9981,System_A_SinglePity,22
9982,System_A_SinglePity,80
9983,System_A_SinglePity,80
9984,System_A_SinglePity,19
9985,System_A_SinglePity,17
9986,System_A_SinglePity,54
9987,System_A_SinglePity,80
9988,System_A_SinglePity,18
9989,System_A_SinglePity,35
9990,System_A_SinglePity,25
9991,System_A_SinglePity,11
9992,System_A_SinglePity,4
9993,System_A_SinglePity,3
9994,System_A_SinglePity,56
9995,System_A_SinglePity,25
9996,System_A_SinglePity,77
9997,System_A_SinglePity,80
9998,System_A_SinglePity,8
9999,System_A_SinglePity,80
10000,System_A_SinglePity,8
1,System_B_TwoStageOffBanner,107
2,System_B_TwoStageOffBanner,80
3,System_B_TwoStageOffBanner,79
4,System_B_TwoStageOffBanner,76
5,System_B_TwoStageOffBanner,113
6,System_B_TwoStageOffBanner,116
7,System_B_TwoStageOffBanner,157
8,System_B_TwoStageOffBanner,80
9,System_B_TwoStageOffBanner,75
10,System_B_TwoStageOffBanner,21
11,System_B_TwoStageOffBanner,154
12,System_B_TwoStageOffBanner,150
13,System_B_TwoStageOffBanner,119
14,System_B_TwoStageOffBanner,82
15,System_B_TwoStageOffBanner,96
16,System_B_TwoStageOffBanner,77
17,System_B_TwoStageOffBanner,144
18,System_B_TwoStageOffBanner,160
19,System_B_TwoStageOffBanner,75
20,System_B_TwoStageOffBanner,107
21,System_B_TwoStageOffBanner,157
22,System_B_TwoStageOffBanner,88
23,System_B_TwoStageOffBanner,152
24,System_B_TwoStageOffBanner,31
25,System_B_TwoStageOffBanner,29
26,System_B_TwoStageOffBanner,86
27,System_B_TwoStageOffBanner,78
28,System_B_TwoStageOffBanner,153
29,System_B_TwoStageOffBanner,155
30,System_B_TwoStageOffBanner,160
31,System_B_TwoStageOffBanner,101
32,System_B_TwoStageOffBanner,150
33,System_B_TwoStageOffBanner,75
34,System_B_TwoStageOffBanner,78
35,System_B_TwoStageOffBanner,14
36,System_B_TwoStageOffBanner,158
37,System_B_TwoStageOffBanner,78
38,System_B_TwoStageOffBanner,154
39,System_B_TwoStageOffBanner,76
40,System_B_TwoStageOffBanner,133
41,System_B_TwoStageOffBanner,77
42,System_B_TwoStageOffBanner,109
43,System_B_TwoStageOffBanner,43
44,System_B_TwoStageOffBanner,59
45,System_B_TwoStageOffBanner,151
46,System_B_TwoStageOffBanner,14
47,System_B_TwoStageOffBanner,77
48,System_B_TwoStageOffBanner,153
49,System_B_TwoStageOffBanner,80
50,System_B_TwoStageOffBanner,82
51,System_B_TwoStageOffBanner,82
52,System_B_TwoStageOffBanner,21
53,System_B_TwoStageOffBanner,158
54,System_B_TwoStageOffBanner,157
55,System_B_TwoStageOffBanner,12
56,System_B_TwoStageOffBanner,79
57,System_B_TwoStageOffBanner,78
58,System_B_TwoStageOffBanner,85
59,System_B_TwoStageOffBanner,113
60,System_B_TwoStageOffBanner,149
61,System_B_TwoStageOffBanner,152
62,System_B_TwoStageOffBanner,158
63,System_B_TwoStageOffBanner,80
64,System_B_TwoStageOffBanner,4
65,System_B_TwoStageOffBanner,74
66,System_B_TwoStageOffBanner,56
67,System_B_TwoStageOffBanner,144
68,System_B_TwoStageOffBanner,17
69,System_B_TwoStageOffBanner,75
70,System_B_TwoStageOffBanner,143
71,System_B_TwoStageOffBanner,95
72,System_B_TwoStageOffBanner,5
73,System_B_TwoStageOffBanner,79
74,System_B_TwoStageOffBanner,156
75,System_B_TwoStageOffBanner,74
76,System_B_TwoStageOffBanner,76
77,System_B_TwoStageOffBanner,76
78,System_B_TwoStageOffBanner,64
79,System_B_TwoStageOffBanner,3
80,System_B_TwoStageOffBanner,151
81,System_B_TwoStageOffBanner,153
82,System_B_TwoStageOffBanner,83
83,System_B_TwoStageOffBanner,92
84,System_B_TwoStageOffBanner,37
85,System_B_TwoStageOffBanner,155
86,System_B_TwoStageOffBanner,145
87,System_B_TwoStageOffBanner,11
88,System_B_TwoStageOffBanner,75
89,System_B_TwoStageOffBanner,90
90,System_B_TwoStageOffBanner,163
91,System_B_TwoStageOffBanner,79
92,System_B_TwoStageOffBanner,79
93,System_B_TwoStageOffBanner,155
94,System_B_TwoStageOffBanner,139
95,System_B_TwoStageOffBanner,146
96,System_B_TwoStageOffBanner,77
97,System_B_TwoStageOffBanner,154
98,System_B_TwoStageOffBanner,120
99,System_B_TwoStageOffBanner,156
100,System_B_TwoStageOffBanner,25
101,System_B_TwoStageOffBanner,110
102,System_B_TwoStageOffBanner,154
103,System_B_TwoStageOffBanner,155
104,System_B_TwoStageOffBanner,152
105,System_B_TwoStageOffBanner,78
106,System_B_TwoStageOffBanner,157
107,System_B_TwoStageOffBanner,152
108,System_B_TwoStageOffBanner,78
109,System_B_TwoStageOffBanner,141
110,System_B_TwoStageOffBanner,152
111,System_B_TwoStageOffBanner,158
112,System_B_TwoStageOffBanner,86
113,System_B_TwoStageOffBanner,161
114,System_B_TwoStageOffBanner,74
115,System_B_TwoStageOffBanner,65
116,System_B_TwoStageOffBanner,3
117,System_B_TwoStageOffBanner,77
118,System_B_TwoStageOffBanner,41
119,System_B_TwoStageOffBanner,79
120,System_B_TwoStageOffBanner,38
121,System_B_TwoStageOffBanner,127
122,System_B_TwoStageOffBanner,76
123,System_B_TwoStageOffBanner,124
124,System_B_TwoStageOffBanner,128
125,System_B_TwoStageOffBanner,45
126,System_B_TwoStageOffBanner,77
127,System_B_TwoStageOffBanner,82
128,System_B_TwoStageOffBanner,66
129,System_B_TwoStageOffBanner,78
130,System_B_TwoStageOffBanner,120
131,System_B_TwoStageOffBanner,140
132,System_B_TwoStageOffBanner,127
133,System_B_TwoStageOffBanner,82
134,System_B_TwoStageOffBanner,78
135,System_B_TwoStageOffBanner,115
136,System_B_TwoStageOffBanner,22
137,System_B_TwoStageOffBanner,157
138,System_B_TwoStageOffBanner,93
139,System_B_TwoStageOffBanner,136
140,System_B_TwoStageOffBanner,83
141,System_B_TwoStageOffBanner,78
142,System_B_TwoStageOffBanner,78
143,System_B_TwoStageOffBanner,79
144,System_B_TwoStageOffBanner,62
145,System_B_TwoStageOffBanner,99
146,System_B_TwoStageOffBanner,63
147,System_B_TwoStageOffBanner,76
148,System_B_TwoStageOffBanner,39
149,System_B_TwoStageOffBanner,75
150,System_B_TwoStageOffBanner,157
151,System_B_TwoStageOffBanner,72
152,System_B_TwoStageOffBanner,88
153,System_B_TwoStageOffBanner,80
154,System_B_TwoStageOffBanner,87
155,System_B_TwoStageOffBanner,105
156,System_B_TwoStageOffBanner,161
157,System_B_TwoStageOffBanner,78
158,System_B_TwoStageOffBanner,158
159,System_B_TwoStageOffBanner,152
160,System_B_TwoStageOffBanner,78
161,System_B_TwoStageOffBanner,162
162,System_B_TwoStageOffBanner,80
163,System_B_TwoStageOffBanner,158
164,System_B_TwoStageOffBanner,79
165,System_B_TwoStageOffBanner,12
166,System_B_TwoStageOffBanner,27
167,System_B_TwoStageOffBanner,141
168,System_B_TwoStageOffBanner,99
169,System_B_TwoStageOffBanner,93
170,System_B_TwoStageOffBanner,88
171,System_B_TwoStageOffBanner,157
172,System_B_TwoStageOffBanner,75
173,System_B_TwoStageOffBanner,82
174,System_B_TwoStageOffBanner,144
175,System_B_TwoStageOffBanner,91
176,System_B_TwoStageOffBanner,2
177,System_B_TwoStageOffBanner,77
178,System_B_TwoStageOffBanner,119
179,System_B_TwoStageOffBanner,109
180,System_B_TwoStageOffBanner,150
181,System_B_TwoStageOffBanner,57
182,System_B_TwoStageOffBanner,81
183,System_B_TwoStageOffBanner,154
184,System_B_TwoStageOffBanner,34
185,System_B_TwoStageOffBanner,143
186,System_B_TwoStageOffBanner,90
187,System_B_TwoStageOffBanner,160
188,System_B_TwoStageOffBanner,78
189,System_B_TwoStageOffBanner,92
190,System_B_TwoStageOffBanner,78
191,System_B_TwoStageOffBanner,73
192,System_B_TwoStageOffBanner,156
193,System_B_TwoStageOffBanner,91
194,System_B_TwoStageOffBanner,105
195,System_B_TwoStageOffBanner,155
196,System_B_TwoStageOffBanner,153
197,System_B_TwoStageOffBanner,95
198,System_B_TwoStageOffBanner,74
199,System_B_TwoStageOffBanner,78
200,System_B_TwoStageOffBanner,78
201,System_B_TwoStageOffBanner,71
202,System_B_TwoStageOffBanner,114
203,System_B_TwoStageOffBanner,153
204,System_B_TwoStageOffBanner,151
205,System_B_TwoStageOffBanner,157
206,System_B_TwoStageOffBanner,47
207,System_B_TwoStageOffBanner,76
208,System_B_TwoStageOffBanner,152
209,System_B_TwoStageOffBanner,132
210,System_B_TwoStageOffBanner,157
211,System_B_TwoStageOffBanner,79
212,System_B_TwoStageOffBanner,113
213,System_B_TwoStageOffBanner,153
214,System_B_TwoStageOffBanner,78
215,System_B_TwoStageOffBanner,74
216,System_B_TwoStageOffBanner,11
217,System_B_TwoStageOffBanner,152
218,System_B_TwoStageOffBanner,159
219,System_B_TwoStageOffBanner,102
220,System_B_TwoStageOffBanner,78
221,System_B_TwoStageOffBanner,129
222,System_B_TwoStageOffBanner,30
223,System_B_TwoStageOffBanner,126
224,System_B_TwoStageOffBanner,23
225,System_B_TwoStageOffBanner,13
226,System_B_TwoStageOffBanner,80
227,System_B_TwoStageOffBanner,31
228,System_B_TwoStageOffBanner,102
229,System_B_TwoStageOffBanner,158
230,System_B_TwoStageOffBanner,1
231,System_B_TwoStageOffBanner,32
232,System_B_TwoStageOffBanner,78
233,System_B_TwoStageOffBanner,158
234,System_B_TwoStageOffBanner,79
235,System_B_TwoStageOffBanner,108
236,System_B_TwoStageOffBanner,28
237,System_B_TwoStageOffBanner,81
238,System_B_TwoStageOffBanner,156
239,System_B_TwoStageOffBanner,28
240,System_B_TwoStageOffBanner,76
241,System_B_TwoStageOffBanner,76
242,System_B_TwoStageOffBanner,155
243,System_B_TwoStageOffBanner,75
244,System_B_TwoStageOffBanner,154
245,System_B_TwoStageOffBanner,78
246,System_B_TwoStageOffBanner,43
247,System_B_TwoStageOffBanner,78
248,System_B_TwoStageOffBanner,98
249,System_B_TwoStageOffBanner,79
250,System_B_TwoStageOffBanner,153
251,System_B_TwoStageOffBanner,11
252,System_B_TwoStageOffBanner,16
253,System_B_TwoStageOffBanner,104
254,System_B_TwoStageOffBanner,79
255,System_B_TwoStageOffBanner,134
256,System_B_TwoStageOffBanner,139
257,System_B_TwoStageOffBanner,36
258,System_B_TwoStageOffBanner,39
259,System_B_TwoStageOffBanner,153
260,System_B_TwoStageOffBanner,79
261,System_B_TwoStageOffBanner,158
262,System_B_TwoStageOffBanner,77
263,System_B_TwoStageOffBanner,80
264,System_B_TwoStageOffBanner,148
265,System_B_TwoStageOffBanner,77
266,System_B_TwoStageOffBanner,160
267,System_B_TwoStageOffBanner,38
268,System_B_TwoStageOffBanner,76
269,System_B_TwoStageOffBanner,151
270,System_B_TwoStageOffBanner,81
271,System_B_TwoStageOffBanner,34
272,System_B_TwoStageOffBanner,161
273,System_B_TwoStageOffBanner,106
274,System_B_TwoStageOffBanner,4
275,System_B_TwoStageOffBanner,79
276,System_B_TwoStageOffBanner,79
277,System_B_TwoStageOffBanner,110
278,System_B_TwoStageOffBanner,164
279,System_B_TwoStageOffBanner,82
280,System_B_TwoStageOffBanner,136
281,System_B_TwoStageOffBanner,119
282,System_B_TwoStageOffBanner,50
283,System_B_TwoStageOffBanner,77
284,System_B_TwoStageOffBanner,80
285,System_B_TwoStageOffBanner,7
286,System_B_TwoStageOffBanner,149
287,System_B_TwoStageOffBanner,131
288,System_B_TwoStageOffBanner,153
289,System_B_TwoStageOffBanner,60
290,System_B_TwoStageOffBanner,75
291,System_B_TwoStageOffBanner,57
292,System_B_TwoStageOffBanner,82
293,System_B_TwoStageOffBanner,12
294,System_B_TwoStageOffBanner,99
295,System_B_TwoStageOffBanner,150
296,System_B_TwoStageOffBanner,151
297,System_B_TwoStageOffBanner,89
298,System_B_TwoStageOffBanner,81
299,System_B_TwoStageOffBanner,79
300,System_B_TwoStageOffBanner,114
301,System_B_TwoStageOffBanner,116
302,System_B_TwoStageOffBanner,77
303,System_B_TwoStageOffBanner,76
304,System_B_TwoStageOffBanner,155
305,System_B_TwoStageOffBanner,146
306,System_B_TwoStageOffBanner,153
307,System_B_TwoStageOffBanner,75
308,System_B_TwoStageOffBanner,25
309,System_B_TwoStageOffBanner,146
310,System_B_TwoStageOffBanner,52
311,System_B_TwoStageOffBanner,150
312,System_B_TwoStageOffBanner,108
313,System_B_TwoStageOffBanner,29
314,System_B_TwoStageOffBanner,81
315,System_B_TwoStageOffBanner,153
316,System_B_TwoStageOffBanner,80
317,System_B_TwoStageOffBanner,124
318,System_B_TwoStageOffBanner,154
319,System_B_TwoStageOffBanner,153
320,System_B_TwoStageOffBanner,78
321,System_B_TwoStageOffBanner,161
322,System_B_TwoStageOffBanner,79
323,System_B_TwoStageOffBanner,80
324,System_B_TwoStageOffBanner,154
325,System_B_TwoStageOffBanner,2
326,System_B_TwoStageOffBanner,79
327,System_B_TwoStageOffBanner,154
328,System_B_TwoStageOffBanner,80
329,System_B_TwoStageOffBanner,79
330,System_B_TwoStageOffBanner,75
331,System_B_TwoStageOffBanner,140
332,System_B_TwoStageOffBanner,35
333,System_B_TwoStageOffBanner,3
334,System_B_TwoStageOffBanner,25
335,System_B_TwoStageOffBanner,78
336,System_B_TwoStageOffBanner,151
337,System_B_TwoStageOffBanner,152
338,System_B_TwoStageOffBanner,80
339,System_B_TwoStageOffBanner,75
340,System_B_TwoStageOffBanner,5
341,System_B_TwoStageOffBanner,90
342,System_B_TwoStageOffBanner,82
343,System_B_TwoStageOffBanner,75
344,System_B_TwoStageOffBanner,24
345,System_B_TwoStageOffBanner,65
346,System_B_TwoStageOffBanner,156
347,System_B_TwoStageOffBanner,80
348,System_B_TwoStageOffBanner,86
349,System_B_TwoStageOffBanner,148
350,System_B_TwoStageOffBanner,56
351,System_B_TwoStageOffBanner,153
352,System_B_TwoStageOffBanner,79
353,System_B_TwoStageOffBanner,3
354,System_B_TwoStageOffBanner,6
355,System_B_TwoStageOffBanner,114
356,System_B_TwoStageOffBanner,155
357,System_B_TwoStageOffBanner,66
358,System_B_TwoStageOffBanner,152
359,System_B_TwoStageOffBanner,77
360,System_B_TwoStageOffBanner,148
361,System_B_TwoStageOffBanner,18
362,System_B_TwoStageOffBanner,77
363,System_B_TwoStageOffBanner,158
364,System_B_TwoStageOffBanner,86
365,System_B_TwoStageOffBanner,162
366,System_B_TwoStageOffBanner,49
367,System_B_TwoStageOffBanner,76
368,System_B_TwoStageOffBanner,99
369,System_B_TwoStageOffBanner,77
370,System_B_TwoStageOffBanner,77
371,System_B_TwoStageOffBanner,137
372,System_B_TwoStageOffBanner,155
373,System_B_TwoStageOffBanner,78
374,System_B_TwoStageOffBanner,158
375,System_B_TwoStageOffBanner,76
376,System_B_TwoStageOffBanner,162
377,System_B_TwoStageOffBanner,79
378,System_B_TwoStageOffBanner,77
379,System_B_TwoStageOffBanner,48
380,System_B_TwoStageOffBanner,151
381,System_B_TwoStageOffBanner,160
382,System_B_TwoStageOffBanner,76
383,System_B_TwoStageOffBanner,63
384,System_B_TwoStageOffBanner,22
385,System_B_TwoStageOffBanner,149
386,System_B_TwoStageOffBanner,115
387,System_B_TwoStageOffBanner,80
388,System_B_TwoStageOffBanner,83
389,System_B_TwoStageOffBanner,154
390,System_B_TwoStageOffBanner,155
391,System_B_TwoStageOffBanner,155
392,System_B_TwoStageOffBanner,79
393,System_B_TwoStageOffBanner,153
394,System_B_TwoStageOffBanner,109
395,System_B_TwoStageOffBanner,77
396,System_B_TwoStageOffBanner,7
397,System_B_TwoStageOffBanner,33
398,System_B_TwoStageOffBanner,120
399,System_B_TwoStageOffBanner,76
400,System_B_TwoStageOffBanner,149
401,System_B_TwoStageOffBanner,50
402,System_B_TwoStageOffBanner,52
403,System_B_TwoStageOffBanner,155
404,System_B_TwoStageOffBanner,75
405,System_B_TwoStageOffBanner,57
406,System_B_TwoStageOffBanner,149
407,System_B_TwoStageOffBanner,42
408,System_B_TwoStageOffBanner,17
409,System_B_TwoStageOffBanner,90
410,System_B_TwoStageOffBanner,155
411,System_B_TwoStageOffBanner,78
412,System_B_TwoStageOffBanner,64
413,System_B_TwoStageOffBanner,114
414,System_B_TwoStageOffBanner,121
415,System_B_TwoStageOffBanner,112
416,System_B_TwoStageOffBanner,82
417,System_B_TwoStageOffBanner,23
418,System_B_TwoStageOffBanner,93
419,System_B_TwoStageOffBanner,37
420,System_B_TwoStageOffBanner,150
421,System_B_TwoStageOffBanner,51
422,System_B_TwoStageOffBanner,76
423,System_B_TwoStageOffBanner,8
424,System_B_TwoStageOffBanner,79
425,System_B_TwoStageOffBanner,78
426,System_B_TwoStageOffBanner,36
427,System_B_TwoStageOffBanner,99
428,System_B_TwoStageOffBanner,144
429,System_B_TwoStageOffBanner,151
430,System_B_TwoStageOffBanner,81
431,System_B_TwoStageOffBanner,156
432,System_B_TwoStageOffBanner,152
433,System_B_TwoStageOffBanner,161
434,System_B_TwoStageOffBanner,88
435,System_B_TwoStageOffBanner,100
436,System_B_TwoStageOffBanner,77
437,System_B_TwoStageOffBanner,115
438,System_B_TwoStageOffBanner,28
439,System_B_TwoStageOffBanner,12
440,System_B_TwoStageOffBanner,76
441,System_B_TwoStageOffBanner,8
442,System_B_TwoStageOffBanner,12
443,System_B_TwoStageOffBanner,60
444,System_B_TwoStageOffBanner,82
445,System_B_TwoStageOffBanner,75
446,System_B_TwoStageOffBanner,75
447,System_B_TwoStageOffBanner,158
448,System_B_TwoStageOffBanner,75
449,System_B_TwoStageOffBanner,76
450,System_B_TwoStageOffBanner,10
451,System_B_TwoStageOffBanner,74
452,System_B_TwoStageOffBanner,90
453,System_B_TwoStageOffBanner,129
454,System_B_TwoStageOffBanner,2
455,System_B_TwoStageOffBanner,81
456,System_B_TwoStageOffBanner,75
457,System_B_TwoStageOffBanner,135
458,System_B_TwoStageOffBanner,78
459,System_B_TwoStageOffBanner,29
460,System_B_TwoStageOffBanner,76
461,System_B_TwoStageOffBanner,81
462,System_B_TwoStageOffBanner,42
463,System_B_TwoStageOffBanner,80
464,System_B_TwoStageOffBanner,27
465,System_B_TwoStageOffBanner,38
466,System_B_TwoStageOffBanner,85
467,System_B_TwoStageOffBanner,25
468,System_B_TwoStageOffBanner,75
469,System_B_TwoStageOffBanner,75
470,System_B_TwoStageOffBanner,78
471,System_B_TwoStageOffBanner,72
472,System_B_TwoStageOffBanner,77
473,System_B_TwoStageOffBanner,155
474,System_B_TwoStageOffBanner,155
475,System_B_TwoStageOffBanner,150
476,System_B_TwoStageOffBanner,152
477,System_B_TwoStageOffBanner,86
478,System_B_TwoStageOffBanner,157
479,System_B_TwoStageOffBanner,76
480,System_B_TwoStageOffBanner,63
481,System_B_TwoStageOffBanner,44
482,System_B_TwoStageOffBanner,83
483,System_B_TwoStageOffBanner,79
484,System_B_TwoStageOffBanner,152
485,System_B_TwoStageOffBanner,82
486,System_B_TwoStageOffBanner,81
487,System_B_TwoStageOffBanner,103
488,System_B_TwoStageOffBanner,78
489,System_B_TwoStageOffBanner,157
490,System_B_TwoStageOffBanner,157
491,System_B_TwoStageOffBanner,77
492,System_B_TwoStageOffBanner,76
493,System_B_TwoStageOffBanner,114
494,System_B_TwoStageOffBanner,152
495,System_B_TwoStageOffBanner,78
496,System_B_TwoStageOffBanner,118
497,System_B_TwoStageOffBanner,159
498,System_B_TwoStageOffBanner,155
499,System_B_TwoStageOffBanner,77
500,System_B_TwoStageOffBanner,152
501,System_B_TwoStageOffBanner,134
502,System_B_TwoStageOffBanner,24
503,System_B_TwoStageOffBanner,95
504,System_B_TwoStageOffBanner,81
505,System_B_TwoStageOffBanner,64
506,System_B_TwoStageOffBanner,77
507,System_B_TwoStageOffBanner,152
508,System_B_TwoStageOffBanner,77
509,System_B_TwoStageOffBanner,137
510,System_B_TwoStageOffBanner,159
511,System_B_TwoStageOffBanner,1
512,System_B_TwoStageOffBanner,157
513,System_B_TwoStageOffBanner,76
514,System_B_TwoStageOffBanner,81
515,System_B_TwoStageOffBanner,107
516,System_B_TwoStageOffBanner,75
517,System_B_TwoStageOffBanner,148
518,System_B_TwoStageOffBanner,159
519,System_B_TwoStageOffBanner,77
520,System_B_TwoStageOffBanner,22
521,System_B_TwoStageOffBanner,103
522,System_B_TwoStageOffBanner,60
523,System_B_TwoStageOffBanner,59
524,System_B_TwoStageOffBanner,77
525,System_B_TwoStageOffBanner,56
526,System_B_TwoStageOffBanner,75
527,System_B_TwoStageOffBanner,77
528,System_B_TwoStageOffBanner,74
529,System_B_TwoStageOffBanner,90
530,System_B_TwoStageOffBanner,80
531,System_B_TwoStageOffBanner,156
532,System_B_TwoStageOffBanner,106
533,System_B_TwoStageOffBanner,81
534,System_B_TwoStageOffBanner,9
535,System_B_TwoStageOffBanner,108
536,System_B_TwoStageOffBanner,16
537,System_B_TwoStageOffBanner,22
538,System_B_TwoStageOffBanner,77
539,System_B_TwoStageOffBanner,79
540,System_B_TwoStageOffBanner,78
541,System_B_TwoStageOffBanner,152
542,System_B_TwoStageOffBanner,79
543,System_B_TwoStageOffBanner,84
544,System_B_TwoStageOffBanner,78
545,System_B_TwoStageOffBanner,107
546,System_B_TwoStageOffBanner,78
547,System_B_TwoStageOffBanner,116
548,System_B_TwoStageOffBanner,157
549,System_B_TwoStageOffBanner,160
550,System_B_TwoStageOffBanner,80
551,System_B_TwoStageOffBanner,84
552,System_B_TwoStageOffBanner,76
553,System_B_TwoStageOffBanner,25
554,System_B_TwoStageOffBanner,134
555,System_B_TwoStageOffBanner,153
556,System_B_TwoStageOffBanner,159
557,System_B_TwoStageOffBanner,77
558,System_B_TwoStageOffBanner,79
559,System_B_TwoStageOffBanner,151
560,System_B_TwoStageOffBanner,155
561,System_B_TwoStageOffBanner,80
562,System_B_TwoStageOffBanner,78
563,System_B_TwoStageOffBanner,106
564,System_B_TwoStageOffBanner,76
565,System_B_TwoStageOffBanner,142
566,System_B_TwoStageOffBanner,98
567,System_B_TwoStageOffBanner,77
568,System_B_TwoStageOffBanner,103
569,System_B_TwoStageOffBanner,95
570,System_B_TwoStageOffBanner,41
571,System_B_TwoStageOffBanner,74
572,System_B_TwoStageOffBanner,80
573,System_B_TwoStageOffBanner,80
574,System_B_TwoStageOffBanner,12
575,System_B_TwoStageOffBanner,60
576,System_B_TwoStageOffBanner,79
577,System_B_TwoStageOffBanner,68
578,System_B_TwoStageOffBanner,152
579,System_B_TwoStageOffBanner,130
580,System_B_TwoStageOffBanner,79
581,System_B_TwoStageOffBanner,126
582,System_B_TwoStageOffBanner,80
583,System_B_TwoStageOffBanner,76
584,System_B_TwoStageOffBanner,95
585,System_B_TwoStageOffBanner,157
586,System_B_TwoStageOffBanner,3
587,System_B_TwoStageOffBanner,30
588,System_B_TwoStageOffBanner,76
589,System_B_TwoStageOffBanner,69
590,System_B_TwoStageOffBanner,75
591,System_B_TwoStageOffBanner,154
592,System_B_TwoStageOffBanner,153
593,System_B_TwoStageOffBanner,4
594,System_B_TwoStageOffBanner,156
595,System_B_TwoStageOffBanner,58
596,System_B_TwoStageOffBanner,75
597,System_B_TwoStageOffBanner,80
598,System_B_TwoStageOffBanner,78
599,System_B_TwoStageOffBanner,158
600,System_B_TwoStageOffBanner,20
601,System_B_TwoStageOffBanner,83
602,System_B_TwoStageOffBanner,83
603,System_B_TwoStageOffBanner,87
604,System_B_TwoStageOffBanner,100
605,System_B_TwoStageOffBanner,139
606,System_B_TwoStageOffBanner,136
607,System_B_TwoStageOffBanner,131
608,System_B_TwoStageOffBanner,159
609,System_B_TwoStageOffBanner,76
610,System_B_TwoStageOffBanner,81
611,System_B_TwoStageOffBanner,21
612,System_B_TwoStageOffBanner,77
613,System_B_TwoStageOffBanner,151
614,System_B_TwoStageOffBanner,48
615,System_B_TwoStageOffBanner,40
616,System_B_TwoStageOffBanner,54
617,System_B_TwoStageOffBanner,35
618,System_B_TwoStageOffBanner,151
619,System_B_TwoStageOffBanner,79
620,System_B_TwoStageOffBanner,156
621,System_B_TwoStageOffBanner,76
622,System_B_TwoStageOffBanner,100
623,System_B_TwoStageOffBanner,69
624,System_B_TwoStageOffBanner,12
625,System_B_TwoStageOffBanner,118
626,System_B_TwoStageOffBanner,136
627,System_B_TwoStageOffBanner,152
628,System_B_TwoStageOffBanner,157
629,System_B_TwoStageOffBanner,97
630,System_B_TwoStageOffBanner,76
631,System_B_TwoStageOffBanner,80
632,System_B_TwoStageOffBanner,18
633,System_B_TwoStageOffBanner,123
634,System_B_TwoStageOffBanner,69
635,System_B_TwoStageOffBanner,146
636,System_B_TwoStageOffBanner,145
637,System_B_TwoStageOffBanner,109
638,System_B_TwoStageOffBanner,157
639,System_B_TwoStageOffBanner,36
640,System_B_TwoStageOffBanner,158
641,System_B_TwoStageOffBanner,78
642,System_B_TwoStageOffBanner,75
643,System_B_TwoStageOffBanner,6
644,System_B_TwoStageOffBanner,77
645,System_B_TwoStageOffBanner,156
646,System_B_TwoStageOffBanner,18
647,System_B_TwoStageOffBanner,131
648,System_B_TwoStageOffBanner,156
649,System_B_TwoStageOffBanner,112
650,System_B_TwoStageOffBanner,79
651,System_B_TwoStageOffBanner,2
652,System_B_TwoStageOffBanner,81
653,System_B_TwoStageOffBanner,97
654,System_B_TwoStageOffBanner,77
655,System_B_TwoStageOffBanner,81
656,System_B_TwoStageOffBanner,111
657,System_B_TwoStageOffBanner,80
658,System_B_TwoStageOffBanner,150
659,System_B_TwoStageOffBanner,107
660,System_B_TwoStageOffBanner,76
661,System_B_TwoStageOffBanner,80
662,System_B_TwoStageOffBanner,101
663,System_B_TwoStageOffBanner,156
664,System_B_TwoStageOffBanner,85
665,System_B_TwoStageOffBanner,115
666,System_B_TwoStageOffBanner,156
667,System_B_TwoStageOffBanner,153
668,System_B_TwoStageOffBanner,88
669,System_B_TwoStageOffBanner,117
670,System_B_TwoStageOffBanner,151
671,System_B_TwoStageOffBanner,3
672,System_B_TwoStageOffBanner,82
673,System_B_TwoStageOffBanner,131
674,System_B_TwoStageOffBanner,79
675,System_B_TwoStageOffBanner,40
676,System_B_TwoStageOffBanner,79
677,System_B_TwoStageOffBanner,76
678,System_B_TwoStageOffBanner,80
679,System_B_TwoStageOffBanner,78
680,System_B_TwoStageOffBanner,119
681,System_B_TwoStageOffBanner,37
682,System_B_TwoStageOffBanner,158
683,System_B_TwoStageOffBanner,39
684,System_B_TwoStageOffBanner,77
685,System_B_TwoStageOffBanner,75
686,System_B_TwoStageOffBanner,76
687,System_B_TwoStageOffBanner,159
688,System_B_TwoStageOffBanner,55
689,System_B_TwoStageOffBanner,164
690,System_B_TwoStageOffBanner,60
691,System_B_TwoStageOffBanner,145
692,System_B_TwoStageOffBanner,148
693,System_B_TwoStageOffBanner,79
694,System_B_TwoStageOffBanner,80
695,System_B_TwoStageOffBanner,24
696,System_B_TwoStageOffBanner,78
697,System_B_TwoStageOffBanner,75
698,System_B_TwoStageOffBanner,153
699,System_B_TwoStageOffBanner,90
700,System_B_TwoStageOffBanner,14
701,System_B_TwoStageOffBanner,152
702,System_B_TwoStageOffBanner,151
703,System_B_TwoStageOffBanner,104
704,System_B_TwoStageOffBanner,3
705,System_B_TwoStageOffBanner,80
706,System_B_TwoStageOffBanner,77
707,System_B_TwoStageOffBanner,78
708,System_B_TwoStageOffBanner,151
709,System_B_TwoStageOffBanner,76
710,System_B_TwoStageOffBanner,64
711,System_B_TwoStageOffBanner,78
712,System_B_TwoStageOffBanner,129
713,System_B_TwoStageOffBanner,89
714,System_B_TwoStageOffBanner,77
715,System_B_TwoStageOffBanner,39
716,System_B_TwoStageOffBanner,75
717,System_B_TwoStageOffBanner,158
718,System_B_TwoStageOffBanner,161
719,System_B_TwoStageOffBanner,4
720,System_B_TwoStageOffBanner,64
721,System_B_TwoStageOffBanner,137
722,System_B_TwoStageOffBanner,157
723,System_B_TwoStageOffBanner,155
724,System_B_TwoStageOffBanner,150
725,System_B_TwoStageOffBanner,157
726,System_B_TwoStageOffBanner,78
727,System_B_TwoStageOffBanner,37
728,System_B_TwoStageOffBanner,79
729,System_B_TwoStageOffBanner,80
730,System_B_TwoStageOffBanner,75
731,System_B_TwoStageOffBanner,40
732,System_B_TwoStageOffBanner,119
733,System_B_TwoStageOffBanner,155
734,System_B_TwoStageOffBanner,84
735,System_B_TwoStageOffBanner,161
736,System_B_TwoStageOffBanner,151
737,System_B_TwoStageOffBanner,133
738,System_B_TwoStageOffBanner,95
739,System_B_TwoStageOffBanner,77
740,System_B_TwoStageOffBanner,105
741,System_B_TwoStageOffBanner,78
742,System_B_TwoStageOffBanner,69
743,System_B_TwoStageOffBanner,79
744,System_B_TwoStageOffBanner,98
745,System_B_TwoStageOffBanner,78
746,System_B_TwoStageOffBanner,17
747,System_B_TwoStageOffBanner,159
748,System_B_TwoStageOffBanner,77
749,System_B_TwoStageOffBanner,132
750,System_B_TwoStageOffBanner,153
751,System_B_TwoStageOffBanner,152
752,System_B_TwoStageOffBanner,33
753,System_B_TwoStageOffBanner,157
754,System_B_TwoStageOffBanner,64
755,System_B_TwoStageOffBanner,93
756,System_B_TwoStageOffBanner,124
757,System_B_TwoStageOffBanner,74
758,System_B_TwoStageOffBanner,77
759,System_B_TwoStageOffBanner,153
760,System_B_TwoStageOffBanner,75
761,System_B_TwoStageOffBanner,78
762,System_B_TwoStageOffBanner,155
763,System_B_TwoStageOffBanner,78
764,System_B_TwoStageOffBanner,76
765,System_B_TwoStageOffBanner,35
766,System_B_TwoStageOffBanner,99
767,System_B_TwoStageOffBanner,157
768,System_B_TwoStageOffBanner,94
769,System_B_TwoStageOffBanner,141
770,System_B_TwoStageOffBanner,131
771,System_B_TwoStageOffBanner,63
772,System_B_TwoStageOffBanner,21
773,System_B_TwoStageOffBanner,74
774,System_B_TwoStageOffBanner,74
775,System_B_TwoStageOffBanner,74
776,System_B_TwoStageOffBanner,156
777,System_B_TwoStageOffBanner,156
778,System_B_TwoStageOffBanner,112
779,System_B_TwoStageOffBanner,78
780,System_B_TwoStageOffBanner,107
781,System_B_TwoStageOffBanner,153
782,System_B_TwoStageOffBanner,114
783,System_B_TwoStageOffBanner,156
784,System_B_TwoStageOffBanner,80
785,System_B_TwoStageOffBanner,131
786,System_B_TwoStageOffBanner,36
787,System_B_TwoStageOffBanner,129
788,System_B_TwoStageOffBanner,79
789,System_B_TwoStageOffBanner,119
790,System_B_TwoStageOffBanner,83
791,System_B_TwoStageOffBanner,75
792,System_B_TwoStageOffBanner,150
793,System_B_TwoStageOffBanner,79
794,System_B_TwoStageOffBanner,80
795,System_B_TwoStageOffBanner,77
796,System_B_TwoStageOffBanner,83
797,System_B_TwoStageOffBanner,150
798,System_B_TwoStageOffBanner,9
799,System_B_TwoStageOffBanner,100
800,System_B_TwoStageOffBanner,151
801,System_B_TwoStageOffBanner,61
802,System_B_TwoStageOffBanner,158
803,System_B_TwoStageOffBanner,75
804,System_B_TwoStageOffBanner,153
805,System_B_TwoStageOffBanner,161
806,System_B_TwoStageOffBanner,148
807,System_B_TwoStageOffBanner,160
808,System_B_TwoStageOffBanner,162
809,System_B_TwoStageOffBanner,65
810,System_B_TwoStageOffBanner,155
811,System_B_TwoStageOffBanner,22
812,System_B_TwoStageOffBanner,81
813,System_B_TwoStageOffBanner,157
814,System_B_TwoStageOffBanner,108
815,System_B_TwoStageOffBanner,63
816,System_B_TwoStageOffBanner,158
817,System_B_TwoStageOffBanner,77
818,System_B_TwoStageOffBanner,53
819,System_B_TwoStageOffBanner,79
820,System_B_TwoStageOffBanner,130
821,System_B_TwoStageOffBanner,74
822,System_B_TwoStageOffBanner,101
823,System_B_TwoStageOffBanner,79
824,System_B_TwoStageOffBanner,73
825,System_B_TwoStageOffBanner,78
826,System_B_TwoStageOffBanner,78
827,System_B_TwoStageOffBanner,83
828,System_B_TwoStageOffBanner,59
829,System_B_TwoStageOffBanner,155
830,System_B_TwoStageOffBanner,75
831,System_B_TwoStageOffBanner,39
832,System_B_TwoStageOffBanner,82
833,System_B_TwoStageOffBanner,155
834,System_B_TwoStageOffBanner,160
835,System_B_TwoStageOffBanner,79
836,System_B_TwoStageOffBanner,41
837,System_B_TwoStageOffBanner,68
838,System_B_TwoStageOffBanner,153
839,System_B_TwoStageOffBanner,91
840,System_B_TwoStageOffBanner,77
841,System_B_TwoStageOffBanner,103
842,System_B_TwoStageOffBanner,154
843,System_B_TwoStageOffBanner,78
844,System_B_TwoStageOffBanner,78
845,System_B_TwoStageOffBanner,76
846,System_B_TwoStageOffBanner,157
847,System_B_TwoStageOffBanner,74
848,System_B_TwoStageOffBanner,26
849,System_B_TwoStageOffBanner,76
850,System_B_TwoStageOffBanner,75
851,System_B_TwoStageOffBanner,78
852,System_B_TwoStageOffBanner,30
853,System_B_TwoStageOffBanner,60
854,System_B_TwoStageOffBanner,156
855,System_B_TwoStageOffBanner,65
856,System_B_TwoStageOffBanner,77
857,System_B_TwoStageOffBanner,43
858,System_B_TwoStageOffBanner,91
859,System_B_TwoStageOffBanner,76
860,System_B_TwoStageOffBanner,79
861,System_B_TwoStageOffBanner,1
862,System_B_TwoStageOffBanner,51
863,System_B_TwoStageOffBanner,47
864,System_B_TwoStageOffBanner,150
865,System_B_TwoStageOffBanner,147
866,System_B_TwoStageOffBanner,88
867,System_B_TwoStageOffBanner,151
868,System_B_TwoStageOffBanner,79
869,System_B_TwoStageOffBanner,88
870,System_B_TwoStageOffBanner,152
871,System_B_TwoStageOffBanner,111
872,System_B_TwoStageOffBanner,159
873,System_B_TwoStageOffBanner,153
874,System_B_TwoStageOffBanner,76
875,System_B_TwoStageOffBanner,68
876,System_B_TwoStageOffBanner,79
877,System_B_TwoStageOffBanner,77
878,System_B_TwoStageOffBanner,78
879,System_B_TwoStageOffBanner,155
880,System_B_TwoStageOffBanner,102
881,System_B_TwoStageOffBanner,78
882,System_B_TwoStageOffBanner,133
883,System_B_TwoStageOffBanner,100
884,System_B_TwoStageOffBanner,158
885,System_B_TwoStageOffBanner,75
886,System_B_TwoStageOffBanner,82
887,System_B_TwoStageOffBanner,77
888,System_B_TwoStageOffBanner,77
889,System_B_TwoStageOffBanner,76
890,System_B_TwoStageOffBanner,46
891,System_B_TwoStageOffBanner,83
892,System_B_TwoStageOffBanner,79
893,System_B_TwoStageOffBanner,55
894,System_B_TwoStageOffBanner,61
895,System_B_TwoStageOffBanner,153
896,System_B_TwoStageOffBanner,15
897,System_B_TwoStageOffBanner,130
898,System_B_TwoStageOffBanner,81
899,System_B_TwoStageOffBanner,23
900,System_B_TwoStageOffBanner,14
901,System_B_TwoStageOffBanner,153
902,System_B_TwoStageOffBanner,93
903,System_B_TwoStageOffBanner,76
904,System_B_TwoStageOffBanner,88
905,System_B_TwoStageOffBanner,112
906,System_B_TwoStageOffBanner,57
907,System_B_TwoStageOffBanner,111
908,System_B_TwoStageOffBanner,23
909,System_B_TwoStageOffBanner,5
910,System_B_TwoStageOffBanner,148
911,System_B_TwoStageOffBanner,63
912,System_B_TwoStageOffBanner,81
913,System_B_TwoStageOffBanner,158
914,System_B_TwoStageOffBanner,79
915,System_B_TwoStageOffBanner,83
916,System_B_TwoStageOffBanner,13
917,System_B_TwoStageOffBanner,160
918,System_B_TwoStageOffBanner,129
919,System_B_TwoStageOffBanner,150
920,System_B_TwoStageOffBanner,74
921,System_B_TwoStageOffBanner,86
922,System_B_TwoStageOffBanner,157
923,System_B_TwoStageOffBanner,73
924,System_B_TwoStageOffBanner,40
925,System_B_TwoStageOffBanner,75
926,System_B_TwoStageOffBanner,92
927,System_B_TwoStageOffBanner,49
928,System_B_TwoStageOffBanner,154
929,System_B_TwoStageOffBanner,19
930,System_B_TwoStageOffBanner,39
931,System_B_TwoStageOffBanner,28
932,System_B_TwoStageOffBanner,74
933,System_B_TwoStageOffBanner,79
934,System_B_TwoStageOffBanner,155
935,System_B_TwoStageOffBanner,159
936,System_B_TwoStageOffBanner,152
937,System_B_TwoStageOffBanner,99
938,System_B_TwoStageOffBanner,75
939,System_B_TwoStageOffBanner,159
940,System_B_TwoStageOffBanner,77
941,System_B_TwoStageOffBanner,22
942,System_B_TwoStageOffBanner,81
943,System_B_TwoStageOffBanner,105
944,System_B_TwoStageOffBanner,113
945,System_B_TwoStageOffBanner,116
946,System_B_TwoStageOffBanner,162
947,System_B_TwoStageOffBanner,78
948,System_B_TwoStageOffBanner,68
949,System_B_TwoStageOffBanner,76
950,System_B_TwoStageOffBanner,159
951,System_B_TwoStageOffBanner,76
952,System_B_TwoStageOffBanner,35
953,System_B_TwoStageOffBanner,76
954,System_B_TwoStageOffBanner,153
955,System_B_TwoStageOffBanner,158
956,System_B_TwoStageOffBanner,147
957,System_B_TwoStageOffBanner,13
958,System_B_TwoStageOffBanner,74
959,System_B_TwoStageOffBanner,79
960,System_B_TwoStageOffBanner,156
961,System_B_TwoStageOffBanner,46
962,System_B_TwoStageOffBanner,151
963,System_B_TwoStageOffBanner,101
964,System_B_TwoStageOffBanner,29
965,System_B_TwoStageOffBanner,81
966,System_B_TwoStageOffBanner,85
967,System_B_TwoStageOffBanner,12
968,System_B_TwoStageOffBanner,77
969,System_B_TwoStageOffBanner,88
970,System_B_TwoStageOffBanner,80
971,System_B_TwoStageOffBanner,152
972,System_B_TwoStageOffBanner,149
973,System_B_TwoStageOffBanner,158
974,System_B_TwoStageOffBanner,86
975,System_B_TwoStageOffBanner,156
976,System_B_TwoStageOffBanner,71
977,System_B_TwoStageOffBanner,93
978,System_B_TwoStageOffBanner,121
979,System_B_TwoStageOffBanner,82
980,System_B_TwoStageOffBanner,1
981,System_B_TwoStageOffBanner,151
982,System_B_TwoStageOffBanner,31
983,System_B_TwoStageOffBanner,77
984,System_B_TwoStageOffBanner,74
985,System_B_TwoStageOffBanner,135
986,System_B_TwoStageOffBanner,71
987,System_B_TwoStageOffBanner,30
988,System_B_TwoStageOffBanner,76
989,System_B_TwoStageOffBanner,93
990,System_B_TwoStageOffBanner,94
991,System_B_TwoStageOffBanner,76
992,System_B_TwoStageOffBanner,75
993,System_B_TwoStageOffBanner,46
994,System_B_TwoStageOffBanner,154
995,System_B_TwoStageOffBanner,79
996,System_B_TwoStageOffBanner,77
997,System_B_TwoStageOffBanner,79
998,System_B_TwoStageOffBanner,160
999,System_B_TwoStageOffBanner,159
1000,System_B_TwoStageOffBanner,90
1001,System_B_TwoStageOffBanner,1
1002,System_B_TwoStageOffBanner,75
1003,System_B_TwoStageOffBanner,74
1004,System_B_TwoStageOffBanner,43
1005,System_B_TwoStageOffBanner,53
1006,System_B_TwoStageOffBanner,81
1007,System_B_TwoStageOffBanner,79
1008,System_B_TwoStageOffBanner,79
1009,System_B_TwoStageOffBanner,82
1010,System_B_TwoStageOffBanner,5
1011,System_B_TwoStageOffBanner,81
1012,System_B_TwoStageOffBanner,74
1013,System_B_TwoStageOffBanner,155
1014,System_B_TwoStageOffBanner,122
1015,System_B_TwoStageOffBanner,137
1016,System_B_TwoStageOffBanner,87
1017,System_B_TwoStageOffBanner,81
1018,System_B_TwoStageOffBanner,158
1019,System_B_TwoStageOffBanner,81
1020,System_B_TwoStageOffBanner,78
1021,System_B_TwoStageOffBanner,156
1022,System_B_TwoStageOffBanner,153
1023,System_B_TwoStageOffBanner,77
1024,System_B_TwoStageOffBanner,81
1025,System_B_TwoStageOffBanner,114
1026,System_B_TwoStageOffBanner,44
1027,System_B_TwoStageOffBanner,75
1028,System_B_TwoStageOffBanner,12
1029,System_B_TwoStageOffBanner,82
1030,System_B_TwoStageOffBanner,78
1031,System_B_TwoStageOffBanner,36
1032,System_B_TwoStageOffBanner,103
1033,System_B_TwoStageOffBanner,76
1034,System_B_TwoStageOffBanner,112
1035,System_B_TwoStageOffBanner,77
1036,System_B_TwoStageOffBanner,156
1037,System_B_TwoStageOffBanner,77
1038,System_B_TwoStageOffBanner,83
1039,System_B_TwoStageOffBanner,149
1040,System_B_TwoStageOffBanner,136
1041,System_B_TwoStageOffBanner,78
1042,System_B_TwoStageOffBanner,74
1043,System_B_TwoStageOffBanner,83
1044,System_B_TwoStageOffBanner,73
1045,System_B_TwoStageOffBanner,77
1046,System_B_TwoStageOffBanner,154
1047,System_B_TwoStageOffBanner,77
1048,System_B_TwoStageOffBanner,87
1049,System_B_TwoStageOffBanner,75
1050,System_B_TwoStageOffBanner,78
1051,System_B_TwoStageOffBanner,73
1052,System_B_TwoStageOffBanner,149
1053,System_B_TwoStageOffBanner,151
1054,System_B_TwoStageOffBanner,89
1055,System_B_TwoStageOffBanner,70
1056,System_B_TwoStageOffBanner,106
1057,System_B_TwoStageOffBanner,109
1058,System_B_TwoStageOffBanner,75
1059,System_B_TwoStageOffBanner,81
1060,System_B_TwoStageOffBanner,157
1061,System_B_TwoStageOffBanner,116
1062,System_B_TwoStageOffBanner,153
1063,System_B_TwoStageOffBanner,89
1064,System_B_TwoStageOffBanner,78
1065,System_B_TwoStageOffBanner,66
1066,System_B_TwoStageOffBanner,153
1067,System_B_TwoStageOffBanner,74
1068,System_B_TwoStageOffBanner,78
1069,System_B_TwoStageOffBanner,73
1070,System_B_TwoStageOffBanner,76
1071,System_B_TwoStageOffBanner,42
1072,System_B_TwoStageOffBanner,76
1073,System_B_TwoStageOffBanner,3
1074,System_B_TwoStageOffBanner,154
1075,System_B_TwoStageOffBanner,77
1076,System_B_TwoStageOffBanner,156
1077,System_B_TwoStageOffBanner,125
1078,System_B_TwoStageOffBanner,111
1079,System_B_TwoStageOffBanner,83
1080,System_B_TwoStageOffBanner,79
1081,System_B_TwoStageOffBanner,152
1082,System_B_TwoStageOffBanner,9
1083,System_B_TwoStageOffBanner,97
1084,System_B_TwoStageOffBanner,28
1085,System_B_TwoStageOffBanner,75
1086,System_B_TwoStageOffBanner,55
1087,System_B_TwoStageOffBanner,77
1088,System_B_TwoStageOffBanner,78
1089,System_B_TwoStageOffBanner,153
1090,System_B_TwoStageOffBanner,77
1091,System_B_TwoStageOffBanner,74
1092,System_B_TwoStageOffBanner,153
1093,System_B_TwoStageOffBanner,76
1094,System_B_TwoStageOffBanner,120
1095,System_B_TwoStageOffBanner,30
1096,System_B_TwoStageOffBanner,161
1097,System_B_TwoStageOffBanner,103
1098,System_B_TwoStageOffBanner,83
1099,System_B_TwoStageOffBanner,79
1100,System_B_TwoStageOffBanner,160
1101,System_B_TwoStageOffBanner,76
1102,System_B_TwoStageOffBanner,73
1103,System_B_TwoStageOffBanner,106
1104,System_B_TwoStageOffBanner,76
1105,System_B_TwoStageOffBanner,159
1106,System_B_TwoStageOffBanner,77
1107,System_B_TwoStageOffBanner,146
1108,System_B_TwoStageOffBanner,11
1109,System_B_TwoStageOffBanner,64
1110,System_B_TwoStageOffBanner,96
1111,System_B_TwoStageOffBanner,107
1112,System_B_TwoStageOffBanner,123
1113,System_B_TwoStageOffBanner,112
1114,System_B_TwoStageOffBanner,85
1115,System_B_TwoStageOffBanner,150
1116,System_B_TwoStageOffBanner,83
1117,System_B_TwoStageOffBanner,76
1118,System_B_TwoStageOffBanner,5
1119,System_B_TwoStageOffBanner,160
1120,System_B_TwoStageOffBanner,78
1121,System_B_TwoStageOffBanner,3
1122,System_B_TwoStageOffBanner,115
1123,System_B_TwoStageOffBanner,99
1124,System_B_TwoStageOffBanner,10
1125,System_B_TwoStageOffBanner,5
1126,System_B_TwoStageOffBanner,80
1127,System_B_TwoStageOffBanner,82
1128,System_B_TwoStageOffBanner,157
1129,System_B_TwoStageOffBanner,3
1130,System_B_TwoStageOffBanner,19
1131,System_B_TwoStageOffBanner,151
1132,System_B_TwoStageOffBanner,37
1133,System_B_TwoStageOffBanner,160
1134,System_B_TwoStageOffBanner,30
1135,System_B_TwoStageOffBanner,78
1136,System_B_TwoStageOffBanner,76
1137,System_B_TwoStageOffBanner,18
1138,System_B_TwoStageOffBanner,18
1139,System_B_TwoStageOffBanner,81
1140,System_B_TwoStageOffBanner,76
1141,System_B_TwoStageOffBanner,76
1142,System_B_TwoStageOffBanner,8
1143,System_B_TwoStageOffBanner,88
1144,System_B_TwoStageOffBanner,100
1145,System_B_TwoStageOffBanner,144
1146,System_B_TwoStageOffBanner,76
1147,System_B_TwoStageOffBanner,155
1148,System_B_TwoStageOffBanner,121
1149,System_B_TwoStageOffBanner,153
1150,System_B_TwoStageOffBanner,113
1151,System_B_TwoStageOffBanner,76
1152,System_B_TwoStageOffBanner,75
1153,System_B_TwoStageOffBanner,103
1154,System_B_TwoStageOffBanner,95
1155,System_B_TwoStageOffBanner,141
1156,System_B_TwoStageOffBanner,84
1157,System_B_TwoStageOffBanner,83
1158,System_B_TwoStageOffBanner,77
1159,System_B_TwoStageOffBanner,153
1160,System_B_TwoStageOffBanner,76
1161,System_B_TwoStageOffBanner,62
1162,System_B_TwoStageOffBanner,2
1163,System_B_TwoStageOffBanner,153
1164,System_B_TwoStageOffBanner,78
1165,System_B_TwoStageOffBanner,73
1166,System_B_TwoStageOffBanner,71
1167,System_B_TwoStageOffBanner,155
1168,System_B_TwoStageOffBanner,33
1169,System_B_TwoStageOffBanner,159
1170,System_B_TwoStageOffBanner,36
1171,System_B_TwoStageOffBanner,158
1172,System_B_TwoStageOffBanner,144
1173,System_B_TwoStageOffBanner,107
1174,System_B_TwoStageOffBanner,74
1175,System_B_TwoStageOffBanner,30
1176,System_B_TwoStageOffBanner,75
1177,System_B_TwoStageOffBanner,81
1178,System_B_TwoStageOffBanner,35
1179,System_B_TwoStageOffBanner,77
1180,System_B_TwoStageOffBanner,36
1181,System_B_TwoStageOffBanner,78
1182,System_B_TwoStageOffBanner,17
1183,System_B_TwoStageOffBanner,140
1184,System_B_TwoStageOffBanner,158
1185,System_B_TwoStageOffBanner,73
1186,System_B_TwoStageOffBanner,158
1187,System_B_TwoStageOffBanner,50
1188,System_B_TwoStageOffBanner,76
1189,System_B_TwoStageOffBanner,153
1190,System_B_TwoStageOffBanner,153
1191,System_B_TwoStageOffBanner,154
1192,System_B_TwoStageOffBanner,159
1193,System_B_TwoStageOffBanner,154
1194,System_B_TwoStageOffBanner,157
1195,System_B_TwoStageOffBanner,163
1196,System_B_TwoStageOffBanner,147
1197,System_B_TwoStageOffBanner,157
1198,System_B_TwoStageOffBanner,4
1199,System_B_TwoStageOffBanner,152
1200,System_B_TwoStageOffBanner,77
1201,System_B_TwoStageOffBanner,123
1202,System_B_TwoStageOffBanner,76
1203,System_B_TwoStageOffBanner,85
1204,System_B_TwoStageOffBanner,159
1205,System_B_TwoStageOffBanner,82
1206,System_B_TwoStageOffBanner,103
1207,System_B_TwoStageOffBanner,156
1208,System_B_TwoStageOffBanner,71
1209,System_B_TwoStageOffBanner,36
1210,System_B_TwoStageOffBanner,35
1211,System_B_TwoStageOffBanner,145
1212,System_B_TwoStageOffBanner,105
1213,System_B_TwoStageOffBanner,17
1214,System_B_TwoStageOffBanner,78
1215,System_B_TwoStageOffBanner,19
1216,System_B_TwoStageOffBanner,138
1217,System_B_TwoStageOffBanner,71
1218,System_B_TwoStageOffBanner,63
1219,System_B_TwoStageOffBanner,157
1220,System_B_TwoStageOffBanner,82
1221,System_B_TwoStageOffBanner,79
1222,System_B_TwoStageOffBanner,154
1223,System_B_TwoStageOffBanner,50
1224,System_B_TwoStageOffBanner,79
1225,System_B_TwoStageOffBanner,75
1226,System_B_TwoStageOffBanner,81
1227,System_B_TwoStageOffBanner,78
1228,System_B_TwoStageOffBanner,149
1229,System_B_TwoStageOffBanner,61
1230,System_B_TwoStageOffBanner,19
1231,System_B_TwoStageOffBanner,86
1232,System_B_TwoStageOffBanner,158
1233,System_B_TwoStageOffBanner,47
1234,System_B_TwoStageOffBanner,77
1235,System_B_TwoStageOffBanner,46
1236,System_B_TwoStageOffBanner,38
1237,System_B_TwoStageOffBanner,16
1238,System_B_TwoStageOffBanner,140
1239,System_B_TwoStageOffBanner,79
1240,System_B_TwoStageOffBanner,77
1241,System_B_TwoStageOffBanner,145
1242,System_B_TwoStageOffBanner,81
1243,System_B_TwoStageOffBanner,60
1244,System_B_TwoStageOffBanner,155
1245,System_B_TwoStageOffBanner,76
1246,System_B_TwoStageOffBanner,5
1247,System_B_TwoStageOffBanner,101
1248,System_B_TwoStageOffBanner,76
1249,System_B_TwoStageOffBanner,160
1250,System_B_TwoStageOffBanner,32
1251,System_B_TwoStageOffBanner,12
1252,System_B_TwoStageOffBanner,76
1253,System_B_TwoStageOffBanner,76
1254,System_B_TwoStageOffBanner,128
1255,System_B_TwoStageOffBanner,118
1256,System_B_TwoStageOffBanner,43
1257,System_B_TwoStageOffBanner,81
1258,System_B_TwoStageOffBanner,4
1259,System_B_TwoStageOffBanner,76
1260,System_B_TwoStageOffBanner,8
1261,System_B_TwoStageOffBanner,78
1262,System_B_TwoStageOffBanner,152
1263,System_B_TwoStageOffBanner,42
1264,System_B_TwoStageOffBanner,78
1265,System_B_TwoStageOffBanner,58
1266,System_B_TwoStageOffBanner,121
1267,System_B_TwoStageOffBanner,153
1268,System_B_TwoStageOffBanner,74
1269,System_B_TwoStageOffBanner,103
1270,System_B_TwoStageOffBanner,80
1271,System_B_TwoStageOffBanner,108
1272,System_B_TwoStageOffBanner,69
1273,System_B_TwoStageOffBanner,154
1274,System_B_TwoStageOffBanner,78
1275,System_B_TwoStageOffBanner,33
1276,System_B_TwoStageOffBanner,157
1277,System_B_TwoStageOffBanner,38
1278,System_B_TwoStageOffBanner,78
1279,System_B_TwoStageOffBanner,152
1280,System_B_TwoStageOffBanner,152
1281,System_B_TwoStageOffBanner,139
1282,System_B_TwoStageOffBanner,80
1283,System_B_TwoStageOffBanner,155
1284,System_B_TwoStageOffBanner,83
1285,System_B_TwoStageOffBanner,154
1286,System_B_TwoStageOffBanner,75
1287,System_B_TwoStageOffBanner,158
1288,System_B_TwoStageOffBanner,140
1289,System_B_TwoStageOffBanner,122
1290,System_B_TwoStageOffBanner,55
1291,System_B_TwoStageOffBanner,83
1292,System_B_TwoStageOffBanner,155
1293,System_B_TwoStageOffBanner,76
1294,System_B_TwoStageOffBanner,79
1295,System_B_TwoStageOffBanner,75
1296,System_B_TwoStageOffBanner,78
1297,System_B_TwoStageOffBanner,102
1298,System_B_TwoStageOffBanner,116
1299,System_B_TwoStageOffBanner,127
1300,System_B_TwoStageOffBanner,20
1301,System_B_TwoStageOffBanner,78
1302,System_B_TwoStageOffBanner,75
1303,System_B_TwoStageOffBanner,130
1304,System_B_TwoStageOffBanner,8
1305,System_B_TwoStageOffBanner,75
1306,System_B_TwoStageOffBanner,95
1307,System_B_TwoStageOffBanner,152
1308,System_B_TwoStageOffBanner,133
1309,System_B_TwoStageOffBanner,61
1310,System_B_TwoStageOffBanner,81
1311,System_B_TwoStageOffBanner,75
1312,System_B_TwoStageOffBanner,80
1313,System_B_TwoStageOffBanner,82
1314,System_B_TwoStageOffBanner,80
1315,System_B_TwoStageOffBanner,75
1316,System_B_TwoStageOffBanner,93
1317,System_B_TwoStageOffBanner,115
1318,System_B_TwoStageOffBanner,82
1319,System_B_TwoStageOffBanner,78
1320,System_B_TwoStageOffBanner,54
1321,System_B_TwoStageOffBanner,2
1322,System_B_TwoStageOffBanner,58
1323,System_B_TwoStageOffBanner,80
1324,System_B_TwoStageOffBanner,158
1325,System_B_TwoStageOffBanner,77
1326,System_B_TwoStageOffBanner,77
1327,System_B_TwoStageOffBanner,157
1328,System_B_TwoStageOffBanner,77
1329,System_B_TwoStageOffBanner,68
1330,System_B_TwoStageOffBanner,81
1331,System_B_TwoStageOffBanner,81
1332,System_B_TwoStageOffBanner,76
1333,System_B_TwoStageOffBanner,78
1334,System_B_TwoStageOffBanner,155
1335,System_B_TwoStageOffBanner,152
1336,System_B_TwoStageOffBanner,155
1337,System_B_TwoStageOffBanner,55
1338,System_B_TwoStageOffBanner,93
1339,System_B_TwoStageOffBanner,112
1340,System_B_TwoStageOffBanner,12
1341,System_B_TwoStageOffBanner,2
1342,System_B_TwoStageOffBanner,76
1343,System_B_TwoStageOffBanner,84
1344,System_B_TwoStageOffBanner,76
1345,System_B_TwoStageOffBanner,159
1346,System_B_TwoStageOffBanner,111
1347,System_B_TwoStageOffBanner,83
1348,System_B_TwoStageOffBanner,75
1349,System_B_TwoStageOffBanner,65
1350,System_B_TwoStageOffBanner,122
1351,System_B_TwoStageOffBanner,154
1352,System_B_TwoStageOffBanner,78
1353,System_B_TwoStageOffBanner,154
1354,System_B_TwoStageOffBanner,153
1355,System_B_TwoStageOffBanner,107
1356,System_B_TwoStageOffBanner,79
1357,System_B_TwoStageOffBanner,75
1358,System_B_TwoStageOffBanner,53
1359,System_B_TwoStageOffBanner,159
1360,System_B_TwoStageOffBanner,75
1361,System_B_TwoStageOffBanner,51
1362,System_B_TwoStageOffBanner,74
1363,System_B_TwoStageOffBanner,130
1364,System_B_TwoStageOffBanner,14
1365,System_B_TwoStageOffBanner,89
1366,System_B_TwoStageOffBanner,122
1367,System_B_TwoStageOffBanner,140
1368,System_B_TwoStageOffBanner,2
1369,System_B_TwoStageOffBanner,79
1370,System_B_TwoStageOffBanner,135
1371,System_B_TwoStageOffBanner,74
1372,System_B_TwoStageOffBanner,78
1373,System_B_TwoStageOffBanner,77
1374,System_B_TwoStageOffBanner,157
1375,System_B_TwoStageOffBanner,137
1376,System_B_TwoStageOffBanner,93
1377,System_B_TwoStageOffBanner,79
1378,System_B_TwoStageOffBanner,77
1379,System_B_TwoStageOffBanner,3
1380,System_B_TwoStageOffBanner,77
1381,System_B_TwoStageOffBanner,77
1382,System_B_TwoStageOffBanner,137
1383,System_B_TwoStageOffBanner,82
1384,System_B_TwoStageOffBanner,133
1385,System_B_TwoStageOffBanner,157
1386,System_B_TwoStageOffBanner,43
1387,System_B_TwoStageOffBanner,32
1388,System_B_TwoStageOffBanner,163
1389,System_B_TwoStageOffBanner,147
1390,System_B_TwoStageOffBanner,48
1391,System_B_TwoStageOffBanner,98
1392,System_B_TwoStageOffBanner,159
1393,System_B_TwoStageOffBanner,81
1394,System_B_TwoStageOffBanner,29
1395,System_B_TwoStageOffBanner,157
1396,System_B_TwoStageOffBanner,55
1397,System_B_TwoStageOffBanner,76
1398,System_B_TwoStageOffBanner,75
1399,System_B_TwoStageOffBanner,78
1400,System_B_TwoStageOffBanner,75
1401,System_B_TwoStageOffBanner,78
1402,System_B_TwoStageOffBanner,157
1403,System_B_TwoStageOffBanner,155
1404,System_B_TwoStageOffBanner,78
1405,System_B_TwoStageOffBanner,25
1406,System_B_TwoStageOffBanner,157
1407,System_B_TwoStageOffBanner,153
1408,System_B_TwoStageOffBanner,76
1409,System_B_TwoStageOffBanner,154
1410,System_B_TwoStageOffBanner,158
1411,System_B_TwoStageOffBanner,16
1412,System_B_TwoStageOffBanner,81
1413,System_B_TwoStageOffBanner,154
1414,System_B_TwoStageOffBanner,76
1415,System_B_TwoStageOffBanner,151
1416,System_B_TwoStageOffBanner,154
1417,System_B_TwoStageOffBanner,76
1418,System_B_TwoStageOffBanner,105
1419,System_B_TwoStageOffBanner,76
1420,System_B_TwoStageOffBanner,18
1421,System_B_TwoStageOffBanner,78
1422,System_B_TwoStageOffBanner,151
1423,System_B_TwoStageOffBanner,112
1424,System_B_TwoStageOffBanner,148
1425,System_B_TwoStageOffBanner,78
1426,System_B_TwoStageOffBanner,154
1427,System_B_TwoStageOffBanner,77
1428,System_B_TwoStageOffBanner,5
1429,System_B_TwoStageOffBanner,76
1430,System_B_TwoStageOffBanner,79
1431,System_B_TwoStageOffBanner,157
1432,System_B_TwoStageOffBanner,78
1433,System_B_TwoStageOffBanner,153
1434,System_B_TwoStageOffBanner,157
1435,System_B_TwoStageOffBanner,121
1436,System_B_TwoStageOffBanner,157
1437,System_B_TwoStageOffBanner,120
1438,System_B_TwoStageOffBanner,77
1439,System_B_TwoStageOffBanner,77
1440,System_B_TwoStageOffBanner,78
1441,System_B_TwoStageOffBanner,119
1442,System_B_TwoStageOffBanner,106
1443,System_B_TwoStageOffBanner,77
1444,System_B_TwoStageOffBanner,100
1445,System_B_TwoStageOffBanner,3
1446,System_B_TwoStageOffBanner,77
1447,System_B_TwoStageOffBanner,155
1448,System_B_TwoStageOffBanner,3
1449,System_B_TwoStageOffBanner,82
1450,System_B_TwoStageOffBanner,153
1451,System_B_TwoStageOffBanner,75
1452,System_B_TwoStageOffBanner,79
1453,System_B_TwoStageOffBanner,58
1454,System_B_TwoStageOffBanner,104
1455,System_B_TwoStageOffBanner,18
1456,System_B_TwoStageOffBanner,46
1457,System_B_TwoStageOffBanner,154
1458,System_B_TwoStageOffBanner,100
1459,System_B_TwoStageOffBanner,74
1460,System_B_TwoStageOffBanner,67
1461,System_B_TwoStageOffBanner,79
1462,System_B_TwoStageOffBanner,65
1463,System_B_TwoStageOffBanner,155
1464,System_B_TwoStageOffBanner,122
1465,System_B_TwoStageOffBanner,155
1466,System_B_TwoStageOffBanner,78
1467,System_B_TwoStageOffBanner,152
1468,System_B_TwoStageOffBanner,119
1469,System_B_TwoStageOffBanner,76
1470,System_B_TwoStageOffBanner,102
1471,System_B_TwoStageOffBanner,160
1472,System_B_TwoStageOffBanner,97
1473,System_B_TwoStageOffBanner,3
1474,System_B_TwoStageOffBanner,51
1475,System_B_TwoStageOffBanner,139
1476,System_B_TwoStageOffBanner,76
1477,System_B_TwoStageOffBanner,78
1478,System_B_TwoStageOffBanner,129
1479,System_B_TwoStageOffBanner,81
1480,System_B_TwoStageOffBanner,156
1481,System_B_TwoStageOffBanner,158
1482,System_B_TwoStageOffBanner,149
1483,System_B_TwoStageOffBanner,79
1484,System_B_TwoStageOffBanner,21
1485,System_B_TwoStageOffBanner,21
1486,System_B_TwoStageOffBanner,156
1487,System_B_TwoStageOffBanner,146
1488,System_B_TwoStageOffBanner,80
1489,System_B_TwoStageOffBanner,78
1490,System_B_TwoStageOffBanner,150
1491,System_B_TwoStageOffBanner,103
1492,System_B_TwoStageOffBanner,79
1493,System_B_TwoStageOffBanner,154
1494,System_B_TwoStageOffBanner,58
1495,System_B_TwoStageOffBanner,127
1496,System_B_TwoStageOffBanner,15
1497,System_B_TwoStageOffBanner,112
1498,System_B_TwoStageOffBanner,152
1499,System_B_TwoStageOffBanner,78
1500,System_B_TwoStageOffBanner,76
1501,System_B_TwoStageOffBanner,84
1502,System_B_TwoStageOffBanner,161
1503,System_B_TwoStageOffBanner,2
1504,System_B_TwoStageOffBanner,152
1505,System_B_TwoStageOffBanner,138
1506,System_B_TwoStageOffBanner,58
1507,System_B_TwoStageOffBanner,76
1508,System_B_TwoStageOffBanner,157
1509,System_B_TwoStageOffBanner,93
1510,System_B_TwoStageOffBanner,20
1511,System_B_TwoStageOffBanner,62
1512,System_B_TwoStageOffBanner,79
1513,System_B_TwoStageOffBanner,75
1514,System_B_TwoStageOffBanner,79
1515,System_B_TwoStageOffBanner,153
1516,System_B_TwoStageOffBanner,160
1517,System_B_TwoStageOffBanner,40
1518,System_B_TwoStageOffBanner,155
1519,System_B_TwoStageOffBanner,160
1520,System_B_TwoStageOffBanner,80
1521,System_B_TwoStageOffBanner,139
1522,System_B_TwoStageOffBanner,37
1523,System_B_TwoStageOffBanner,77
1524,System_B_TwoStageOffBanner,87
1525,System_B_TwoStageOffBanner,82
1526,System_B_TwoStageOffBanner,76
1527,System_B_TwoStageOffBanner,139
1528,System_B_TwoStageOffBanner,78
1529,System_B_TwoStageOffBanner,151
1530,System_B_TwoStageOffBanner,158
1531,System_B_TwoStageOffBanner,39
1532,System_B_TwoStageOffBanner,153
1533,System_B_TwoStageOffBanner,103
1534,System_B_TwoStageOffBanner,156
1535,System_B_TwoStageOffBanner,137
1536,System_B_TwoStageOffBanner,99
1537,System_B_TwoStageOffBanner,153
1538,System_B_TwoStageOffBanner,79
1539,System_B_TwoStageOffBanner,11
1540,System_B_TwoStageOffBanner,125
1541,System_B_TwoStageOffBanner,159
1542,System_B_TwoStageOffBanner,152
1543,System_B_TwoStageOffBanner,76
1544,System_B_TwoStageOffBanner,78
1545,System_B_TwoStageOffBanner,152
1546,System_B_TwoStageOffBanner,124
1547,System_B_TwoStageOffBanner,151
1548,System_B_TwoStageOffBanner,76
1549,System_B_TwoStageOffBanner,134
1550,System_B_TwoStageOffBanner,75
1551,System_B_TwoStageOffBanner,20
1552,System_B_TwoStageOffBanner,12
1553,System_B_TwoStageOffBanner,81
1554,System_B_TwoStageOffBanner,74
1555,System_B_TwoStageOffBanner,31
1556,System_B_TwoStageOffBanner,65
1557,System_B_TwoStageOffBanner,81
1558,System_B_TwoStageOffBanner,156
1559,System_B_TwoStageOffBanner,156
1560,System_B_TwoStageOffBanner,149
1561,System_B_TwoStageOffBanner,79
1562,System_B_TwoStageOffBanner,86
1563,System_B_TwoStageOffBanner,75
1564,System_B_TwoStageOffBanner,87
1565,System_B_TwoStageOffBanner,150
1566,System_B_TwoStageOffBanner,51
1567,System_B_TwoStageOffBanner,77
1568,System_B_TwoStageOffBanner,156
1569,System_B_TwoStageOffBanner,61
1570,System_B_TwoStageOffBanner,81
1571,System_B_TwoStageOffBanner,80
1572,System_B_TwoStageOffBanner,151
1573,System_B_TwoStageOffBanner,146
1574,System_B_TwoStageOffBanner,79
1575,System_B_TwoStageOffBanner,106
1576,System_B_TwoStageOffBanner,12
1577,System_B_TwoStageOffBanner,74
1578,System_B_TwoStageOffBanner,46
1579,System_B_TwoStageOffBanner,26
1580,System_B_TwoStageOffBanner,155
1581,System_B_TwoStageOffBanner,75
1582,System_B_TwoStageOffBanner,19
1583,System_B_TwoStageOffBanner,74
1584,System_B_TwoStageOffBanner,60
1585,System_B_TwoStageOffBanner,77
1586,System_B_TwoStageOffBanner,141
1587,System_B_TwoStageOffBanner,83
1588,System_B_TwoStageOffBanner,9
1589,System_B_TwoStageOffBanner,157
1590,System_B_TwoStageOffBanner,125
1591,System_B_TwoStageOffBanner,78
1592,System_B_TwoStageOffBanner,153
1593,System_B_TwoStageOffBanner,75
1594,System_B_TwoStageOffBanner,60
1595,System_B_TwoStageOffBanner,128
1596,System_B_TwoStageOffBanner,76
1597,System_B_TwoStageOffBanner,89
1598,System_B_TwoStageOffBanner,113
1599,System_B_TwoStageOffBanner,76
1600,System_B_TwoStageOffBanner,93
1601,System_B_TwoStageOffBanner,15
1602,System_B_TwoStageOffBanner,82
1603,System_B_TwoStageOffBanner,110
1604,System_B_TwoStageOffBanner,79
1605,System_B_TwoStageOffBanner,80
1606,System_B_TwoStageOffBanner,78
1607,System_B_TwoStageOffBanner,157
1608,System_B_TwoStageOffBanner,156
1609,System_B_TwoStageOffBanner,152
1610,System_B_TwoStageOffBanner,141
1611,System_B_TwoStageOffBanner,92
1612,System_B_TwoStageOffBanner,159
1613,System_B_TwoStageOffBanner,78
1614,System_B_TwoStageOffBanner,43
1615,System_B_TwoStageOffBanner,154
1616,System_B_TwoStageOffBanner,89
1617,System_B_TwoStageOffBanner,85
1618,System_B_TwoStageOffBanner,85
1619,System_B_TwoStageOffBanner,78
1620,System_B_TwoStageOffBanner,37
1621,System_B_TwoStageOffBanner,79
1622,System_B_TwoStageOffBanner,159
1623,System_B_TwoStageOffBanner,77
1624,System_B_TwoStageOffBanner,37
1625,System_B_TwoStageOffBanner,75
1626,System_B_TwoStageOffBanner,69
1627,System_B_TwoStageOffBanner,36
1628,System_B_TwoStageOffBanner,120
1629,System_B_TwoStageOffBanner,79
1630,System_B_TwoStageOffBanner,78
1631,System_B_TwoStageOffBanner,155
1632,System_B_TwoStageOffBanner,154
1633,System_B_TwoStageOffBanner,77
1634,System_B_TwoStageOffBanner,154
1635,System_B_TwoStageOffBanner,80
1636,System_B_TwoStageOffBanner,78
1637,System_B_TwoStageOffBanner,75
1638,System_B_TwoStageOffBanner,9
1639,System_B_TwoStageOffBanner,155
1640,System_B_TwoStageOffBanner,10
1641,System_B_TwoStageOffBanner,58
1642,System_B_TwoStageOffBanner,37
1643,System_B_TwoStageOffBanner,79
1644,System_B_TwoStageOffBanner,148
1645,System_B_TwoStageOffBanner,160
1646,System_B_TwoStageOffBanner,62
1647,System_B_TwoStageOffBanner,106
1648,System_B_TwoStageOffBanner,85
1649,System_B_TwoStageOffBanner,79
1650,System_B_TwoStageOffBanner,79
1651,System_B_TwoStageOffBanner,125
1652,System_B_TwoStageOffBanner,71
1653,System_B_TwoStageOffBanner,80
1654,System_B_TwoStageOffBanner,80
1655,System_B_TwoStageOffBanner,47
1656,System_B_TwoStageOffBanner,100
1657,System_B_TwoStageOffBanner,4
1658,System_B_TwoStageOffBanner,76
1659,System_B_TwoStageOffBanner,80
1660,System_B_TwoStageOffBanner,45
1661,System_B_TwoStageOffBanner,77
1662,System_B_TwoStageOffBanner,79
1663,System_B_TwoStageOffBanner,155
1664,System_B_TwoStageOffBanner,78
1665,System_B_TwoStageOffBanner,14
1666,System_B_TwoStageOffBanner,157
1667,System_B_TwoStageOffBanner,75
1668,System_B_TwoStageOffBanner,163
1669,System_B_TwoStageOffBanner,99
1670,System_B_TwoStageOffBanner,22
1671,System_B_TwoStageOffBanner,110
1672,System_B_TwoStageOffBanner,75
1673,System_B_TwoStageOffBanner,76
1674,System_B_TwoStageOffBanner,102
1675,System_B_TwoStageOffBanner,11
1676,System_B_TwoStageOffBanner,84
1677,System_B_TwoStageOffBanner,153
1678,System_B_TwoStageOffBanner,76
1679,System_B_TwoStageOffBanner,83
1680,System_B_TwoStageOffBanner,127
1681,System_B_TwoStageOffBanner,84
1682,System_B_TwoStageOffBanner,77
1683,System_B_TwoStageOffBanner,45
1684,System_B_TwoStageOffBanner,109
1685,System_B_TwoStageOffBanner,77
1686,System_B_TwoStageOffBanner,43
1687,System_B_TwoStageOffBanner,57
1688,System_B_TwoStageOffBanner,156
1689,System_B_TwoStageOffBanner,137
1690,System_B_TwoStageOffBanner,38
1691,System_B_TwoStageOffBanner,81
1692,System_B_TwoStageOffBanner,125
1693,System_B_TwoStageOffBanner,12
1694,System_B_TwoStageOffBanner,78
1695,System_B_TwoStageOffBanner,40
1696,System_B_TwoStageOffBanner,4
1697,System_B_TwoStageOffBanner,76
1698,System_B_TwoStageOffBanner,78
1699,System_B_TwoStageOffBanner,80
1700,System_B_TwoStageOffBanner,39
1701,System_B_TwoStageOffBanner,150
1702,System_B_TwoStageOffBanner,104
1703,System_B_TwoStageOffBanner,123
1704,System_B_TwoStageOffBanner,150
1705,System_B_TwoStageOffBanner,160
1706,System_B_TwoStageOffBanner,82
1707,System_B_TwoStageOffBanner,154
1708,System_B_TwoStageOffBanner,75
1709,System_B_TwoStageOffBanner,64
1710,System_B_TwoStageOffBanner,93
1711,System_B_TwoStageOffBanner,74
1712,System_B_TwoStageOffBanner,8
1713,System_B_TwoStageOffBanner,113
1714,System_B_TwoStageOffBanner,77
1715,System_B_TwoStageOffBanner,105
1716,System_B_TwoStageOffBanner,122
1717,System_B_TwoStageOffBanner,12
1718,System_B_TwoStageOffBanner,77
1719,System_B_TwoStageOffBanner,87
1720,System_B_TwoStageOffBanner,29
1721,System_B_TwoStageOffBanner,92
1722,System_B_TwoStageOffBanner,22
1723,System_B_TwoStageOffBanner,152
1724,System_B_TwoStageOffBanner,48
1725,System_B_TwoStageOffBanner,157
1726,System_B_TwoStageOffBanner,6
1727,System_B_TwoStageOffBanner,77
1728,System_B_TwoStageOffBanner,102
1729,System_B_TwoStageOffBanner,76
1730,System_B_TwoStageOffBanner,155
1731,System_B_TwoStageOffBanner,49
1732,System_B_TwoStageOffBanner,74
1733,System_B_TwoStageOffBanner,83
1734,System_B_TwoStageOffBanner,76
1735,System_B_TwoStageOffBanner,71
1736,System_B_TwoStageOffBanner,79
1737,System_B_TwoStageOffBanner,115
1738,System_B_TwoStageOffBanner,102
1739,System_B_TwoStageOffBanner,120
1740,System_B_TwoStageOffBanner,38
1741,System_B_TwoStageOffBanner,153
1742,System_B_TwoStageOffBanner,79
1743,System_B_TwoStageOffBanner,57
1744,System_B_TwoStageOffBanner,30
1745,System_B_TwoStageOffBanner,79
1746,System_B_TwoStageOffBanner,107
1747,System_B_TwoStageOffBanner,72
1748,System_B_TwoStageOffBanner,29
1749,System_B_TwoStageOffBanner,76
1750,System_B_TwoStageOffBanner,84
1751,System_B_TwoStageOffBanner,143
1752,System_B_TwoStageOffBanner,3
1753,System_B_TwoStageOffBanner,75
1754,System_B_TwoStageOffBanner,81
1755,System_B_TwoStageOffBanner,80
1756,System_B_TwoStageOffBanner,79
1757,System_B_TwoStageOffBanner,76
1758,System_B_TwoStageOffBanner,63
1759,System_B_TwoStageOffBanner,154
1760,System_B_TwoStageOffBanner,26
1761,System_B_TwoStageOffBanner,79
1762,System_B_TwoStageOffBanner,151
1763,System_B_TwoStageOffBanner,154
1764,System_B_TwoStageOffBanner,108
1765,System_B_TwoStageOffBanner,156
1766,System_B_TwoStageOffBanner,74
1767,System_B_TwoStageOffBanner,150
1768,System_B_TwoStageOffBanner,64
1769,System_B_TwoStageOffBanner,80
1770,System_B_TwoStageOffBanner,76
1771,System_B_TwoStageOffBanner,14
1772,System_B_TwoStageOffBanner,155
1773,System_B_TwoStageOffBanner,75
1774,System_B_TwoStageOffBanner,150
1775,System_B_TwoStageOffBanner,76
1776,System_B_TwoStageOffBanner,82
1777,System_B_TwoStageOffBanner,78
1778,System_B_TwoStageOffBanner,75
1779,System_B_TwoStageOffBanner,23
1780,System_B_TwoStageOffBanner,157
1781,System_B_TwoStageOffBanner,76
1782,System_B_TwoStageOffBanner,161
1783,System_B_TwoStageOffBanner,77
1784,System_B_TwoStageOffBanner,109
1785,System_B_TwoStageOffBanner,76
1786,System_B_TwoStageOffBanner,105
1787,System_B_TwoStageOffBanner,77
1788,System_B_TwoStageOffBanner,7
1789,System_B_TwoStageOffBanner,46
1790,System_B_TwoStageOffBanner,42
1791,System_B_TwoStageOffBanner,155
1792,System_B_TwoStageOffBanner,77
1793,System_B_TwoStageOffBanner,78
1794,System_B_TwoStageOffBanner,134
1795,System_B_TwoStageOffBanner,32
1796,System_B_TwoStageOffBanner,152
1797,System_B_TwoStageOffBanner,37
1798,System_B_TwoStageOffBanner,80
1799,System_B_TwoStageOffBanner,79
1800,System_B_TwoStageOffBanner,95
1801,System_B_TwoStageOffBanner,158
1802,System_B_TwoStageOffBanner,75
1803,System_B_TwoStageOffBanner,100
1804,System_B_TwoStageOffBanner,79
1805,System_B_TwoStageOffBanner,74
1806,System_B_TwoStageOffBanner,66
1807,System_B_TwoStageOffBanner,97
1808,System_B_TwoStageOffBanner,135
1809,System_B_TwoStageOffBanner,153
1810,System_B_TwoStageOffBanner,35
1811,System_B_TwoStageOffBanner,121
1812,System_B_TwoStageOffBanner,75
1813,System_B_TwoStageOffBanner,80
1814,System_B_TwoStageOffBanner,161
1815,System_B_TwoStageOffBanner,154
1816,System_B_TwoStageOffBanner,160
1817,System_B_TwoStageOffBanner,74
1818,System_B_TwoStageOffBanner,80
1819,System_B_TwoStageOffBanner,75
1820,System_B_TwoStageOffBanner,155
1821,System_B_TwoStageOffBanner,63
1822,System_B_TwoStageOffBanner,77
1823,System_B_TwoStageOffBanner,32
1824,System_B_TwoStageOffBanner,76
1825,System_B_TwoStageOffBanner,89
1826,System_B_TwoStageOffBanner,93
1827,System_B_TwoStageOffBanner,78
1828,System_B_TwoStageOffBanner,75
1829,System_B_TwoStageOffBanner,22
1830,System_B_TwoStageOffBanner,64
1831,System_B_TwoStageOffBanner,78
1832,System_B_TwoStageOffBanner,81
1833,System_B_TwoStageOffBanner,77
1834,System_B_TwoStageOffBanner,127
1835,System_B_TwoStageOffBanner,151
1836,System_B_TwoStageOffBanner,79
1837,System_B_TwoStageOffBanner,155
1838,System_B_TwoStageOffBanner,76
1839,System_B_TwoStageOffBanner,14
1840,System_B_TwoStageOffBanner,80
1841,System_B_TwoStageOffBanner,34
1842,System_B_TwoStageOffBanner,91
1843,System_B_TwoStageOffBanner,151
1844,System_B_TwoStageOffBanner,97
1845,System_B_TwoStageOffBanner,79
1846,System_B_TwoStageOffBanner,117
1847,System_B_TwoStageOffBanner,154
1848,System_B_TwoStageOffBanner,77
1849,System_B_TwoStageOffBanner,74
1850,System_B_TwoStageOffBanner,78
1851,System_B_TwoStageOffBanner,84
1852,System_B_TwoStageOffBanner,79
1853,System_B_TwoStageOffBanner,77
1854,System_B_TwoStageOffBanner,130
1855,System_B_TwoStageOffBanner,29
1856,System_B_TwoStageOffBanner,126
1857,System_B_TwoStageOffBanner,64
1858,System_B_TwoStageOffBanner,70
1859,System_B_TwoStageOffBanner,75
1860,System_B_TwoStageOffBanner,62
1861,System_B_TwoStageOffBanner,113
1862,System_B_TwoStageOffBanner,41
1863,System_B_TwoStageOffBanner,160
1864,System_B_TwoStageOffBanner,147
1865,System_B_TwoStageOffBanner,77
1866,System_B_TwoStageOffBanner,59
1867,System_B_TwoStageOffBanner,101
1868,System_B_TwoStageOffBanner,43
1869,System_B_TwoStageOffBanner,150
1870,System_B_TwoStageOffBanner,87
1871,System_B_TwoStageOffBanner,154
1872,System_B_TwoStageOffBanner,158
1873,System_B_TwoStageOffBanner,81
1874,System_B_TwoStageOffBanner,59
1875,System_B_TwoStageOffBanner,77
1876,System_B_TwoStageOffBanner,156
1877,System_B_TwoStageOffBanner,16
1878,System_B_TwoStageOffBanner,107
1879,System_B_TwoStageOffBanner,78
1880,System_B_TwoStageOffBanner,153
1881,System_B_TwoStageOffBanner,79
1882,System_B_TwoStageOffBanner,124
1883,System_B_TwoStageOffBanner,83
1884,System_B_TwoStageOffBanner,80
1885,System_B_TwoStageOffBanner,129
1886,System_B_TwoStageOffBanner,33
1887,System_B_TwoStageOffBanner,78
1888,System_B_TwoStageOffBanner,78
1889,System_B_TwoStageOffBanner,94
1890,System_B_TwoStageOffBanner,134
1891,System_B_TwoStageOffBanner,116
1892,System_B_TwoStageOffBanner,76
1893,System_B_TwoStageOffBanner,83
1894,System_B_TwoStageOffBanner,111
1895,System_B_TwoStageOffBanner,157
1896,System_B_TwoStageOffBanner,19
1897,System_B_TwoStageOffBanner,22
1898,System_B_TwoStageOffBanner,151
1899,System_B_TwoStageOffBanner,156
1900,System_B_TwoStageOffBanner,152
1901,System_B_TwoStageOffBanner,84
1902,System_B_TwoStageOffBanner,90
1903,System_B_TwoStageOffBanner,97
1904,System_B_TwoStageOffBanner,114
1905,System_B_TwoStageOffBanner,125
1906,System_B_TwoStageOffBanner,153
1907,System_B_TwoStageOffBanner,78
1908,System_B_TwoStageOffBanner,81
1909,System_B_TwoStageOffBanner,75
1910,System_B_TwoStageOffBanner,97
1911,System_B_TwoStageOffBanner,156
1912,System_B_TwoStageOffBanner,32
1913,System_B_TwoStageOffBanner,153
1914,System_B_TwoStageOffBanner,81
1915,System_B_TwoStageOffBanner,77
1916,System_B_TwoStageOffBanner,135
1917,System_B_TwoStageOffBanner,64
1918,System_B_TwoStageOffBanner,111
1919,System_B_TwoStageOffBanner,75
1920,System_B_TwoStageOffBanner,94
1921,System_B_TwoStageOffBanner,98
1922,System_B_TwoStageOffBanner,31
1923,System_B_TwoStageOffBanner,115
1924,System_B_TwoStageOffBanner,106
1925,System_B_TwoStageOffBanner,153
1926,System_B_TwoStageOffBanner,80
1927,System_B_TwoStageOffBanner,89
1928,System_B_TwoStageOffBanner,79
1929,System_B_TwoStageOffBanner,1
1930,System_B_TwoStageOffBanner,152
1931,System_B_TwoStageOffBanner,105
1932,System_B_TwoStageOffBanner,80
1933,System_B_TwoStageOffBanner,149
1934,System_B_TwoStageOffBanner,102
1935,System_B_TwoStageOffBanner,79
1936,System_B_TwoStageOffBanner,78
1937,System_B_TwoStageOffBanner,151
1938,System_B_TwoStageOffBanner,83
1939,System_B_TwoStageOffBanner,154
1940,System_B_TwoStageOffBanner,21
1941,System_B_TwoStageOffBanner,119
1942,System_B_TwoStageOffBanner,4
1943,System_B_TwoStageOffBanner,66
1944,System_B_TwoStageOffBanner,78
1945,System_B_TwoStageOffBanner,76
1946,System_B_TwoStageOffBanner,80
1947,System_B_TwoStageOffBanner,109
1948,System_B_TwoStageOffBanner,17
1949,System_B_TwoStageOffBanner,85
1950,System_B_TwoStageOffBanner,22
1951,System_B_TwoStageOffBanner,134
1952,System_B_TwoStageOffBanner,79
1953,System_B_TwoStageOffBanner,76
1954,System_B_TwoStageOffBanner,154
1955,System_B_TwoStageOffBanner,77
1956,System_B_TwoStageOffBanner,75
1957,System_B_TwoStageOffBanner,49
1958,System_B_TwoStageOffBanner,78
1959,System_B_TwoStageOffBanner,130
1960,System_B_TwoStageOffBanner,59
1961,System_B_TwoStageOffBanner,86
1962,System_B_TwoStageOffBanner,76
1963,System_B_TwoStageOffBanner,158
1964,System_B_TwoStageOffBanner,76
1965,System_B_TwoStageOffBanner,133
1966,System_B_TwoStageOffBanner,81
1967,System_B_TwoStageOffBanner,77
1968,System_B_TwoStageOffBanner,104
1969,System_B_TwoStageOffBanner,75
1970,System_B_TwoStageOffBanner,52
1971,System_B_TwoStageOffBanner,85
1972,System_B_TwoStageOffBanner,104
1973,System_B_TwoStageOffBanner,156
1974,System_B_TwoStageOffBanner,78
1975,System_B_TwoStageOffBanner,81
1976,System_B_TwoStageOffBanner,59
1977,System_B_TwoStageOffBanner,72
1978,System_B_TwoStageOffBanner,160
1979,System_B_TwoStageOffBanner,98
1980,System_B_TwoStageOffBanner,86
1981,System_B_TwoStageOffBanner,57
1982,System_B_TwoStageOffBanner,134
1983,System_B_TwoStageOffBanner,45
1984,System_B_TwoStageOffBanner,81
1985,System_B_TwoStageOffBanner,48
1986,System_B_TwoStageOffBanner,154
1987,System_B_TwoStageOffBanner,76
1988,System_B_TwoStageOffBanner,73
1989,System_B_TwoStageOffBanner,98
1990,System_B_TwoStageOffBanner,153
1991,System_B_TwoStageOffBanner,81
1992,System_B_TwoStageOffBanner,80
1993,System_B_TwoStageOffBanner,75
1994,System_B_TwoStageOffBanner,21
1995,System_B_TwoStageOffBanner,59
1996,System_B_TwoStageOffBanner,154
1997,System_B_TwoStageOffBanner,81
1998,System_B_TwoStageOffBanner,5
1999,System_B_TwoStageOffBanner,75
2000,System_B_TwoStageOffBanner,80
2001,System_B_TwoStageOffBanner,76
2002,System_B_TwoStageOffBanner,55
2003,System_B_TwoStageOffBanner,152
2004,System_B_TwoStageOffBanner,157
2005,System_B_TwoStageOffBanner,119
2006,System_B_TwoStageOffBanner,77
2007,System_B_TwoStageOffBanner,76
2008,System_B_TwoStageOffBanner,151
2009,System_B_TwoStageOffBanner,33
2010,System_B_TwoStageOffBanner,97
2011,System_B_TwoStageOffBanner,147
2012,System_B_TwoStageOffBanner,77
2013,System_B_TwoStageOffBanner,2
2014,System_B_TwoStageOffBanner,78
2015,System_B_TwoStageOffBanner,30
2016,System_B_TwoStageOffBanner,76
2017,System_B_TwoStageOffBanner,81
2018,System_B_TwoStageOffBanner,49
2019,System_B_TwoStageOffBanner,64
2020,System_B_TwoStageOffBanner,78
2021,System_B_TwoStageOffBanner,115
2022,System_B_TwoStageOffBanner,84
2023,System_B_TwoStageOffBanner,63
2024,System_B_TwoStageOffBanner,77
2025,System_B_TwoStageOffBanner,79
2026,System_B_TwoStageOffBanner,155
2027,System_B_TwoStageOffBanner,124
2028,System_B_TwoStageOffBanner,78
2029,System_B_TwoStageOffBanner,148
2030,System_B_TwoStageOffBanner,14
2031,System_B_TwoStageOffBanner,75
2032,System_B_TwoStageOffBanner,80
2033,System_B_TwoStageOffBanner,125
2034,System_B_TwoStageOffBanner,156
2035,System_B_TwoStageOffBanner,78
2036,System_B_TwoStageOffBanner,77
2037,System_B_TwoStageOffBanner,77
2038,System_B_TwoStageOffBanner,75
2039,System_B_TwoStageOffBanner,77
2040,System_B_TwoStageOffBanner,94
2041,System_B_TwoStageOffBanner,66
2042,System_B_TwoStageOffBanner,156
2043,System_B_TwoStageOffBanner,72
2044,System_B_TwoStageOffBanner,75
2045,System_B_TwoStageOffBanner,37
2046,System_B_TwoStageOffBanner,78
2047,System_B_TwoStageOffBanner,84
2048,System_B_TwoStageOffBanner,35
2049,System_B_TwoStageOffBanner,80
2050,System_B_TwoStageOffBanner,132
2051,System_B_TwoStageOffBanner,49
2052,System_B_TwoStageOffBanner,75
2053,System_B_TwoStageOffBanner,116
2054,System_B_TwoStageOffBanner,136
2055,System_B_TwoStageOffBanner,26
2056,System_B_TwoStageOffBanner,153
2057,System_B_TwoStageOffBanner,77
2058,System_B_TwoStageOffBanner,81
2059,System_B_TwoStageOffBanner,1
2060,System_B_TwoStageOffBanner,37
2061,System_B_TwoStageOffBanner,2
2062,System_B_TwoStageOffBanner,100
2063,System_B_TwoStageOffBanner,91
2064,System_B_TwoStageOffBanner,23
2065,System_B_TwoStageOffBanner,55
2066,System_B_TwoStageOffBanner,120
2067,System_B_TwoStageOffBanner,156
2068,System_B_TwoStageOffBanner,157
2069,System_B_TwoStageOffBanner,79
2070,System_B_TwoStageOffBanner,159
2071,System_B_TwoStageOffBanner,77
2072,System_B_TwoStageOffBanner,22
2073,System_B_TwoStageOffBanner,76
2074,System_B_TwoStageOffBanner,86
2075,System_B_TwoStageOffBanner,97
2076,System_B_TwoStageOffBanner,56
2077,System_B_TwoStageOffBanner,121
2078,System_B_TwoStageOffBanner,79
2079,System_B_TwoStageOffBanner,77
2080,System_B_TwoStageOffBanner,154
2081,System_B_TwoStageOffBanner,45
2082,System_B_TwoStageOffBanner,77
2083,System_B_TwoStageOffBanner,135
2084,System_B_TwoStageOffBanner,61
2085,System_B_TwoStageOffBanner,78
2086,System_B_TwoStageOffBanner,44
2087,System_B_TwoStageOffBanner,71
2088,System_B_TwoStageOffBanner,68
2089,System_B_TwoStageOffBanner,151
2090,System_B_TwoStageOffBanner,155
2091,System_B_TwoStageOffBanner,82
2092,System_B_TwoStageOffBanner,153
2093,System_B_TwoStageOffBanner,30
2094,System_B_TwoStageOffBanner,77
2095,System_B_TwoStageOffBanner,152
2096,System_B_TwoStageOffBanner,23
2097,System_B_TwoStageOffBanner,75
2098,System_B_TwoStageOffBanner,86
2099,System_B_TwoStageOffBanner,75
2100,System_B_TwoStageOffBanner,88
2101,System_B_TwoStageOffBanner,76
2102,System_B_TwoStageOffBanner,158
2103,System_B_TwoStageOffBanner,163
2104,System_B_TwoStageOffBanner,81
2105,System_B_TwoStageOffBanner,136
2106,System_B_TwoStageOffBanner,100
2107,System_B_TwoStageOffBanner,158
2108,System_B_TwoStageOffBanner,158
2109,System_B_TwoStageOffBanner,81
2110,System_B_TwoStageOffBanner,148
2111,System_B_TwoStageOffBanner,80
2112,System_B_TwoStageOffBanner,79
2113,System_B_TwoStageOffBanner,77
2114,System_B_TwoStageOffBanner,93
2115,System_B_TwoStageOffBanner,84
2116,System_B_TwoStageOffBanner,149
2117,System_B_TwoStageOffBanner,87
2118,System_B_TwoStageOffBanner,138
2119,System_B_TwoStageOffBanner,14
2120,System_B_TwoStageOffBanner,31
2121,System_B_TwoStageOffBanner,58
2122,System_B_TwoStageOffBanner,88
2123,System_B_TwoStageOffBanner,155
2124,System_B_TwoStageOffBanner,15
2125,System_B_TwoStageOffBanner,88
2126,System_B_TwoStageOffBanner,94
2127,System_B_TwoStageOffBanner,120
2128,System_B_TwoStageOffBanner,91
2129,System_B_TwoStageOffBanner,86
2130,System_B_TwoStageOffBanner,150
2131,System_B_TwoStageOffBanner,149
2132,System_B_TwoStageOffBanner,78
2133,System_B_TwoStageOffBanner,78
2134,System_B_TwoStageOffBanner,110
2135,System_B_TwoStageOffBanner,78
2136,System_B_TwoStageOffBanner,152
2137,System_B_TwoStageOffBanner,78
2138,System_B_TwoStageOffBanner,85
2139,System_B_TwoStageOffBanner,22
2140,System_B_TwoStageOffBanner,150
2141,System_B_TwoStageOffBanner,136
2142,System_B_TwoStageOffBanner,80
2143,System_B_TwoStageOffBanner,4
2144,System_B_TwoStageOffBanner,7
2145,System_B_TwoStageOffBanner,158
2146,System_B_TwoStageOffBanner,32
2147,System_B_TwoStageOffBanner,80
2148,System_B_TwoStageOffBanner,38
2149,System_B_TwoStageOffBanner,125
2150,System_B_TwoStageOffBanner,78
2151,System_B_TwoStageOffBanner,75
2152,System_B_TwoStageOffBanner,79
2153,System_B_TwoStageOffBanner,75
2154,System_B_TwoStageOffBanner,77
2155,System_B_TwoStageOffBanner,155
2156,System_B_TwoStageOffBanner,131
2157,System_B_TwoStageOffBanner,156
2158,System_B_TwoStageOffBanner,47
2159,System_B_TwoStageOffBanner,108
2160,System_B_TwoStageOffBanner,77
2161,System_B_TwoStageOffBanner,74
2162,System_B_TwoStageOffBanner,158
2163,System_B_TwoStageOffBanner,78
2164,System_B_TwoStageOffBanner,44
2165,System_B_TwoStageOffBanner,129
2166,System_B_TwoStageOffBanner,160
2167,System_B_TwoStageOffBanner,92
2168,System_B_TwoStageOffBanner,130
2169,System_B_TwoStageOffBanner,48
2170,System_B_TwoStageOffBanner,15
2171,System_B_TwoStageOffBanner,162
2172,System_B_TwoStageOffBanner,85
2173,System_B_TwoStageOffBanner,80
2174,System_B_TwoStageOffBanner,94
2175,System_B_TwoStageOffBanner,149
2176,System_B_TwoStageOffBanner,156
2177,System_B_TwoStageOffBanner,80
2178,System_B_TwoStageOffBanner,159
2179,System_B_TwoStageOffBanner,152
2180,System_B_TwoStageOffBanner,5
2181,System_B_TwoStageOffBanner,51
2182,System_B_TwoStageOffBanner,101
2183,System_B_TwoStageOffBanner,76
2184,System_B_TwoStageOffBanner,23
2185,System_B_TwoStageOffBanner,79
2186,System_B_TwoStageOffBanner,123
2187,System_B_TwoStageOffBanner,156
2188,System_B_TwoStageOffBanner,76
2189,System_B_TwoStageOffBanner,75
2190,System_B_TwoStageOffBanner,12
2191,System_B_TwoStageOffBanner,57
2192,System_B_TwoStageOffBanner,155
2193,System_B_TwoStageOffBanner,156
2194,System_B_TwoStageOffBanner,146
2195,System_B_TwoStageOffBanner,74
2196,System_B_TwoStageOffBanner,76
2197,System_B_TwoStageOffBanner,153
2198,System_B_TwoStageOffBanner,79
2199,System_B_TwoStageOffBanner,160
2200,System_B_TwoStageOffBanner,90
2201,System_B_TwoStageOffBanner,74
2202,System_B_TwoStageOffBanner,76
2203,System_B_TwoStageOffBanner,77
2204,System_B_TwoStageOffBanner,23
2205,System_B_TwoStageOffBanner,20
2206,System_B_TwoStageOffBanner,161
2207,System_B_TwoStageOffBanner,56
2208,System_B_TwoStageOffBanner,77
2209,System_B_TwoStageOffBanner,119
2210,System_B_TwoStageOffBanner,97
2211,System_B_TwoStageOffBanner,80
2212,System_B_TwoStageOffBanner,153
2213,System_B_TwoStageOffBanner,41
2214,System_B_TwoStageOffBanner,78
2215,System_B_TwoStageOffBanner,79
2216,System_B_TwoStageOffBanner,153
2217,System_B_TwoStageOffBanner,21
2218,System_B_TwoStageOffBanner,154
2219,System_B_TwoStageOffBanner,78
2220,System_B_TwoStageOffBanner,155
2221,System_B_TwoStageOffBanner,154
2222,System_B_TwoStageOffBanner,126
2223,System_B_TwoStageOffBanner,39
2224,System_B_TwoStageOffBanner,156
2225,System_B_TwoStageOffBanner,45
2226,System_B_TwoStageOffBanner,53
2227,System_B_TwoStageOffBanner,77
2228,System_B_TwoStageOffBanner,79
2229,System_B_TwoStageOffBanner,77
2230,System_B_TwoStageOffBanner,103
2231,System_B_TwoStageOffBanner,63
2232,System_B_TwoStageOffBanner,152
2233,System_B_TwoStageOffBanner,157
2234,System_B_TwoStageOffBanner,157
2235,System_B_TwoStageOffBanner,100
2236,System_B_TwoStageOffBanner,79
2237,System_B_TwoStageOffBanner,152
2238,System_B_TwoStageOffBanner,25
2239,System_B_TwoStageOffBanner,77
2240,System_B_TwoStageOffBanner,43
2241,System_B_TwoStageOffBanner,160
2242,System_B_TwoStageOffBanner,76
2243,System_B_TwoStageOffBanner,79
2244,System_B_TwoStageOffBanner,26
2245,System_B_TwoStageOffBanner,161
2246,System_B_TwoStageOffBanner,126
2247,System_B_TwoStageOffBanner,156
2248,System_B_TwoStageOffBanner,75
2249,System_B_TwoStageOffBanner,92
2250,System_B_TwoStageOffBanner,79
2251,System_B_TwoStageOffBanner,9
2252,System_B_TwoStageOffBanner,78
2253,System_B_TwoStageOffBanner,77
2254,System_B_TwoStageOffBanner,77
2255,System_B_TwoStageOffBanner,154
2256,System_B_TwoStageOffBanner,115
2257,System_B_TwoStageOffBanner,110
2258,System_B_TwoStageOffBanner,67
2259,System_B_TwoStageOffBanner,76
2260,System_B_TwoStageOffBanner,161
2261,System_B_TwoStageOffBanner,39
2262,System_B_TwoStageOffBanner,161
2263,System_B_TwoStageOffBanner,95
2264,System_B_TwoStageOffBanner,103
2265,System_B_TwoStageOffBanner,94
2266,System_B_TwoStageOffBanner,89
2267,System_B_TwoStageOffBanner,34
2268,System_B_TwoStageOffBanner,86
2269,System_B_TwoStageOffBanner,34
2270,System_B_TwoStageOffBanner,22
2271,System_B_TwoStageOffBanner,85
2272,System_B_TwoStageOffBanner,80
2273,System_B_TwoStageOffBanner,76
2274,System_B_TwoStageOffBanner,79
2275,System_B_TwoStageOffBanner,13
2276,System_B_TwoStageOffBanner,106
2277,System_B_TwoStageOffBanner,147
2278,System_B_TwoStageOffBanner,156
2279,System_B_TwoStageOffBanner,6
2280,System_B_TwoStageOffBanner,67
2281,System_B_TwoStageOffBanner,53
2282,System_B_TwoStageOffBanner,54
2283,System_B_TwoStageOffBanner,77
2284,System_B_TwoStageOffBanner,79
2285,System_B_TwoStageOffBanner,77
2286,System_B_TwoStageOffBanner,140
2287,System_B_TwoStageOffBanner,37
2288,System_B_TwoStageOffBanner,141
2289,System_B_TwoStageOffBanner,77
2290,System_B_TwoStageOffBanner,152
2291,System_B_TwoStageOffBanner,85
2292,System_B_TwoStageOffBanner,80
2293,System_B_TwoStageOffBanner,72
2294,System_B_TwoStageOffBanner,157
2295,System_B_TwoStageOffBanner,56
2296,System_B_TwoStageOffBanner,78
2297,System_B_TwoStageOffBanner,74
2298,System_B_TwoStageOffBanner,79
2299,System_B_TwoStageOffBanner,86
2300,System_B_TwoStageOffBanner,33
2301,System_B_TwoStageOffBanner,157
2302,System_B_TwoStageOffBanner,51
2303,System_B_TwoStageOffBanner,109
2304,System_B_TwoStageOffBanner,34
2305,System_B_TwoStageOffBanner,150
2306,System_B_TwoStageOffBanner,64
2307,System_B_TwoStageOffBanner,159
2308,System_B_TwoStageOffBanner,78
2309,System_B_TwoStageOffBanner,81
2310,System_B_TwoStageOffBanner,80
2311,System_B_TwoStageOffBanner,75
2312,System_B_TwoStageOffBanner,76
2313,System_B_TwoStageOffBanner,77
2314,System_B_TwoStageOffBanner,155
2315,System_B_TwoStageOffBanner,80
2316,System_B_TwoStageOffBanner,97
2317,System_B_TwoStageOffBanner,74
2318,System_B_TwoStageOffBanner,135
2319,System_B_TwoStageOffBanner,152
2320,System_B_TwoStageOffBanner,117
2321,System_B_TwoStageOffBanner,119
2322,System_B_TwoStageOffBanner,132
2323,System_B_TwoStageOffBanner,8
2324,System_B_TwoStageOffBanner,151
2325,System_B_TwoStageOffBanner,155
2326,System_B_TwoStageOffBanner,155
2327,System_B_TwoStageOffBanner,76
2328,System_B_TwoStageOffBanner,90
2329,System_B_TwoStageOffBanner,80
2330,System_B_TwoStageOffBanner,76
2331,System_B_TwoStageOffBanner,76
2332,System_B_TwoStageOffBanner,107
2333,System_B_TwoStageOffBanner,82
2334,System_B_TwoStageOffBanner,5
2335,System_B_TwoStageOffBanner,161
2336,System_B_TwoStageOffBanner,139
2337,System_B_TwoStageOffBanner,77
2338,System_B_TwoStageOffBanner,55
2339,System_B_TwoStageOffBanner,138
2340,System_B_TwoStageOffBanner,146
2341,System_B_TwoStageOffBanner,164
2342,System_B_TwoStageOffBanner,129
2343,System_B_TwoStageOffBanner,90
2344,System_B_TwoStageOffBanner,155
2345,System_B_TwoStageOffBanner,56
2346,System_B_TwoStageOffBanner,9
2347,System_B_TwoStageOffBanner,84
2348,System_B_TwoStageOffBanner,81
2349,System_B_TwoStageOffBanner,78
2350,System_B_TwoStageOffBanner,64
2351,System_B_TwoStageOffBanner,75
2352,System_B_TwoStageOffBanner,64
2353,System_B_TwoStageOffBanner,76
2354,System_B_TwoStageOffBanner,156
2355,System_B_TwoStageOffBanner,19
2356,System_B_TwoStageOffBanner,7
2357,System_B_TwoStageOffBanner,59
2358,System_B_TwoStageOffBanner,164
2359,System_B_TwoStageOffBanner,141
2360,System_B_TwoStageOffBanner,160
2361,System_B_TwoStageOffBanner,79
2362,System_B_TwoStageOffBanner,153
2363,System_B_TwoStageOffBanner,60
2364,System_B_TwoStageOffBanner,159
2365,System_B_TwoStageOffBanner,37
2366,System_B_TwoStageOffBanner,16
2367,System_B_TwoStageOffBanner,161
2368,System_B_TwoStageOffBanner,79
2369,System_B_TwoStageOffBanner,75
2370,System_B_TwoStageOffBanner,18
2371,System_B_TwoStageOffBanner,118
2372,System_B_TwoStageOffBanner,154
2373,System_B_TwoStageOffBanner,37
2374,System_B_TwoStageOffBanner,75
2375,System_B_TwoStageOffBanner,123
2376,System_B_TwoStageOffBanner,82
2377,System_B_TwoStageOffBanner,15
2378,System_B_TwoStageOffBanner,139
2379,System_B_TwoStageOffBanner,36
2380,System_B_TwoStageOffBanner,79
2381,System_B_TwoStageOffBanner,20
2382,System_B_TwoStageOffBanner,75
2383,System_B_TwoStageOffBanner,39
2384,System_B_TwoStageOffBanner,79
2385,System_B_TwoStageOffBanner,105
2386,System_B_TwoStageOffBanner,164
2387,System_B_TwoStageOffBanner,77
2388,System_B_TwoStageOffBanner,152
2389,System_B_TwoStageOffBanner,80
2390,System_B_TwoStageOffBanner,158
2391,System_B_TwoStageOffBanner,104
2392,System_B_TwoStageOffBanner,76
2393,System_B_TwoStageOffBanner,77
2394,System_B_TwoStageOffBanner,133
2395,System_B_TwoStageOffBanner,150
2396,System_B_TwoStageOffBanner,75
2397,System_B_TwoStageOffBanner,75
2398,System_B_TwoStageOffBanner,120
2399,System_B_TwoStageOffBanner,100
2400,System_B_TwoStageOffBanner,79
2401,System_B_TwoStageOffBanner,118
2402,System_B_TwoStageOffBanner,151
2403,System_B_TwoStageOffBanner,48
2404,System_B_TwoStageOffBanner,80
2405,System_B_TwoStageOffBanner,102
2406,System_B_TwoStageOffBanner,119
2407,System_B_TwoStageOffBanner,77
2408,System_B_TwoStageOffBanner,78
2409,System_B_TwoStageOffBanner,152
2410,System_B_TwoStageOffBanner,78
2411,System_B_TwoStageOffBanner,49
2412,System_B_TwoStageOffBanner,51
2413,System_B_TwoStageOffBanner,56
2414,System_B_TwoStageOffBanner,102
2415,System_B_TwoStageOffBanner,77
2416,System_B_TwoStageOffBanner,80
2417,System_B_TwoStageOffBanner,31
2418,System_B_TwoStageOffBanner,160
2419,System_B_TwoStageOffBanner,75
2420,System_B_TwoStageOffBanner,116
2421,System_B_TwoStageOffBanner,105
2422,System_B_TwoStageOffBanner,77
2423,System_B_TwoStageOffBanner,78
2424,System_B_TwoStageOffBanner,98
2425,System_B_TwoStageOffBanner,103
2426,System_B_TwoStageOffBanner,88
2427,System_B_TwoStageOffBanner,155
2428,System_B_TwoStageOffBanner,78
2429,System_B_TwoStageOffBanner,78
2430,System_B_TwoStageOffBanner,77
2431,System_B_TwoStageOffBanner,31
2432,System_B_TwoStageOffBanner,158
2433,System_B_TwoStageOffBanner,158
2434,System_B_TwoStageOffBanner,161
2435,System_B_TwoStageOffBanner,147
2436,System_B_TwoStageOffBanner,81
2437,System_B_TwoStageOffBanner,155
2438,System_B_TwoStageOffBanner,157
2439,System_B_TwoStageOffBanner,154
2440,System_B_TwoStageOffBanner,77
2441,System_B_TwoStageOffBanner,36
2442,System_B_TwoStageOffBanner,82
2443,System_B_TwoStageOffBanner,78
2444,System_B_TwoStageOffBanner,151
2445,System_B_TwoStageOffBanner,44
2446,System_B_TwoStageOffBanner,155
2447,System_B_TwoStageOffBanner,164
2448,System_B_TwoStageOffBanner,86
2449,System_B_TwoStageOffBanner,97
2450,System_B_TwoStageOffBanner,155
2451,System_B_TwoStageOffBanner,81
2452,System_B_TwoStageOffBanner,155
2453,System_B_TwoStageOffBanner,84
2454,System_B_TwoStageOffBanner,79
2455,System_B_TwoStageOffBanner,155
2456,System_B_TwoStageOffBanner,82
2457,System_B_TwoStageOffBanner,141
2458,System_B_TwoStageOffBanner,126
2459,System_B_TwoStageOffBanner,14
2460,System_B_TwoStageOffBanner,156
2461,System_B_TwoStageOffBanner,98
2462,System_B_TwoStageOffBanner,81
2463,System_B_TwoStageOffBanner,76
2464,System_B_TwoStageOffBanner,103
2465,System_B_TwoStageOffBanner,79
2466,System_B_TwoStageOffBanner,157
2467,System_B_TwoStageOffBanner,77
2468,System_B_TwoStageOffBanner,80
2469,System_B_TwoStageOffBanner,76
2470,System_B_TwoStageOffBanner,96
2471,System_B_TwoStageOffBanner,77
2472,System_B_TwoStageOffBanner,75
2473,System_B_TwoStageOffBanner,11
2474,System_B_TwoStageOffBanner,55
2475,System_B_TwoStageOffBanner,20
2476,System_B_TwoStageOffBanner,106
2477,System_B_TwoStageOffBanner,77
2478,System_B_TwoStageOffBanner,152
2479,System_B_TwoStageOffBanner,77
2480,System_B_TwoStageOffBanner,154
2481,System_B_TwoStageOffBanner,78
2482,System_B_TwoStageOffBanner,65
2483,System_B_TwoStageOffBanner,156
2484,System_B_TwoStageOffBanner,70
2485,System_B_TwoStageOffBanner,64
2486,System_B_TwoStageOffBanner,23
2487,System_B_TwoStageOffBanner,103
2488,System_B_TwoStageOffBanner,27
2489,System_B_TwoStageOffBanner,77
2490,System_B_TwoStageOffBanner,79
2491,System_B_TwoStageOffBanner,88
2492,System_B_TwoStageOffBanner,35
2493,System_B_TwoStageOffBanner,112
2494,System_B_TwoStageOffBanner,77
2495,System_B_TwoStageOffBanner,46
2496,System_B_TwoStageOffBanner,153
2497,System_B_TwoStageOffBanner,150
2498,System_B_TwoStageOffBanner,83
2499,System_B_TwoStageOffBanner,79
2500,System_B_TwoStageOffBanner,68
2501,System_B_TwoStageOffBanner,76
2502,System_B_TwoStageOffBanner,17
2503,System_B_TwoStageOffBanner,153
2504,System_B_TwoStageOffBanner,77
2505,System_B_TwoStageOffBanner,76
2506,System_B_TwoStageOffBanner,159
2507,System_B_TwoStageOffBanner,157
2508,System_B_TwoStageOffBanner,24
2509,System_B_TwoStageOffBanner,79
2510,System_B_TwoStageOffBanner,161
2511,System_B_TwoStageOffBanner,141
2512,System_B_TwoStageOffBanner,150
2513,System_B_TwoStageOffBanner,163
2514,System_B_TwoStageOffBanner,78
2515,System_B_TwoStageOffBanner,157
2516,System_B_TwoStageOffBanner,25
2517,System_B_TwoStageOffBanner,123
2518,System_B_TwoStageOffBanner,77
2519,System_B_TwoStageOffBanner,94
2520,System_B_TwoStageOffBanner,56
2521,System_B_TwoStageOffBanner,158
2522,System_B_TwoStageOffBanner,152
2523,System_B_TwoStageOffBanner,158
2524,System_B_TwoStageOffBanner,79
2525,System_B_TwoStageOffBanner,76
2526,System_B_TwoStageOffBanner,74
2527,System_B_TwoStageOffBanner,138
2528,System_B_TwoStageOffBanner,156
2529,System_B_TwoStageOffBanner,133
2530,System_B_TwoStageOffBanner,33
2531,System_B_TwoStageOffBanner,137
2532,System_B_TwoStageOffBanner,98
2533,System_B_TwoStageOffBanner,74
2534,System_B_TwoStageOffBanner,155
2535,System_B_TwoStageOffBanner,153
2536,System_B_TwoStageOffBanner,32
2537,System_B_TwoStageOffBanner,144
2538,System_B_TwoStageOffBanner,81
2539,System_B_TwoStageOffBanner,156
2540,System_B_TwoStageOffBanner,130
2541,System_B_TwoStageOffBanner,157
2542,System_B_TwoStageOffBanner,151
2543,System_B_TwoStageOffBanner,76
2544,System_B_TwoStageOffBanner,154
2545,System_B_TwoStageOffBanner,96
2546,System_B_TwoStageOffBanner,81
2547,System_B_TwoStageOffBanner,81
2548,System_B_TwoStageOffBanner,4
2549,System_B_TwoStageOffBanner,99
2550,System_B_TwoStageOffBanner,11
2551,System_B_TwoStageOffBanner,112
2552,System_B_TwoStageOffBanner,127
2553,System_B_TwoStageOffBanner,76
2554,System_B_TwoStageOffBanner,139
2555,System_B_TwoStageOffBanner,87
2556,System_B_TwoStageOffBanner,126
2557,System_B_TwoStageOffBanner,155
2558,System_B_TwoStageOffBanner,79
2559,System_B_TwoStageOffBanner,135
2560,System_B_TwoStageOffBanner,156
2561,System_B_TwoStageOffBanner,134
2562,System_B_TwoStageOffBanner,116
2563,System_B_TwoStageOffBanner,77
2564,System_B_TwoStageOffBanner,15
2565,System_B_TwoStageOffBanner,80
2566,System_B_TwoStageOffBanner,11
2567,System_B_TwoStageOffBanner,153
2568,System_B_TwoStageOffBanner,96
2569,System_B_TwoStageOffBanner,92
2570,System_B_TwoStageOffBanner,71
2571,System_B_TwoStageOffBanner,156
2572,System_B_TwoStageOffBanner,77
2573,System_B_TwoStageOffBanner,124
2574,System_B_TwoStageOffBanner,139
2575,System_B_TwoStageOffBanner,80
2576,System_B_TwoStageOffBanner,75
2577,System_B_TwoStageOffBanner,119
2578,System_B_TwoStageOffBanner,76
2579,System_B_TwoStageOffBanner,36
2580,System_B_TwoStageOffBanner,76
2581,System_B_TwoStageOffBanner,161
2582,System_B_TwoStageOffBanner,131
2583,System_B_TwoStageOffBanner,40
2584,System_B_TwoStageOffBanner,96
2585,System_B_TwoStageOffBanner,155
2586,System_B_TwoStageOffBanner,147
2587,System_B_TwoStageOffBanner,98
2588,System_B_TwoStageOffBanner,66
2589,System_B_TwoStageOffBanner,28
2590,System_B_TwoStageOffBanner,163
2591,System_B_TwoStageOffBanner,5
2592,System_B_TwoStageOffBanner,77
2593,System_B_TwoStageOffBanner,121
2594,System_B_TwoStageOffBanner,75
2595,System_B_TwoStageOffBanner,77
2596,System_B_TwoStageOffBanner,82
2597,System_B_TwoStageOffBanner,101
2598,System_B_TwoStageOffBanner,152
2599,System_B_TwoStageOffBanner,15
2600,System_B_TwoStageOffBanner,80
2601,System_B_TwoStageOffBanner,80
2602,System_B_TwoStageOffBanner,158
2603,System_B_TwoStageOffBanner,77
2604,System_B_TwoStageOffBanner,74
2605,System_B_TwoStageOffBanner,44
2606,System_B_TwoStageOffBanner,74
2607,System_B_TwoStageOffBanner,69
2608,System_B_TwoStageOffBanner,157
2609,System_B_TwoStageOffBanner,129
2610,System_B_TwoStageOffBanner,92
2611,System_B_TwoStageOffBanner,83
2612,System_B_TwoStageOffBanner,56
2613,System_B_TwoStageOffBanner,64
2614,System_B_TwoStageOffBanner,74
2615,System_B_TwoStageOffBanner,77
2616,System_B_TwoStageOffBanner,92
2617,System_B_TwoStageOffBanner,86
2618,System_B_TwoStageOffBanner,50
2619,System_B_TwoStageOffBanner,89
2620,System_B_TwoStageOffBanner,115
2621,System_B_TwoStageOffBanner,53
2622,System_B_TwoStageOffBanner,79
2623,System_B_TwoStageOffBanner,31
2624,System_B_TwoStageOffBanner,78
2625,System_B_TwoStageOffBanner,131
2626,System_B_TwoStageOffBanner,77
2627,System_B_TwoStageOffBanner,81
2628,System_B_TwoStageOffBanner,133
2629,System_B_TwoStageOffBanner,158
2630,System_B_TwoStageOffBanner,153
2631,System_B_TwoStageOffBanner,155
2632,System_B_TwoStageOffBanner,161
2633,System_B_TwoStageOffBanner,100
2634,System_B_TwoStageOffBanner,81
2635,System_B_TwoStageOffBanner,43
2636,System_B_TwoStageOffBanner,79
2637,System_B_TwoStageOffBanner,12
2638,System_B_TwoStageOffBanner,157
2639,System_B_TwoStageOffBanner,76
2640,System_B_TwoStageOffBanner,65
2641,System_B_TwoStageOffBanner,157
2642,System_B_TwoStageOffBanner,152
2643,System_B_TwoStageOffBanner,152
2644,System_B_TwoStageOffBanner,160
2645,System_B_TwoStageOffBanner,74
2646,System_B_TwoStageOffBanner,128
2647,System_B_TwoStageOffBanner,76
2648,System_B_TwoStageOffBanner,76
2649,System_B_TwoStageOffBanner,139
2650,System_B_TwoStageOffBanner,75
2651,System_B_TwoStageOffBanner,79
2652,System_B_TwoStageOffBanner,86
2653,System_B_TwoStageOffBanner,12
2654,System_B_TwoStageOffBanner,20
2655,System_B_TwoStageOffBanner,159
2656,System_B_TwoStageOffBanner,112
2657,System_B_TwoStageOffBanner,59
2658,System_B_TwoStageOffBanner,143
2659,System_B_TwoStageOffBanner,14
2660,System_B_TwoStageOffBanner,110
2661,System_B_TwoStageOffBanner,150
2662,System_B_TwoStageOffBanner,72
2663,System_B_TwoStageOffBanner,157
2664,System_B_TwoStageOffBanner,153
2665,System_B_TwoStageOffBanner,83
2666,System_B_TwoStageOffBanner,80
2667,System_B_TwoStageOffBanner,155
2668,System_B_TwoStageOffBanner,35
2669,System_B_TwoStageOffBanner,160
2670,System_B_TwoStageOffBanner,29
2671,System_B_TwoStageOffBanner,81
2672,System_B_TwoStageOffBanner,76
2673,System_B_TwoStageOffBanner,80
2674,System_B_TwoStageOffBanner,145
2675,System_B_TwoStageOffBanner,57
2676,System_B_TwoStageOffBanner,55
2677,System_B_TwoStageOffBanner,100
2678,System_B_TwoStageOffBanner,79
2679,System_B_TwoStageOffBanner,47
2680,System_B_TwoStageOffBanner,80
2681,System_B_TwoStageOffBanner,67
2682,System_B_TwoStageOffBanner,76
2683,System_B_TwoStageOffBanner,76
2684,System_B_TwoStageOffBanner,141
2685,System_B_TwoStageOffBanner,74
2686,System_B_TwoStageOffBanner,13
2687,System_B_TwoStageOffBanner,78
2688,System_B_TwoStageOffBanner,142
2689,System_B_TwoStageOffBanner,65
2690,System_B_TwoStageOffBanner,77
2691,System_B_TwoStageOffBanner,30
2692,System_B_TwoStageOffBanner,64
2693,System_B_TwoStageOffBanner,79
2694,System_B_TwoStageOffBanner,5
2695,System_B_TwoStageOffBanner,10
2696,System_B_TwoStageOffBanner,69
2697,System_B_TwoStageOffBanner,85
2698,System_B_TwoStageOffBanner,89
2699,System_B_TwoStageOffBanner,131
2700,System_B_TwoStageOffBanner,159
2701,System_B_TwoStageOffBanner,77
2702,System_B_TwoStageOffBanner,134
2703,System_B_TwoStageOffBanner,80
2704,System_B_TwoStageOffBanner,14
2705,System_B_TwoStageOffBanner,76
2706,System_B_TwoStageOffBanner,46
2707,System_B_TwoStageOffBanner,136
2708,System_B_TwoStageOffBanner,111
2709,System_B_TwoStageOffBanner,31
2710,System_B_TwoStageOffBanner,76
2711,System_B_TwoStageOffBanner,79
2712,System_B_TwoStageOffBanner,85
2713,System_B_TwoStageOffBanner,77
2714,System_B_TwoStageOffBanner,114
2715,System_B_TwoStageOffBanner,154
2716,System_B_TwoStageOffBanner,76
2717,System_B_TwoStageOffBanner,81
2718,System_B_TwoStageOffBanner,83
2719,System_B_TwoStageOffBanner,156
2720,System_B_TwoStageOffBanner,106
2721,System_B_TwoStageOffBanner,63
2722,System_B_TwoStageOffBanner,80
2723,System_B_TwoStageOffBanner,77
2724,System_B_TwoStageOffBanner,131
2725,System_B_TwoStageOffBanner,155
2726,System_B_TwoStageOffBanner,77
2727,System_B_TwoStageOffBanner,154
2728,System_B_TwoStageOffBanner,63
2729,System_B_TwoStageOffBanner,161
2730,System_B_TwoStageOffBanner,153
2731,System_B_TwoStageOffBanner,66
2732,System_B_TwoStageOffBanner,149
2733,System_B_TwoStageOffBanner,69
2734,System_B_TwoStageOffBanner,78
2735,System_B_TwoStageOffBanner,81
2736,System_B_TwoStageOffBanner,85
2737,System_B_TwoStageOffBanner,80
2738,System_B_TwoStageOffBanner,77
2739,System_B_TwoStageOffBanner,75
2740,System_B_TwoStageOffBanner,160
2741,System_B_TwoStageOffBanner,80
2742,System_B_TwoStageOffBanner,69
2743,System_B_TwoStageOffBanner,81
2744,System_B_TwoStageOffBanner,75
2745,System_B_TwoStageOffBanner,156
2746,System_B_TwoStageOffBanner,88
2747,System_B_TwoStageOffBanner,71
2748,System_B_TwoStageOffBanner,95
2749,System_B_TwoStageOffBanner,116
2750,System_B_TwoStageOffBanner,75
2751,System_B_TwoStageOffBanner,114
2752,System_B_TwoStageOffBanner,37
2753,System_B_TwoStageOffBanner,33
2754,System_B_TwoStageOffBanner,78
2755,System_B_TwoStageOffBanner,153
2756,System_B_TwoStageOffBanner,135
2757,System_B_TwoStageOffBanner,74
2758,System_B_TwoStageOffBanner,107
2759,System_B_TwoStageOffBanner,69
2760,System_B_TwoStageOffBanner,162
2761,System_B_TwoStageOffBanner,150
2762,System_B_TwoStageOffBanner,154
2763,System_B_TwoStageOffBanner,72
2764,System_B_TwoStageOffBanner,155
2765,System_B_TwoStageOffBanner,96
2766,System_B_TwoStageOffBanner,78
2767,System_B_TwoStageOffBanner,70
2768,System_B_TwoStageOffBanner,134
2769,System_B_TwoStageOffBanner,154
2770,System_B_TwoStageOffBanner,160
2771,System_B_TwoStageOffBanner,28
2772,System_B_TwoStageOffBanner,156
2773,System_B_TwoStageOffBanner,52
2774,System_B_TwoStageOffBanner,80
2775,System_B_TwoStageOffBanner,35
2776,System_B_TwoStageOffBanner,80
2777,System_B_TwoStageOffBanner,75
2778,System_B_TwoStageOffBanner,77
2779,System_B_TwoStageOffBanner,26
2780,System_B_TwoStageOffBanner,60
2781,System_B_TwoStageOffBanner,149
2782,System_B_TwoStageOffBanner,76
2783,System_B_TwoStageOffBanner,134
2784,System_B_TwoStageOffBanner,79
2785,System_B_TwoStageOffBanner,103
2786,System_B_TwoStageOffBanner,78
2787,System_B_TwoStageOffBanner,78
2788,System_B_TwoStageOffBanner,75
2789,System_B_TwoStageOffBanner,94
2790,System_B_TwoStageOffBanner,79
2791,System_B_TwoStageOffBanner,149
2792,System_B_TwoStageOffBanner,75
2793,System_B_TwoStageOffBanner,164
2794,System_B_TwoStageOffBanner,77
2795,System_B_TwoStageOffBanner,74
2796,System_B_TwoStageOffBanner,67
2797,System_B_TwoStageOffBanner,80
2798,System_B_TwoStageOffBanner,92
2799,System_B_TwoStageOffBanner,10
2800,System_B_TwoStageOffBanner,89
2801,System_B_TwoStageOffBanner,5
2802,System_B_TwoStageOffBanner,76
2803,System_B_TwoStageOffBanner,84
2804,System_B_TwoStageOffBanner,75
2805,System_B_TwoStageOffBanner,9
2806,System_B_TwoStageOffBanner,58
2807,System_B_TwoStageOffBanner,78
2808,System_B_TwoStageOffBanner,100
2809,System_B_TwoStageOffBanner,87
2810,System_B_TwoStageOffBanner,113
2811,System_B_TwoStageOffBanner,62
2812,System_B_TwoStageOffBanner,78
2813,System_B_TwoStageOffBanner,80
2814,System_B_TwoStageOffBanner,93
2815,System_B_TwoStageOffBanner,97
2816,System_B_TwoStageOffBanner,96
2817,System_B_TwoStageOffBanner,123
2818,System_B_TwoStageOffBanner,33
2819,System_B_TwoStageOffBanner,66
2820,System_B_TwoStageOffBanner,157
2821,System_B_TwoStageOffBanner,37
2822,System_B_TwoStageOffBanner,110
2823,System_B_TwoStageOffBanner,72
2824,System_B_TwoStageOffBanner,82
2825,System_B_TwoStageOffBanner,160
2826,System_B_TwoStageOffBanner,57
2827,System_B_TwoStageOffBanner,54
2828,System_B_TwoStageOffBanner,100
2829,System_B_TwoStageOffBanner,43
2830,System_B_TwoStageOffBanner,77
2831,System_B_TwoStageOffBanner,155
2832,System_B_TwoStageOffBanner,75
2833,System_B_TwoStageOffBanner,79
2834,System_B_TwoStageOffBanner,79
2835,System_B_TwoStageOffBanner,98
2836,System_B_TwoStageOffBanner,122
2837,System_B_TwoStageOffBanner,81
2838,System_B_TwoStageOffBanner,95
2839,System_B_TwoStageOffBanner,97
2840,System_B_TwoStageOffBanner,76
2841,System_B_TwoStageOffBanner,48
2842,System_B_TwoStageOffBanner,150
2843,System_B_TwoStageOffBanner,152
2844,System_B_TwoStageOffBanner,151
2845,System_B_TwoStageOffBanner,158
2846,System_B_TwoStageOffBanner,135
2847,System_B_TwoStageOffBanner,50
2848,System_B_TwoStageOffBanner,68
2849,System_B_TwoStageOffBanner,28
2850,System_B_TwoStageOffBanner,91
2851,System_B_TwoStageOffBanner,76
2852,System_B_TwoStageOffBanner,77
2853,System_B_TwoStageOffBanner,129
2854,System_B_TwoStageOffBanner,76
2855,System_B_TwoStageOffBanner,76
2856,System_B_TwoStageOffBanner,77
2857,System_B_TwoStageOffBanner,51
2858,System_B_TwoStageOffBanner,76
2859,System_B_TwoStageOffBanner,77
2860,System_B_TwoStageOffBanner,13
2861,System_B_TwoStageOffBanner,153
2862,System_B_TwoStageOffBanner,77
2863,System_B_TwoStageOffBanner,78
2864,System_B_TwoStageOffBanner,162
2865,System_B_TwoStageOffBanner,87
2866,System_B_TwoStageOffBanner,111
2867,System_B_TwoStageOffBanner,74
2868,System_B_TwoStageOffBanner,106
2869,System_B_TwoStageOffBanner,15
2870,System_B_TwoStageOffBanner,38
2871,System_B_TwoStageOffBanner,155
2872,System_B_TwoStageOffBanner,79
2873,System_B_TwoStageOffBanner,140
2874,System_B_TwoStageOffBanner,158
2875,System_B_TwoStageOffBanner,74
2876,System_B_TwoStageOffBanner,68
2877,System_B_TwoStageOffBanner,83
2878,System_B_TwoStageOffBanner,78
2879,System_B_TwoStageOffBanner,155
2880,System_B_TwoStageOffBanner,94
2881,System_B_TwoStageOffBanner,66
2882,System_B_TwoStageOffBanner,68
2883,System_B_TwoStageOffBanner,20
2884,System_B_TwoStageOffBanner,78
2885,System_B_TwoStageOffBanner,113
2886,System_B_TwoStageOffBanner,146
2887,System_B_TwoStageOffBanner,140
2888,System_B_TwoStageOffBanner,140
2889,System_B_TwoStageOffBanner,58
2890,System_B_TwoStageOffBanner,100
2891,System_B_TwoStageOffBanner,161
2892,System_B_TwoStageOffBanner,80
2893,System_B_TwoStageOffBanner,77
2894,System_B_TwoStageOffBanner,154
2895,System_B_TwoStageOffBanner,111
2896,System_B_TwoStageOffBanner,108
2897,System_B_TwoStageOffBanner,156
2898,System_B_TwoStageOffBanner,77
2899,System_B_TwoStageOffBanner,82
2900,System_B_TwoStageOffBanner,54
2901,System_B_TwoStageOffBanner,81
2902,System_B_TwoStageOffBanner,78
2903,System_B_TwoStageOffBanner,149
2904,System_B_TwoStageOffBanner,156
2905,System_B_TwoStageOffBanner,152
2906,System_B_TwoStageOffBanner,13
2907,System_B_TwoStageOffBanner,74
2908,System_B_TwoStageOffBanner,157
2909,System_B_TwoStageOffBanner,157
2910,System_B_TwoStageOffBanner,5
2911,System_B_TwoStageOffBanner,77
2912,System_B_TwoStageOffBanner,150
2913,System_B_TwoStageOffBanner,77
2914,System_B_TwoStageOffBanner,161
2915,System_B_TwoStageOffBanner,67
2916,System_B_TwoStageOffBanner,78
2917,System_B_TwoStageOffBanner,1
2918,System_B_TwoStageOffBanner,95
2919,System_B_TwoStageOffBanner,19
2920,System_B_TwoStageOffBanner,154
2921,System_B_TwoStageOffBanner,81
2922,System_B_TwoStageOffBanner,68
2923,System_B_TwoStageOffBanner,115
2924,System_B_TwoStageOffBanner,79
2925,System_B_TwoStageOffBanner,117
2926,System_B_TwoStageOffBanner,77
2927,System_B_TwoStageOffBanner,68
2928,System_B_TwoStageOffBanner,80
2929,System_B_TwoStageOffBanner,156
2930,System_B_TwoStageOffBanner,157
2931,System_B_TwoStageOffBanner,123
2932,System_B_TwoStageOffBanner,27
2933,System_B_TwoStageOffBanner,74
2934,System_B_TwoStageOffBanner,157
2935,System_B_TwoStageOffBanner,145
2936,System_B_TwoStageOffBanner,83
2937,System_B_TwoStageOffBanner,87
2938,System_B_TwoStageOffBanner,75
2939,System_B_TwoStageOffBanner,157
2940,System_B_TwoStageOffBanner,78
2941,System_B_TwoStageOffBanner,72
2942,System_B_TwoStageOffBanner,129
2943,System_B_TwoStageOffBanner,145
2944,System_B_TwoStageOffBanner,83
2945,System_B_TwoStageOffBanner,78
2946,System_B_TwoStageOffBanner,60
2947,System_B_TwoStageOffBanner,151
2948,System_B_TwoStageOffBanner,123
2949,System_B_TwoStageOffBanner,134
2950,System_B_TwoStageOffBanner,4
2951,System_B_TwoStageOffBanner,77
2952,System_B_TwoStageOffBanner,77
2953,System_B_TwoStageOffBanner,79
2954,System_B_TwoStageOffBanner,41
2955,System_B_TwoStageOffBanner,5
2956,System_B_TwoStageOffBanner,5
2957,System_B_TwoStageOffBanner,136
2958,System_B_TwoStageOffBanner,74
2959,System_B_TwoStageOffBanner,76
2960,System_B_TwoStageOffBanner,33
2961,System_B_TwoStageOffBanner,37
2962,System_B_TwoStageOffBanner,77
2963,System_B_TwoStageOffBanner,29
2964,System_B_TwoStageOffBanner,154
2965,System_B_TwoStageOffBanner,77
2966,System_B_TwoStageOffBanner,78
2967,System_B_TwoStageOffBanner,126
2968,System_B_TwoStageOffBanner,78
2969,System_B_TwoStageOffBanner,53
2970,System_B_TwoStageOffBanner,96
2971,System_B_TwoStageOffBanner,76
2972,System_B_TwoStageOffBanner,157
2973,System_B_TwoStageOffBanner,81
2974,System_B_TwoStageOffBanner,79
2975,System_B_TwoStageOffBanner,158
2976,System_B_TwoStageOffBanner,80
2977,System_B_TwoStageOffBanner,1
2978,System_B_TwoStageOffBanner,158
2979,System_B_TwoStageOffBanner,115
2980,System_B_TwoStageOffBanner,120
2981,System_B_TwoStageOffBanner,76
2982,System_B_TwoStageOffBanner,55
2983,System_B_TwoStageOffBanner,78
2984,System_B_TwoStageOffBanner,156
2985,System_B_TwoStageOffBanner,120
2986,System_B_TwoStageOffBanner,112
2987,System_B_TwoStageOffBanner,119
2988,System_B_TwoStageOffBanner,4
2989,System_B_TwoStageOffBanner,16
2990,System_B_TwoStageOffBanner,75
2991,System_B_TwoStageOffBanner,78
2992,System_B_TwoStageOffBanner,5
2993,System_B_TwoStageOffBanner,74
2994,System_B_TwoStageOffBanner,156
2995,System_B_TwoStageOffBanner,78
2996,System_B_TwoStageOffBanner,110
2997,System_B_TwoStageOffBanner,157
2998,System_B_TwoStageOffBanner,36
2999,System_B_TwoStageOffBanner,92
3000,System_B_TwoStageOffBanner,78
3001,System_B_TwoStageOffBanner,89
3002,System_B_TwoStageOffBanner,63
3003,System_B_TwoStageOffBanner,77
3004,System_B_TwoStageOffBanner,156
3005,System_B_TwoStageOffBanner,157
3006,System_B_TwoStageOffBanner,91
3007,System_B_TwoStageOffBanner,106
3008,System_B_TwoStageOffBanner,152
3009,System_B_TwoStageOffBanner,81
3010,System_B_TwoStageOffBanner,76
3011,System_B_TwoStageOffBanner,76
3012,System_B_TwoStageOffBanner,18
3013,System_B_TwoStageOffBanner,152
3014,System_B_TwoStageOffBanner,98
3015,System_B_TwoStageOffBanner,138
3016,System_B_TwoStageOffBanner,155
3017,System_B_TwoStageOffBanner,79
3018,System_B_TwoStageOffBanner,129
3019,System_B_TwoStageOffBanner,76
3020,System_B_TwoStageOffBanner,77
3021,System_B_TwoStageOffBanner,76
3022,System_B_TwoStageOffBanner,58
3023,System_B_TwoStageOffBanner,114
3024,System_B_TwoStageOffBanner,154
3025,System_B_TwoStageOffBanner,83
3026,System_B_TwoStageOffBanner,69
3027,System_B_TwoStageOffBanner,106
3028,System_B_TwoStageOffBanner,94
3029,System_B_TwoStageOffBanner,158
3030,System_B_TwoStageOffBanner,97
3031,System_B_TwoStageOffBanner,155
3032,System_B_TwoStageOffBanner,121
3033,System_B_TwoStageOffBanner,3
3034,System_B_TwoStageOffBanner,78
3035,System_B_TwoStageOffBanner,80
3036,System_B_TwoStageOffBanner,132
3037,System_B_TwoStageOffBanner,75
3038,System_B_TwoStageOffBanner,17
3039,System_B_TwoStageOffBanner,96
3040,System_B_TwoStageOffBanner,152
3041,System_B_TwoStageOffBanner,78
3042,System_B_TwoStageOffBanner,155
3043,System_B_TwoStageOffBanner,78
3044,System_B_TwoStageOffBanner,131
3045,System_B_TwoStageOffBanner,78
3046,System_B_TwoStageOffBanner,77
3047,System_B_TwoStageOffBanner,79
3048,System_B_TwoStageOffBanner,11
3049,System_B_TwoStageOffBanner,120
3050,System_B_TwoStageOffBanner,160
3051,System_B_TwoStageOffBanner,79
3052,System_B_TwoStageOffBanner,91
3053,System_B_TwoStageOffBanner,88
3054,System_B_TwoStageOffBanner,83
3055,System_B_TwoStageOffBanner,77
3056,System_B_TwoStageOffBanner,77
3057,System_B_TwoStageOffBanner,37
3058,System_B_TwoStageOffBanner,133
3059,System_B_TwoStageOffBanner,159
3060,System_B_TwoStageOffBanner,153
3061,System_B_TwoStageOffBanner,150
3062,System_B_TwoStageOffBanner,80
3063,System_B_TwoStageOffBanner,80
3064,System_B_TwoStageOffBanner,76
3065,System_B_TwoStageOffBanner,155
3066,System_B_TwoStageOffBanner,152
3067,System_B_TwoStageOffBanner,77
3068,System_B_TwoStageOffBanner,105
3069,System_B_TwoStageOffBanner,13
3070,System_B_TwoStageOffBanner,143
3071,System_B_TwoStageOffBanner,81
3072,System_B_TwoStageOffBanner,123
3073,System_B_TwoStageOffBanner,76
3074,System_B_TwoStageOffBanner,78
3075,System_B_TwoStageOffBanner,75
3076,System_B_TwoStageOffBanner,70
3077,System_B_TwoStageOffBanner,141
3078,System_B_TwoStageOffBanner,80
3079,System_B_TwoStageOffBanner,64
3080,System_B_TwoStageOffBanner,80
3081,System_B_TwoStageOffBanner,55
3082,System_B_TwoStageOffBanner,96
3083,System_B_TwoStageOffBanner,80
3084,System_B_TwoStageOffBanner,153
3085,System_B_TwoStageOffBanner,69
3086,System_B_TwoStageOffBanner,91
3087,System_B_TwoStageOffBanner,78
3088,System_B_TwoStageOffBanner,25
3089,System_B_TwoStageOffBanner,37
3090,System_B_TwoStageOffBanner,151
3091,System_B_TwoStageOffBanner,77
3092,System_B_TwoStageOffBanner,75
3093,System_B_TwoStageOffBanner,80
3094,System_B_TwoStageOffBanner,14
3095,System_B_TwoStageOffBanner,79
3096,System_B_TwoStageOffBanner,79
3097,System_B_TwoStageOffBanner,106
3098,System_B_TwoStageOffBanner,161
3099,System_B_TwoStageOffBanner,25
3100,System_B_TwoStageOffBanner,151
3101,System_B_TwoStageOffBanner,81
3102,System_B_TwoStageOffBanner,160
3103,System_B_TwoStageOffBanner,78
3104,System_B_TwoStageOffBanner,99
3105,System_B_TwoStageOffBanner,77
3106,System_B_TwoStageOffBanner,130
3107,System_B_TwoStageOffBanner,151
3108,System_B_TwoStageOffBanner,80
3109,System_B_TwoStageOffBanner,76
3110,System_B_TwoStageOffBanner,159
3111,System_B_TwoStageOffBanner,34
3112,System_B_TwoStageOffBanner,88
3113,System_B_TwoStageOffBanner,152
3114,System_B_TwoStageOffBanner,158
3115,System_B_TwoStageOffBanner,157
3116,System_B_TwoStageOffBanner,158
3117,System_B_TwoStageOffBanner,107
3118,System_B_TwoStageOffBanner,74
3119,System_B_TwoStageOffBanner,154
3120,System_B_TwoStageOffBanner,109
3121,System_B_TwoStageOffBanner,134
3122,System_B_TwoStageOffBanner,161
3123,System_B_TwoStageOffBanner,150
3124,System_B_TwoStageOffBanner,107
3125,System_B_TwoStageOffBanner,77
3126,System_B_TwoStageOffBanner,154
3127,System_B_TwoStageOffBanner,59
3128,System_B_TwoStageOffBanner,81
3129,System_B_TwoStageOffBanner,12
3130,System_B_TwoStageOffBanner,153
3131,System_B_TwoStageOffBanner,76
3132,System_B_TwoStageOffBanner,79
3133,System_B_TwoStageOffBanner,111
3134,System_B_TwoStageOffBanner,77
3135,System_B_TwoStageOffBanner,88
3136,System_B_TwoStageOffBanner,84
3137,System_B_TwoStageOffBanner,159
3138,System_B_TwoStageOffBanner,153
3139,System_B_TwoStageOffBanner,11
3140,System_B_TwoStageOffBanner,79
3141,System_B_TwoStageOffBanner,79
3142,System_B_TwoStageOffBanner,156
3143,System_B_TwoStageOffBanner,77
3144,System_B_TwoStageOffBanner,161
3145,System_B_TwoStageOffBanner,77
3146,System_B_TwoStageOffBanner,158
3147,System_B_TwoStageOffBanner,155
3148,System_B_TwoStageOffBanner,159
3149,System_B_TwoStageOffBanner,127
3150,System_B_TwoStageOffBanner,76
3151,System_B_TwoStageOffBanner,62
3152,System_B_TwoStageOffBanner,68
3153,System_B_TwoStageOffBanner,155
3154,System_B_TwoStageOffBanner,76
3155,System_B_TwoStageOffBanner,75
3156,System_B_TwoStageOffBanner,49
3157,System_B_TwoStageOffBanner,102
3158,System_B_TwoStageOffBanner,84
3159,System_B_TwoStageOffBanner,63
3160,System_B_TwoStageOffBanner,79
3161,System_B_TwoStageOffBanner,118
3162,System_B_TwoStageOffBanner,153
3163,System_B_TwoStageOffBanner,74
3164,System_B_TwoStageOffBanner,154
3165,System_B_TwoStageOffBanner,154
3166,System_B_TwoStageOffBanner,77
3167,System_B_TwoStageOffBanner,76
3168,System_B_TwoStageOffBanner,143
3169,System_B_TwoStageOffBanner,60
3170,System_B_TwoStageOffBanner,78
3171,System_B_TwoStageOffBanner,4
3172,System_B_TwoStageOffBanner,159
3173,System_B_TwoStageOffBanner,7
3174,System_B_TwoStageOffBanner,148
3175,System_B_TwoStageOffBanner,160
3176,System_B_TwoStageOffBanner,80
3177,System_B_TwoStageOffBanner,59
3178,System_B_TwoStageOffBanner,141
3179,System_B_TwoStageOffBanner,6
3180,System_B_TwoStageOffBanner,95
3181,System_B_TwoStageOffBanner,149
3182,System_B_TwoStageOffBanner,80
3183,System_B_TwoStageOffBanner,108
3184,System_B_TwoStageOffBanner,155
3185,System_B_TwoStageOffBanner,10
3186,System_B_TwoStageOffBanner,156
3187,System_B_TwoStageOffBanner,74
3188,System_B_TwoStageOffBanner,41
3189,System_B_TwoStageOffBanner,86
3190,System_B_TwoStageOffBanner,162
3191,System_B_TwoStageOffBanner,159
3192,System_B_TwoStageOffBanner,31
3193,System_B_TwoStageOffBanner,118
3194,System_B_TwoStageOffBanner,75
3195,System_B_TwoStageOffBanner,10
3196,System_B_TwoStageOffBanner,78
3197,System_B_TwoStageOffBanner,44
3198,System_B_TwoStageOffBanner,154
3199,System_B_TwoStageOffBanner,47
3200,System_B_TwoStageOffBanner,119
3201,System_B_TwoStageOffBanner,77
3202,System_B_TwoStageOffBanner,155
3203,System_B_TwoStageOffBanner,112
3204,System_B_TwoStageOffBanner,80
3205,System_B_TwoStageOffBanner,158
3206,System_B_TwoStageOffBanner,80
3207,System_B_TwoStageOffBanner,54
3208,System_B_TwoStageOffBanner,80
3209,System_B_TwoStageOffBanner,132
3210,System_B_TwoStageOffBanner,123
3211,System_B_TwoStageOffBanner,76
3212,System_B_TwoStageOffBanner,76
3213,System_B_TwoStageOffBanner,36
3214,System_B_TwoStageOffBanner,81
3215,System_B_TwoStageOffBanner,37
3216,System_B_TwoStageOffBanner,141
3217,System_B_TwoStageOffBanner,77
3218,System_B_TwoStageOffBanner,92
3219,System_B_TwoStageOffBanner,82
3220,System_B_TwoStageOffBanner,77
3221,System_B_TwoStageOffBanner,157
3222,System_B_TwoStageOffBanner,140
3223,System_B_TwoStageOffBanner,75
3224,System_B_TwoStageOffBanner,60
3225,System_B_TwoStageOffBanner,78
3226,System_B_TwoStageOffBanner,76
3227,System_B_TwoStageOffBanner,159
3228,System_B_TwoStageOffBanner,79
3229,System_B_TwoStageOffBanner,22
3230,System_B_TwoStageOffBanner,24
3231,System_B_TwoStageOffBanner,105
3232,System_B_TwoStageOffBanner,153
3233,System_B_TwoStageOffBanner,156
3234,System_B_TwoStageOffBanner,59
3235,System_B_TwoStageOffBanner,101
3236,System_B_TwoStageOffBanner,106
3237,System_B_TwoStageOffBanner,156
3238,System_B_TwoStageOffBanner,130
3239,System_B_TwoStageOffBanner,80
3240,System_B_TwoStageOffBanner,80
3241,System_B_TwoStageOffBanner,18
3242,System_B_TwoStageOffBanner,78
3243,System_B_TwoStageOffBanner,75
3244,System_B_TwoStageOffBanner,35
3245,System_B_TwoStageOffBanner,82
3246,System_B_TwoStageOffBanner,77
3247,System_B_TwoStageOffBanner,152
3248,System_B_TwoStageOffBanner,102
3249,System_B_TwoStageOffBanner,8
3250,System_B_TwoStageOffBanner,7
3251,System_B_TwoStageOffBanner,145
3252,System_B_TwoStageOffBanner,154
3253,System_B_TwoStageOffBanner,79
3254,System_B_TwoStageOffBanner,63
3255,System_B_TwoStageOffBanner,139
3256,System_B_TwoStageOffBanner,153
3257,System_B_TwoStageOffBanner,72
3258,System_B_TwoStageOffBanner,95
3259,System_B_TwoStageOffBanner,82
3260,System_B_TwoStageOffBanner,84
3261,System_B_TwoStageOffBanner,78
3262,System_B_TwoStageOffBanner,52
3263,System_B_TwoStageOffBanner,155
3264,System_B_TwoStageOffBanner,151
3265,System_B_TwoStageOffBanner,109
3266,System_B_TwoStageOffBanner,12
3267,System_B_TwoStageOffBanner,79
3268,System_B_TwoStageOffBanner,87
3269,System_B_TwoStageOffBanner,117
3270,System_B_TwoStageOffBanner,87
3271,System_B_TwoStageOffBanner,166
3272,System_B_TwoStageOffBanner,156
3273,System_B_TwoStageOffBanner,122
3274,System_B_TwoStageOffBanner,81
3275,System_B_TwoStageOffBanner,160
3276,System_B_TwoStageOffBanner,81
3277,System_B_TwoStageOffBanner,153
3278,System_B_TwoStageOffBanner,76
3279,System_B_TwoStageOffBanner,158
3280,System_B_TwoStageOffBanner,74
3281,System_B_TwoStageOffBanner,64
3282,System_B_TwoStageOffBanner,48
3283,System_B_TwoStageOffBanner,152
3284,System_B_TwoStageOffBanner,76
3285,System_B_TwoStageOffBanner,101
3286,System_B_TwoStageOffBanner,30
3287,System_B_TwoStageOffBanner,152
3288,System_B_TwoStageOffBanner,150
3289,System_B_TwoStageOffBanner,152
3290,System_B_TwoStageOffBanner,76
3291,System_B_TwoStageOffBanner,83
3292,System_B_TwoStageOffBanner,77
3293,System_B_TwoStageOffBanner,79
3294,System_B_TwoStageOffBanner,100
3295,System_B_TwoStageOffBanner,11
3296,System_B_TwoStageOffBanner,156
3297,System_B_TwoStageOffBanner,95
3298,System_B_TwoStageOffBanner,49
3299,System_B_TwoStageOffBanner,80
3300,System_B_TwoStageOffBanner,101
3301,System_B_TwoStageOffBanner,79
3302,System_B_TwoStageOffBanner,54
3303,System_B_TwoStageOffBanner,77
3304,System_B_TwoStageOffBanner,16
3305,System_B_TwoStageOffBanner,159
3306,System_B_TwoStageOffBanner,148
3307,System_B_TwoStageOffBanner,150
3308,System_B_TwoStageOffBanner,160
3309,System_B_TwoStageOffBanner,78
3310,System_B_TwoStageOffBanner,81
3311,System_B_TwoStageOffBanner,29
3312,System_B_TwoStageOffBanner,118
3313,System_B_TwoStageOffBanner,84
3314,System_B_TwoStageOffBanner,17
3315,System_B_TwoStageOffBanner,108
3316,System_B_TwoStageOffBanner,159
3317,System_B_TwoStageOffBanner,76
3318,System_B_TwoStageOffBanner,16
3319,System_B_TwoStageOffBanner,108
3320,System_B_TwoStageOffBanner,80
3321,System_B_TwoStageOffBanner,155
3322,System_B_TwoStageOffBanner,12
3323,System_B_TwoStageOffBanner,46
3324,System_B_TwoStageOffBanner,99
3325,System_B_TwoStageOffBanner,153
3326,System_B_TwoStageOffBanner,99
3327,System_B_TwoStageOffBanner,123
3328,System_B_TwoStageOffBanner,138
3329,System_B_TwoStageOffBanner,74
3330,System_B_TwoStageOffBanner,53
3331,System_B_TwoStageOffBanner,4
3332,System_B_TwoStageOffBanner,155
3333,System_B_TwoStageOffBanner,80
3334,System_B_TwoStageOffBanner,157
3335,System_B_TwoStageOffBanner,80
3336,System_B_TwoStageOffBanner,4
3337,System_B_TwoStageOffBanner,85
3338,System_B_TwoStageOffBanner,111
3339,System_B_TwoStageOffBanner,82
3340,System_B_TwoStageOffBanner,75
3341,System_B_TwoStageOffBanner,94
3342,System_B_TwoStageOffBanner,114
3343,System_B_TwoStageOffBanner,77
3344,System_B_TwoStageOffBanner,78
3345,System_B_TwoStageOffBanner,79
3346,System_B_TwoStageOffBanner,58
3347,System_B_TwoStageOffBanner,154
3348,System_B_TwoStageOffBanner,125
3349,System_B_TwoStageOffBanner,79
3350,System_B_TwoStageOffBanner,55
3351,System_B_TwoStageOffBanner,109
3352,System_B_TwoStageOffBanner,155
3353,System_B_TwoStageOffBanner,100
3354,System_B_TwoStageOffBanner,98
3355,System_B_TwoStageOffBanner,80
3356,System_B_TwoStageOffBanner,99
3357,System_B_TwoStageOffBanner,76
3358,System_B_TwoStageOffBanner,155
3359,System_B_TwoStageOffBanner,78
3360,System_B_TwoStageOffBanner,82
3361,System_B_TwoStageOffBanner,9
3362,System_B_TwoStageOffBanner,102
3363,System_B_TwoStageOffBanner,114
3364,System_B_TwoStageOffBanner,75
3365,System_B_TwoStageOffBanner,117
3366,System_B_TwoStageOffBanner,79
3367,System_B_TwoStageOffBanner,62
3368,System_B_TwoStageOffBanner,91
3369,System_B_TwoStageOffBanner,78
3370,System_B_TwoStageOffBanner,8
3371,System_B_TwoStageOffBanner,159
3372,System_B_TwoStageOffBanner,31
3373,System_B_TwoStageOffBanner,79
3374,System_B_TwoStageOffBanner,76
3375,System_B_TwoStageOffBanner,23
3376,System_B_TwoStageOffBanner,158
3377,System_B_TwoStageOffBanner,37
3378,System_B_TwoStageOffBanner,155
3379,System_B_TwoStageOffBanner,5
3380,System_B_TwoStageOffBanner,53
3381,System_B_TwoStageOffBanner,81
3382,System_B_TwoStageOffBanner,156
3383,System_B_TwoStageOffBanner,156
3384,System_B_TwoStageOffBanner,80
3385,System_B_TwoStageOffBanner,82
3386,System_B_TwoStageOffBanner,80
3387,System_B_TwoStageOffBanner,156
3388,System_B_TwoStageOffBanner,78
3389,System_B_TwoStageOffBanner,155
3390,System_B_TwoStageOffBanner,2
3391,System_B_TwoStageOffBanner,90
3392,System_B_TwoStageOffBanner,78
3393,System_B_TwoStageOffBanner,74
3394,System_B_TwoStageOffBanner,153
3395,System_B_TwoStageOffBanner,158
3396,System_B_TwoStageOffBanner,157
3397,System_B_TwoStageOffBanner,77
3398,System_B_TwoStageOffBanner,115
3399,System_B_TwoStageOffBanner,35
3400,System_B_TwoStageOffBanner,160
3401,System_B_TwoStageOffBanner,74
3402,System_B_TwoStageOffBanner,156
3403,System_B_TwoStageOffBanner,91
3404,System_B_TwoStageOffBanner,52
3405,System_B_TwoStageOffBanner,107
3406,System_B_TwoStageOffBanner,157
3407,System_B_TwoStageOffBanner,77
3408,System_B_TwoStageOffBanner,157
3409,System_B_TwoStageOffBanner,58
3410,System_B_TwoStageOffBanner,155
3411,System_B_TwoStageOffBanner,79
3412,System_B_TwoStageOffBanner,50
3413,System_B_TwoStageOffBanner,95
3414,System_B_TwoStageOffBanner,149
3415,System_B_TwoStageOffBanner,75
3416,System_B_TwoStageOffBanner,42
3417,System_B_TwoStageOffBanner,49
3418,System_B_TwoStageOffBanner,10
3419,System_B_TwoStageOffBanner,160
3420,System_B_TwoStageOffBanner,153
3421,System_B_TwoStageOffBanner,26
3422,System_B_TwoStageOffBanner,127
3423,System_B_TwoStageOffBanner,106
3424,System_B_TwoStageOffBanner,153
3425,System_B_TwoStageOffBanner,52
3426,System_B_TwoStageOffBanner,128
3427,System_B_TwoStageOffBanner,82
3428,System_B_TwoStageOffBanner,75
3429,System_B_TwoStageOffBanner,158
3430,System_B_TwoStageOffBanner,85
3431,System_B_TwoStageOffBanner,77
3432,System_B_TwoStageOffBanner,33
3433,System_B_TwoStageOffBanner,74
3434,System_B_TwoStageOffBanner,79
3435,System_B_TwoStageOffBanner,20
3436,System_B_TwoStageOffBanner,138
3437,System_B_TwoStageOffBanner,74
3438,System_B_TwoStageOffBanner,66
3439,System_B_TwoStageOffBanner,78
3440,System_B_TwoStageOffBanner,77
3441,System_B_TwoStageOffBanner,157
3442,System_B_TwoStageOffBanner,94
3443,System_B_TwoStageOffBanner,165
3444,System_B_TwoStageOffBanner,102
3445,System_B_TwoStageOffBanner,31
3446,System_B_TwoStageOffBanner,29
3447,System_B_TwoStageOffBanner,76
3448,System_B_TwoStageOffBanner,93
3449,System_B_TwoStageOffBanner,151
3450,System_B_TwoStageOffBanner,163
3451,System_B_TwoStageOffBanner,98
3452,System_B_TwoStageOffBanner,24
3453,System_B_TwoStageOffBanner,133
3454,System_B_TwoStageOffBanner,74
3455,System_B_TwoStageOffBanner,81
3456,System_B_TwoStageOffBanner,154
3457,System_B_TwoStageOffBanner,8
3458,System_B_TwoStageOffBanner,77
3459,System_B_TwoStageOffBanner,87
3460,System_B_TwoStageOffBanner,84
3461,System_B_TwoStageOffBanner,132
3462,System_B_TwoStageOffBanner,87
3463,System_B_TwoStageOffBanner,41
3464,System_B_TwoStageOffBanner,155
3465,System_B_TwoStageOffBanner,6
3466,System_B_TwoStageOffBanner,28
3467,System_B_TwoStageOffBanner,164
3468,System_B_TwoStageOffBanner,154
3469,System_B_TwoStageOffBanner,39
3470,System_B_TwoStageOffBanner,162
3471,System_B_TwoStageOffBanner,104
3472,System_B_TwoStageOffBanner,26
3473,System_B_TwoStageOffBanner,115
3474,System_B_TwoStageOffBanner,94
3475,System_B_TwoStageOffBanner,63
3476,System_B_TwoStageOffBanner,2
3477,System_B_TwoStageOffBanner,79
3478,System_B_TwoStageOffBanner,124
3479,System_B_TwoStageOffBanner,78
3480,System_B_TwoStageOffBanner,155
3481,System_B_TwoStageOffBanner,161
3482,System_B_TwoStageOffBanner,87
3483,System_B_TwoStageOffBanner,138
3484,System_B_TwoStageOffBanner,152
3485,System_B_TwoStageOffBanner,78
3486,System_B_TwoStageOffBanner,149
3487,System_B_TwoStageOffBanner,74
3488,System_B_TwoStageOffBanner,12
3489,System_B_TwoStageOffBanner,106
3490,System_B_TwoStageOffBanner,156
3491,System_B_TwoStageOffBanner,76
3492,System_B_TwoStageOffBanner,76
3493,System_B_TwoStageOffBanner,103
3494,System_B_TwoStageOffBanner,72
3495,System_B_TwoStageOffBanner,6
3496,System_B_TwoStageOffBanner,49
3497,System_B_TwoStageOffBanner,78
3498,System_B_TwoStageOffBanner,123
3499,System_B_TwoStageOffBanner,141
3500,System_B_TwoStageOffBanner,77
3501,System_B_TwoStageOffBanner,155
3502,System_B_TwoStageOffBanner,77
3503,System_B_TwoStageOffBanner,155
3504,System_B_TwoStageOffBanner,52
3505,System_B_TwoStageOffBanner,82
3506,System_B_TwoStageOffBanner,75
3507,System_B_TwoStageOffBanner,154
3508,System_B_TwoStageOffBanner,74
3509,System_B_TwoStageOffBanner,117
3510,System_B_TwoStageOffBanner,74
3511,System_B_TwoStageOffBanner,77
3512,System_B_TwoStageOffBanner,156
3513,System_B_TwoStageOffBanner,77
3514,System_B_TwoStageOffBanner,7
3515,System_B_TwoStageOffBanner,86
3516,System_B_TwoStageOffBanner,141
3517,System_B_TwoStageOffBanner,51
3518,System_B_TwoStageOffBanner,144
3519,System_B_TwoStageOffBanner,101
3520,System_B_TwoStageOffBanner,78
3521,System_B_TwoStageOffBanner,91
3522,System_B_TwoStageOffBanner,74
3523,System_B_TwoStageOffBanner,83
3524,System_B_TwoStageOffBanner,80
3525,System_B_TwoStageOffBanner,82
3526,System_B_TwoStageOffBanner,8
3527,System_B_TwoStageOffBanner,92
3528,System_B_TwoStageOffBanner,53
3529,System_B_TwoStageOffBanner,161
3530,System_B_TwoStageOffBanner,2
3531,System_B_TwoStageOffBanner,161
3532,System_B_TwoStageOffBanner,151
3533,System_B_TwoStageOffBanner,94
3534,System_B_TwoStageOffBanner,161
3535,System_B_TwoStageOffBanner,86
3536,System_B_TwoStageOffBanner,74
3537,System_B_TwoStageOffBanner,75
3538,System_B_TwoStageOffBanner,149
3539,System_B_TwoStageOffBanner,75
3540,System_B_TwoStageOffBanner,70
3541,System_B_TwoStageOffBanner,158
3542,System_B_TwoStageOffBanner,81
3543,System_B_TwoStageOffBanner,34
3544,System_B_TwoStageOffBanner,78
3545,System_B_TwoStageOffBanner,83
3546,System_B_TwoStageOffBanner,80
3547,System_B_TwoStageOffBanner,159
3548,System_B_TwoStageOffBanner,154
3549,System_B_TwoStageOffBanner,15
3550,System_B_TwoStageOffBanner,163
3551,System_B_TwoStageOffBanner,82
3552,System_B_TwoStageOffBanner,75
3553,System_B_TwoStageOffBanner,101
3554,System_B_TwoStageOffBanner,3
3555,System_B_TwoStageOffBanner,111
3556,System_B_TwoStageOffBanner,15
3557,System_B_TwoStageOffBanner,79
3558,System_B_TwoStageOffBanner,157
3559,System_B_TwoStageOffBanner,157
3560,System_B_TwoStageOffBanner,84
3561,System_B_TwoStageOffBanner,78
3562,System_B_TwoStageOffBanner,146
3563,System_B_TwoStageOffBanner,81
3564,System_B_TwoStageOffBanner,78
3565,System_B_TwoStageOffBanner,78
3566,System_B_TwoStageOffBanner,131
3567,System_B_TwoStageOffBanner,154
3568,System_B_TwoStageOffBanner,105
3569,System_B_TwoStageOffBanner,78
3570,System_B_TwoStageOffBanner,153
3571,System_B_TwoStageOffBanner,46
3572,System_B_TwoStageOffBanner,152
3573,System_B_TwoStageOffBanner,155
3574,System_B_TwoStageOffBanner,77
3575,System_B_TwoStageOffBanner,84
3576,System_B_TwoStageOffBanner,76
3577,System_B_TwoStageOffBanner,57
3578,System_B_TwoStageOffBanner,161
3579,System_B_TwoStageOffBanner,158
3580,System_B_TwoStageOffBanner,79
3581,System_B_TwoStageOffBanner,153
3582,System_B_TwoStageOffBanner,79
3583,System_B_TwoStageOffBanner,52
3584,System_B_TwoStageOffBanner,112
3585,System_B_TwoStageOffBanner,76
3586,System_B_TwoStageOffBanner,78
3587,System_B_TwoStageOffBanner,78
3588,System_B_TwoStageOffBanner,104
3589,System_B_TwoStageOffBanner,146
3590,System_B_TwoStageOffBanner,56
3591,System_B_TwoStageOffBanner,86
3592,System_B_TwoStageOffBanner,78
3593,System_B_TwoStageOffBanner,76
3594,System_B_TwoStageOffBanner,83
3595,System_B_TwoStageOffBanner,79
3596,System_B_TwoStageOffBanner,28
3597,System_B_TwoStageOffBanner,115
3598,System_B_TwoStageOffBanner,46
3599,System_B_TwoStageOffBanner,76
3600,System_B_TwoStageOffBanner,9
3601,System_B_TwoStageOffBanner,61
3602,System_B_TwoStageOffBanner,157
3603,System_B_TwoStageOffBanner,146
3604,System_B_TwoStageOffBanner,82
3605,System_B_TwoStageOffBanner,80
3606,System_B_TwoStageOffBanner,81
3607,System_B_TwoStageOffBanner,81
3608,System_B_TwoStageOffBanner,79
3609,System_B_TwoStageOffBanner,114
3610,System_B_TwoStageOffBanner,131
3611,System_B_TwoStageOffBanner,11
3612,System_B_TwoStageOffBanner,51
3613,System_B_TwoStageOffBanner,152
3614,System_B_TwoStageOffBanner,128
3615,System_B_TwoStageOffBanner,110
3616,System_B_TwoStageOffBanner,78
3617,System_B_TwoStageOffBanner,75
3618,System_B_TwoStageOffBanner,138
3619,System_B_TwoStageOffBanner,23
3620,System_B_TwoStageOffBanner,69
3621,System_B_TwoStageOffBanner,100
3622,System_B_TwoStageOffBanner,155
3623,System_B_TwoStageOffBanner,158
3624,System_B_TwoStageOffBanner,9
3625,System_B_TwoStageOffBanner,155
3626,System_B_TwoStageOffBanner,153
3627,System_B_TwoStageOffBanner,149
3628,System_B_TwoStageOffBanner,77
3629,System_B_TwoStageOffBanner,122
3630,System_B_TwoStageOffBanner,60
3631,System_B_TwoStageOffBanner,152
3632,System_B_TwoStageOffBanner,8
3633,System_B_TwoStageOffBanner,78
3634,System_B_TwoStageOffBanner,95
3635,System_B_TwoStageOffBanner,66
3636,System_B_TwoStageOffBanner,101
3637,System_B_TwoStageOffBanner,127
3638,System_B_TwoStageOffBanner,156
3639,System_B_TwoStageOffBanner,73
3640,System_B_TwoStageOffBanner,108
3641,System_B_TwoStageOffBanner,155
3642,System_B_TwoStageOffBanner,80
3643,System_B_TwoStageOffBanner,8
3644,System_B_TwoStageOffBanner,155
3645,System_B_TwoStageOffBanner,59
3646,System_B_TwoStageOffBanner,86
3647,System_B_TwoStageOffBanner,34
3648,System_B_TwoStageOffBanner,62
3649,System_B_TwoStageOffBanner,11
3650,System_B_TwoStageOffBanner,36
3651,System_B_TwoStageOffBanner,80
3652,System_B_TwoStageOffBanner,20
3653,System_B_TwoStageOffBanner,121
3654,System_B_TwoStageOffBanner,30
3655,System_B_TwoStageOffBanner,159
3656,System_B_TwoStageOffBanner,79
3657,System_B_TwoStageOffBanner,82
3658,System_B_TwoStageOffBanner,75
3659,System_B_TwoStageOffBanner,74
3660,System_B_TwoStageOffBanner,79
3661,System_B_TwoStageOffBanner,79
3662,System_B_TwoStageOffBanner,158
3663,System_B_TwoStageOffBanner,117
3664,System_B_TwoStageOffBanner,132
3665,System_B_TwoStageOffBanner,38
3666,System_B_TwoStageOffBanner,156
3667,System_B_TwoStageOffBanner,79
3668,System_B_TwoStageOffBanner,147
3669,System_B_TwoStageOffBanner,32
3670,System_B_TwoStageOffBanner,145
3671,System_B_TwoStageOffBanner,157
3672,System_B_TwoStageOffBanner,118
3673,System_B_TwoStageOffBanner,8
3674,System_B_TwoStageOffBanner,77
3675,System_B_TwoStageOffBanner,54
3676,System_B_TwoStageOffBanner,81
3677,System_B_TwoStageOffBanner,154
3678,System_B_TwoStageOffBanner,107
3679,System_B_TwoStageOffBanner,156
3680,System_B_TwoStageOffBanner,94
3681,System_B_TwoStageOffBanner,67
3682,System_B_TwoStageOffBanner,102
3683,System_B_TwoStageOffBanner,78
3684,System_B_TwoStageOffBanner,79
3685,System_B_TwoStageOffBanner,12
3686,System_B_TwoStageOffBanner,115
3687,System_B_TwoStageOffBanner,76
3688,System_B_TwoStageOffBanner,78
3689,System_B_TwoStageOffBanner,155
3690,System_B_TwoStageOffBanner,78
3691,System_B_TwoStageOffBanner,80
3692,System_B_TwoStageOffBanner,154
3693,System_B_TwoStageOffBanner,17
3694,System_B_TwoStageOffBanner,102
3695,System_B_TwoStageOffBanner,80
3696,System_B_TwoStageOffBanner,77
3697,System_B_TwoStageOffBanner,158
3698,System_B_TwoStageOffBanner,153
3699,System_B_TwoStageOffBanner,154
3700,System_B_TwoStageOffBanner,19
3701,System_B_TwoStageOffBanner,126
3702,System_B_TwoStageOffBanner,81
3703,System_B_TwoStageOffBanner,78
3704,System_B_TwoStageOffBanner,143
3705,System_B_TwoStageOffBanner,77
3706,System_B_TwoStageOffBanner,91
3707,System_B_TwoStageOffBanner,77
3708,System_B_TwoStageOffBanner,78
3709,System_B_TwoStageOffBanner,155
3710,System_B_TwoStageOffBanner,129
3711,System_B_TwoStageOffBanner,113
3712,System_B_TwoStageOffBanner,119
3713,System_B_TwoStageOffBanner,112
3714,System_B_TwoStageOffBanner,91
3715,System_B_TwoStageOffBanner,156
3716,System_B_TwoStageOffBanner,77
3717,System_B_TwoStageOffBanner,76
3718,System_B_TwoStageOffBanner,162
3719,System_B_TwoStageOffBanner,82
3720,System_B_TwoStageOffBanner,158
3721,System_B_TwoStageOffBanner,90
3722,System_B_TwoStageOffBanner,160
3723,System_B_TwoStageOffBanner,2
3724,System_B_TwoStageOffBanner,75
3725,System_B_TwoStageOffBanner,135
3726,System_B_TwoStageOffBanner,79
3727,System_B_TwoStageOffBanner,153
3728,System_B_TwoStageOffBanner,152
3729,System_B_TwoStageOffBanner,77
3730,System_B_TwoStageOffBanner,9
3731,System_B_TwoStageOffBanner,81
3732,System_B_TwoStageOffBanner,11
3733,System_B_TwoStageOffBanner,79
3734,System_B_TwoStageOffBanner,64
3735,System_B_TwoStageOffBanner,79
3736,System_B_TwoStageOffBanner,78
3737,System_B_TwoStageOffBanner,139
3738,System_B_TwoStageOffBanner,29
3739,System_B_TwoStageOffBanner,79
3740,System_B_TwoStageOffBanner,115
3741,System_B_TwoStageOffBanner,118
3742,System_B_TwoStageOffBanner,40
3743,System_B_TwoStageOffBanner,77
3744,System_B_TwoStageOffBanner,78
3745,System_B_TwoStageOffBanner,104
3746,System_B_TwoStageOffBanner,75
3747,System_B_TwoStageOffBanner,79
3748,System_B_TwoStageOffBanner,103
3749,System_B_TwoStageOffBanner,157
3750,System_B_TwoStageOffBanner,51
3751,System_B_TwoStageOffBanner,133
3752,System_B_TwoStageOffBanner,111
3753,System_B_TwoStageOffBanner,156
3754,System_B_TwoStageOffBanner,75
3755,System_B_TwoStageOffBanner,101
3756,System_B_TwoStageOffBanner,81
3757,System_B_TwoStageOffBanner,77
3758,System_B_TwoStageOffBanner,38
3759,System_B_TwoStageOffBanner,88
3760,System_B_TwoStageOffBanner,79
3761,System_B_TwoStageOffBanner,74
3762,System_B_TwoStageOffBanner,79
3763,System_B_TwoStageOffBanner,20
3764,System_B_TwoStageOffBanner,75
3765,System_B_TwoStageOffBanner,94
3766,System_B_TwoStageOffBanner,20
3767,System_B_TwoStageOffBanner,82
3768,System_B_TwoStageOffBanner,75
3769,System_B_TwoStageOffBanner,83
3770,System_B_TwoStageOffBanner,88
3771,System_B_TwoStageOffBanner,6
3772,System_B_TwoStageOffBanner,156
3773,System_B_TwoStageOffBanner,157
3774,System_B_TwoStageOffBanner,18
3775,System_B_TwoStageOffBanner,80
3776,System_B_TwoStageOffBanner,45
3777,System_B_TwoStageOffBanner,76
3778,System_B_TwoStageOffBanner,92
3779,System_B_TwoStageOffBanner,76
3780,System_B_TwoStageOffBanner,74
3781,System_B_TwoStageOffBanner,77
3782,System_B_TwoStageOffBanner,38
3783,System_B_TwoStageOffBanner,79
3784,System_B_TwoStageOffBanner,74
3785,System_B_TwoStageOffBanner,68
3786,System_B_TwoStageOffBanner,154
3787,System_B_TwoStageOffBanner,76
3788,System_B_TwoStageOffBanner,79
3789,System_B_TwoStageOffBanner,97
3790,System_B_TwoStageOffBanner,82
3791,System_B_TwoStageOffBanner,75
3792,System_B_TwoStageOffBanner,150
3793,System_B_TwoStageOffBanner,159
3794,System_B_TwoStageOffBanner,76
3795,System_B_TwoStageOffBanner,79
3796,System_B_TwoStageOffBanner,123
3797,System_B_TwoStageOffBanner,80
3798,System_B_TwoStageOffBanner,3
3799,System_B_TwoStageOffBanner,157
3800,System_B_TwoStageOffBanner,74
3801,System_B_TwoStageOffBanner,76
3802,System_B_TwoStageOffBanner,107
3803,System_B_TwoStageOffBanner,85
3804,System_B_TwoStageOffBanner,81
3805,System_B_TwoStageOffBanner,77
3806,System_B_TwoStageOffBanner,51
3807,System_B_TwoStageOffBanner,157
3808,System_B_TwoStageOffBanner,82
3809,System_B_TwoStageOffBanner,79
3810,System_B_TwoStageOffBanner,41
3811,System_B_TwoStageOffBanner,128
3812,System_B_TwoStageOffBanner,42
3813,System_B_TwoStageOffBanner,154
3814,System_B_TwoStageOffBanner,78
3815,System_B_TwoStageOffBanner,158
3816,System_B_TwoStageOffBanner,156
3817,System_B_TwoStageOffBanner,85
3818,System_B_TwoStageOffBanner,134
3819,System_B_TwoStageOffBanner,76
3820,System_B_TwoStageOffBanner,81
3821,System_B_TwoStageOffBanner,16
3822,System_B_TwoStageOffBanner,156
3823,System_B_TwoStageOffBanner,77
3824,System_B_TwoStageOffBanner,88
3825,System_B_TwoStageOffBanner,125
3826,System_B_TwoStageOffBanner,76
3827,System_B_TwoStageOffBanner,155
3828,System_B_TwoStageOffBanner,90
3829,System_B_TwoStageOffBanner,59
3830,System_B_TwoStageOffBanner,58
3831,System_B_TwoStageOffBanner,53
3832,System_B_TwoStageOffBanner,66
3833,System_B_TwoStageOffBanner,153
3834,System_B_TwoStageOffBanner,156
3835,System_B_TwoStageOffBanner,75
3836,System_B_TwoStageOffBanner,79
3837,System_B_TwoStageOffBanner,130
3838,System_B_TwoStageOffBanner,121
3839,System_B_TwoStageOffBanner,4
3840,System_B_TwoStageOffBanner,50
3841,System_B_TwoStageOffBanner,107
3842,System_B_TwoStageOffBanner,27
3843,System_B_TwoStageOffBanner,56
3844,System_B_TwoStageOffBanner,137
3845,System_B_TwoStageOffBanner,132
3846,System_B_TwoStageOffBanner,156
3847,System_B_TwoStageOffBanner,152
3848,System_B_TwoStageOffBanner,157
3849,System_B_TwoStageOffBanner,133
3850,System_B_TwoStageOffBanner,76
3851,System_B_TwoStageOffBanner,75
3852,System_B_TwoStageOffBanner,87
3853,System_B_TwoStageOffBanner,8
3854,System_B_TwoStageOffBanner,155
3855,System_B_TwoStageOffBanner,83
3856,System_B_TwoStageOffBanner,152
3857,System_B_TwoStageOffBanner,75
3858,System_B_TwoStageOffBanner,153
3859,System_B_TwoStageOffBanner,76
3860,System_B_TwoStageOffBanner,78
3861,System_B_TwoStageOffBanner,87
3862,System_B_TwoStageOffBanner,155
3863,System_B_TwoStageOffBanner,159
3864,System_B_TwoStageOffBanner,78
3865,System_B_TwoStageOffBanner,107
3866,System_B_TwoStageOffBanner,105
3867,System_B_TwoStageOffBanner,154
3868,System_B_TwoStageOffBanner,100
3869,System_B_TwoStageOffBanner,79
3870,System_B_TwoStageOffBanner,26
3871,System_B_TwoStageOffBanner,162
3872,System_B_TwoStageOffBanner,99
3873,System_B_TwoStageOffBanner,75
3874,System_B_TwoStageOffBanner,136
3875,System_B_TwoStageOffBanner,143
3876,System_B_TwoStageOffBanner,124
3877,System_B_TwoStageOffBanner,79
3878,System_B_TwoStageOffBanner,76
3879,System_B_TwoStageOffBanner,32
3880,System_B_TwoStageOffBanner,87
3881,System_B_TwoStageOffBanner,77
3882,System_B_TwoStageOffBanner,95
3883,System_B_TwoStageOffBanner,88
3884,System_B_TwoStageOffBanner,91
3885,System_B_TwoStageOffBanner,76
3886,System_B_TwoStageOffBanner,105
3887,System_B_TwoStageOffBanner,78
3888,System_B_TwoStageOffBanner,83
3889,System_B_TwoStageOffBanner,19
3890,System_B_TwoStageOffBanner,79
3891,System_B_TwoStageOffBanner,55
3892,System_B_TwoStageOffBanner,78
3893,System_B_TwoStageOffBanner,76
3894,System_B_TwoStageOffBanner,44
3895,System_B_TwoStageOffBanner,77
3896,System_B_TwoStageOffBanner,77
3897,System_B_TwoStageOffBanner,88
3898,System_B_TwoStageOffBanner,80
3899,System_B_TwoStageOffBanner,163
3900,System_B_TwoStageOffBanner,22
3901,System_B_TwoStageOffBanner,76
3902,System_B_TwoStageOffBanner,160
3903,System_B_TwoStageOffBanner,74
3904,System_B_TwoStageOffBanner,76
3905,System_B_TwoStageOffBanner,80
3906,System_B_TwoStageOffBanner,127
3907,System_B_TwoStageOffBanner,154
3908,System_B_TwoStageOffBanner,78
3909,System_B_TwoStageOffBanner,150
3910,System_B_TwoStageOffBanner,5
3911,System_B_TwoStageOffBanner,66
3912,System_B_TwoStageOffBanner,76
3913,System_B_TwoStageOffBanner,102
3914,System_B_TwoStageOffBanner,78
3915,System_B_TwoStageOffBanner,76
3916,System_B_TwoStageOffBanner,62
3917,System_B_TwoStageOffBanner,35
3918,System_B_TwoStageOffBanner,59
3919,System_B_TwoStageOffBanner,134
3920,System_B_TwoStageOffBanner,159
3921,System_B_TwoStageOffBanner,153
3922,System_B_TwoStageOffBanner,117
3923,System_B_TwoStageOffBanner,79
3924,System_B_TwoStageOffBanner,156
3925,System_B_TwoStageOffBanner,155
3926,System_B_TwoStageOffBanner,45
3927,System_B_TwoStageOffBanner,150
3928,System_B_TwoStageOffBanner,80
3929,System_B_TwoStageOffBanner,38
3930,System_B_TwoStageOffBanner,155
3931,System_B_TwoStageOffBanner,113
3932,System_B_TwoStageOffBanner,74
3933,System_B_TwoStageOffBanner,91
3934,System_B_TwoStageOffBanner,155
3935,System_B_TwoStageOffBanner,150
3936,System_B_TwoStageOffBanner,10
3937,System_B_TwoStageOffBanner,25
3938,System_B_TwoStageOffBanner,154
3939,System_B_TwoStageOffBanner,80
3940,System_B_TwoStageOffBanner,76
3941,System_B_TwoStageOffBanner,158
3942,System_B_TwoStageOffBanner,150
3943,System_B_TwoStageOffBanner,91
3944,System_B_TwoStageOffBanner,154
3945,System_B_TwoStageOffBanner,155
3946,System_B_TwoStageOffBanner,145
3947,System_B_TwoStageOffBanner,77
3948,System_B_TwoStageOffBanner,80
3949,System_B_TwoStageOffBanner,44
3950,System_B_TwoStageOffBanner,16
3951,System_B_TwoStageOffBanner,99
3952,System_B_TwoStageOffBanner,85
3953,System_B_TwoStageOffBanner,31
3954,System_B_TwoStageOffBanner,135
3955,System_B_TwoStageOffBanner,78
3956,System_B_TwoStageOffBanner,81
3957,System_B_TwoStageOffBanner,150
3958,System_B_TwoStageOffBanner,127
3959,System_B_TwoStageOffBanner,78
3960,System_B_TwoStageOffBanner,53
3961,System_B_TwoStageOffBanner,162
3962,System_B_TwoStageOffBanner,24
3963,System_B_TwoStageOffBanner,76
3964,System_B_TwoStageOffBanner,14
3965,System_B_TwoStageOffBanner,151
3966,System_B_TwoStageOffBanner,129
3967,System_B_TwoStageOffBanner,79
3968,System_B_TwoStageOffBanner,75
3969,System_B_TwoStageOffBanner,78
3970,System_B_TwoStageOffBanner,79
3971,System_B_TwoStageOffBanner,156
3972,System_B_TwoStageOffBanner,79
3973,System_B_TwoStageOffBanner,155
3974,System_B_TwoStageOffBanner,157
3975,System_B_TwoStageOffBanner,81
3976,System_B_TwoStageOffBanner,154
3977,System_B_TwoStageOffBanner,49
3978,System_B_TwoStageOffBanner,151
3979,System_B_TwoStageOffBanner,36
3980,System_B_TwoStageOffBanner,74
3981,System_B_TwoStageOffBanner,136
3982,System_B_TwoStageOffBanner,151
3983,System_B_TwoStageOffBanner,56
3984,System_B_TwoStageOffBanner,67
3985,System_B_TwoStageOffBanner,96
3986,System_B_TwoStageOffBanner,40
3987,System_B_TwoStageOffBanner,130
3988,System_B_TwoStageOffBanner,158
3989,System_B_TwoStageOffBanner,2
3990,System_B_TwoStageOffBanner,76
3991,System_B_TwoStageOffBanner,22
3992,System_B_TwoStageOffBanner,159
3993,System_B_TwoStageOffBanner,154
3994,System_B_TwoStageOffBanner,78
3995,System_B_TwoStageOffBanner,81
3996,System_B_TwoStageOffBanner,13
3997,System_B_TwoStageOffBanner,158
3998,System_B_TwoStageOffBanner,14
3999,System_B_TwoStageOffBanner,121
4000,System_B_TwoStageOffBanner,60
4001,System_B_TwoStageOffBanner,157
4002,System_B_TwoStageOffBanner,90
4003,System_B_TwoStageOffBanner,87
4004,System_B_TwoStageOffBanner,79
4005,System_B_TwoStageOffBanner,104
4006,System_B_TwoStageOffBanner,75
4007,System_B_TwoStageOffBanner,156
4008,System_B_TwoStageOffBanner,63
4009,System_B_TwoStageOffBanner,31
4010,System_B_TwoStageOffBanner,78
4011,System_B_TwoStageOffBanner,78
4012,System_B_TwoStageOffBanner,79
4013,System_B_TwoStageOffBanner,124
4014,System_B_TwoStageOffBanner,82
4015,System_B_TwoStageOffBanner,144
4016,System_B_TwoStageOffBanner,153
4017,System_B_TwoStageOffBanner,159
4018,System_B_TwoStageOffBanner,26
4019,System_B_TwoStageOffBanner,82
4020,System_B_TwoStageOffBanner,156
4021,System_B_TwoStageOffBanner,29
4022,System_B_TwoStageOffBanner,79
4023,System_B_TwoStageOffBanner,74
4024,System_B_TwoStageOffBanner,156
4025,System_B_TwoStageOffBanner,154
4026,System_B_TwoStageOffBanner,116
4027,System_B_TwoStageOffBanner,18
4028,System_B_TwoStageOffBanner,127
4029,System_B_TwoStageOffBanner,82
4030,System_B_TwoStageOffBanner,134
4031,System_B_TwoStageOffBanner,154
4032,System_B_TwoStageOffBanner,77
4033,System_B_TwoStageOffBanner,72
4034,System_B_TwoStageOffBanner,15
4035,System_B_TwoStageOffBanner,152
4036,System_B_TwoStageOffBanner,7
4037,System_B_TwoStageOffBanner,83
4038,System_B_TwoStageOffBanner,125
4039,System_B_TwoStageOffBanner,77
4040,System_B_TwoStageOffBanner,37
4041,System_B_TwoStageOffBanner,80
4042,System_B_TwoStageOffBanner,158
4043,System_B_TwoStageOffBanner,7
4044,System_B_TwoStageOffBanner,77
4045,System_B_TwoStageOffBanner,154
4046,System_B_TwoStageOffBanner,47
4047,System_B_TwoStageOffBanner,77
4048,System_B_TwoStageOffBanner,147
4049,System_B_TwoStageOffBanner,32
4050,System_B_TwoStageOffBanner,153
4051,System_B_TwoStageOffBanner,43
4052,System_B_TwoStageOffBanner,77
4053,System_B_TwoStageOffBanner,82
4054,System_B_TwoStageOffBanner,155
4055,System_B_TwoStageOffBanner,49
4056,System_B_TwoStageOffBanner,79
4057,System_B_TwoStageOffBanner,93
4058,System_B_TwoStageOffBanner,130
4059,System_B_TwoStageOffBanner,78
4060,System_B_TwoStageOffBanner,124
4061,System_B_TwoStageOffBanner,84
4062,System_B_TwoStageOffBanner,75
4063,System_B_TwoStageOffBanner,140
4064,System_B_TwoStageOffBanner,156
4065,System_B_TwoStageOffBanner,79
4066,System_B_TwoStageOffBanner,26
4067,System_B_TwoStageOffBanner,75
4068,System_B_TwoStageOffBanner,67
4069,System_B_TwoStageOffBanner,80
4070,System_B_TwoStageOffBanner,153
4071,System_B_TwoStageOffBanner,150
4072,System_B_TwoStageOffBanner,138
4073,System_B_TwoStageOffBanner,77
4074,System_B_TwoStageOffBanner,20
4075,System_B_TwoStageOffBanner,79
4076,System_B_TwoStageOffBanner,157
4077,System_B_TwoStageOffBanner,153
4078,System_B_TwoStageOffBanner,80
4079,System_B_TwoStageOffBanner,79
4080,System_B_TwoStageOffBanner,44
4081,System_B_TwoStageOffBanner,158
4082,System_B_TwoStageOffBanner,76
4083,System_B_TwoStageOffBanner,48
4084,System_B_TwoStageOffBanner,3
4085,System_B_TwoStageOffBanner,107
4086,System_B_TwoStageOffBanner,80
4087,System_B_TwoStageOffBanner,82
4088,System_B_TwoStageOffBanner,156
4089,System_B_TwoStageOffBanner,119
4090,System_B_TwoStageOffBanner,157
4091,System_B_TwoStageOffBanner,126
4092,System_B_TwoStageOffBanner,78
4093,System_B_TwoStageOffBanner,80
4094,System_B_TwoStageOffBanner,68
4095,System_B_TwoStageOffBanner,77
4096,System_B_TwoStageOffBanner,158
4097,System_B_TwoStageOffBanner,154
4098,System_B_TwoStageOffBanner,44
4099,System_B_TwoStageOffBanner,157
4100,System_B_TwoStageOffBanner,29
4101,System_B_TwoStageOffBanner,86
4102,System_B_TwoStageOffBanner,77
4103,System_B_TwoStageOffBanner,28
4104,System_B_TwoStageOffBanner,75
4105,System_B_TwoStageOffBanner,91
4106,System_B_TwoStageOffBanner,77
4107,System_B_TwoStageOffBanner,157
4108,System_B_TwoStageOffBanner,54
4109,System_B_TwoStageOffBanner,43
4110,System_B_TwoStageOffBanner,75
4111,System_B_TwoStageOffBanner,147
4112,System_B_TwoStageOffBanner,75
4113,System_B_TwoStageOffBanner,77
4114,System_B_TwoStageOffBanner,156
4115,System_B_TwoStageOffBanner,156
4116,System_B_TwoStageOffBanner,78
4117,System_B_TwoStageOffBanner,80
4118,System_B_TwoStageOffBanner,158
4119,System_B_TwoStageOffBanner,82
4120,System_B_TwoStageOffBanner,84
4121,System_B_TwoStageOffBanner,149
4122,System_B_TwoStageOffBanner,75
4123,System_B_TwoStageOffBanner,122
4124,System_B_TwoStageOffBanner,77
4125,System_B_TwoStageOffBanner,80
4126,System_B_TwoStageOffBanner,70
4127,System_B_TwoStageOffBanner,60
4128,System_B_TwoStageOffBanner,76
4129,System_B_TwoStageOffBanner,102
4130,System_B_TwoStageOffBanner,50
4131,System_B_TwoStageOffBanner,76
4132,System_B_TwoStageOffBanner,59
4133,System_B_TwoStageOffBanner,154
4134,System_B_TwoStageOffBanner,155
4135,System_B_TwoStageOffBanner,46
4136,System_B_TwoStageOffBanner,80
4137,System_B_TwoStageOffBanner,156
4138,System_B_TwoStageOffBanner,6
4139,System_B_TwoStageOffBanner,153
4140,System_B_TwoStageOffBanner,149
4141,System_B_TwoStageOffBanner,153
4142,System_B_TwoStageOffBanner,81
4143,System_B_TwoStageOffBanner,76
4144,System_B_TwoStageOffBanner,78
4145,System_B_TwoStageOffBanner,76
4146,System_B_TwoStageOffBanner,97
4147,System_B_TwoStageOffBanner,82
4148,System_B_TwoStageOffBanner,45
4149,System_B_TwoStageOffBanner,75
4150,System_B_TwoStageOffBanner,157
4151,System_B_TwoStageOffBanner,160
4152,System_B_TwoStageOffBanner,77
4153,System_B_TwoStageOffBanner,34
4154,System_B_TwoStageOffBanner,81
4155,System_B_TwoStageOffBanner,153
4156,System_B_TwoStageOffBanner,158
4157,System_B_TwoStageOffBanner,14
4158,System_B_TwoStageOffBanner,28
4159,System_B_TwoStageOffBanner,98
4160,System_B_TwoStageOffBanner,75
4161,System_B_TwoStageOffBanner,76
4162,System_B_TwoStageOffBanner,62
4163,System_B_TwoStageOffBanner,78
4164,System_B_TwoStageOffBanner,103
4165,System_B_TwoStageOffBanner,131
4166,System_B_TwoStageOffBanner,157
4167,System_B_TwoStageOffBanner,150
4168,System_B_TwoStageOffBanner,78
4169,System_B_TwoStageOffBanner,78
4170,System_B_TwoStageOffBanner,127
4171,System_B_TwoStageOffBanner,106
4172,System_B_TwoStageOffBanner,155
4173,System_B_TwoStageOffBanner,98
4174,System_B_TwoStageOffBanner,81
4175,System_B_TwoStageOffBanner,24
4176,System_B_TwoStageOffBanner,157
4177,System_B_TwoStageOffBanner,26
4178,System_B_TwoStageOffBanner,143
4179,System_B_TwoStageOffBanner,52
4180,System_B_TwoStageOffBanner,79
4181,System_B_TwoStageOffBanner,159
4182,System_B_TwoStageOffBanner,119
4183,System_B_TwoStageOffBanner,138
4184,System_B_TwoStageOffBanner,76
4185,System_B_TwoStageOffBanner,43
4186,System_B_TwoStageOffBanner,81
4187,System_B_TwoStageOffBanner,81
4188,System_B_TwoStageOffBanner,80
4189,System_B_TwoStageOffBanner,156
4190,System_B_TwoStageOffBanner,161
4191,System_B_TwoStageOffBanner,154
4192,System_B_TwoStageOffBanner,87
4193,System_B_TwoStageOffBanner,152
4194,System_B_TwoStageOffBanner,6
4195,System_B_TwoStageOffBanner,81
4196,System_B_TwoStageOffBanner,20
4197,System_B_TwoStageOffBanner,81
4198,System_B_TwoStageOffBanner,152
4199,System_B_TwoStageOffBanner,30
4200,System_B_TwoStageOffBanner,87
4201,System_B_TwoStageOffBanner,6
4202,System_B_TwoStageOffBanner,76
4203,System_B_TwoStageOffBanner,76
4204,System_B_TwoStageOffBanner,153
4205,System_B_TwoStageOffBanner,105
4206,System_B_TwoStageOffBanner,141
4207,System_B_TwoStageOffBanner,22
4208,System_B_TwoStageOffBanner,75
4209,System_B_TwoStageOffBanner,25
4210,System_B_TwoStageOffBanner,160
4211,System_B_TwoStageOffBanner,99
4212,System_B_TwoStageOffBanner,62
4213,System_B_TwoStageOffBanner,157
4214,System_B_TwoStageOffBanner,29
4215,System_B_TwoStageOffBanner,150
4216,System_B_TwoStageOffBanner,156
4217,System_B_TwoStageOffBanner,154
4218,System_B_TwoStageOffBanner,77
4219,System_B_TwoStageOffBanner,78
4220,System_B_TwoStageOffBanner,64
4221,System_B_TwoStageOffBanner,78
4222,System_B_TwoStageOffBanner,135
4223,System_B_TwoStageOffBanner,78
4224,System_B_TwoStageOffBanner,151
4225,System_B_TwoStageOffBanner,78
4226,System_B_TwoStageOffBanner,78
4227,System_B_TwoStageOffBanner,48
4228,System_B_TwoStageOffBanner,161
4229,System_B_TwoStageOffBanner,89
4230,System_B_TwoStageOffBanner,83
4231,System_B_TwoStageOffBanner,29
4232,System_B_TwoStageOffBanner,159
4233,System_B_TwoStageOffBanner,155
4234,System_B_TwoStageOffBanner,123
4235,System_B_TwoStageOffBanner,78
4236,System_B_TwoStageOffBanner,118
4237,System_B_TwoStageOffBanner,85
4238,System_B_TwoStageOffBanner,157
4239,System_B_TwoStageOffBanner,23
4240,System_B_TwoStageOffBanner,156
4241,System_B_TwoStageOffBanner,154
4242,System_B_TwoStageOffBanner,76
4243,System_B_TwoStageOffBanner,87
4244,System_B_TwoStageOffBanner,158
4245,System_B_TwoStageOffBanner,87
4246,System_B_TwoStageOffBanner,150
4247,System_B_TwoStageOffBanner,153
4248,System_B_TwoStageOffBanner,102
4249,System_B_TwoStageOffBanner,65
4250,System_B_TwoStageOffBanner,8
4251,System_B_TwoStageOffBanner,36
4252,System_B_TwoStageOffBanner,37
4253,System_B_TwoStageOffBanner,77
4254,System_B_TwoStageOffBanner,142
4255,System_B_TwoStageOffBanner,159
4256,System_B_TwoStageOffBanner,81
4257,System_B_TwoStageOffBanner,81
4258,System_B_TwoStageOffBanner,97
4259,System_B_TwoStageOffBanner,159
4260,System_B_TwoStageOffBanner,17
4261,System_B_TwoStageOffBanner,12
4262,System_B_TwoStageOffBanner,57
4263,System_B_TwoStageOffBanner,74
4264,System_B_TwoStageOffBanner,79
4265,System_B_TwoStageOffBanner,115
4266,System_B_TwoStageOffBanner,78
4267,System_B_TwoStageOffBanner,67
4268,System_B_TwoStageOffBanner,43
4269,System_B_TwoStageOffBanner,119
4270,System_B_TwoStageOffBanner,82
4271,System_B_TwoStageOffBanner,80
4272,System_B_TwoStageOffBanner,78
4273,System_B_TwoStageOffBanner,57
4274,System_B_TwoStageOffBanner,74
4275,System_B_TwoStageOffBanner,38
4276,System_B_TwoStageOffBanner,156
4277,System_B_TwoStageOffBanner,38
4278,System_B_TwoStageOffBanner,75
4279,System_B_TwoStageOffBanner,82
4280,System_B_TwoStageOffBanner,78
4281,System_B_TwoStageOffBanner,99
4282,System_B_TwoStageOffBanner,86
4283,System_B_TwoStageOffBanner,158
4284,System_B_TwoStageOffBanner,74
4285,System_B_TwoStageOffBanner,75
4286,System_B_TwoStageOffBanner,142
4287,System_B_TwoStageOffBanner,86
4288,System_B_TwoStageOffBanner,77
4289,System_B_TwoStageOffBanner,113
4290,System_B_TwoStageOffBanner,80
4291,System_B_TwoStageOffBanner,79
4292,System_B_TwoStageOffBanner,73
4293,System_B_TwoStageOffBanner,12
4294,System_B_TwoStageOffBanner,110
4295,System_B_TwoStageOffBanner,78
4296,System_B_TwoStageOffBanner,51
4297,System_B_TwoStageOffBanner,151
4298,System_B_TwoStageOffBanner,14
4299,System_B_TwoStageOffBanner,80
4300,System_B_TwoStageOffBanner,130
4301,System_B_TwoStageOffBanner,110
4302,System_B_TwoStageOffBanner,158
4303,System_B_TwoStageOffBanner,158
4304,System_B_TwoStageOffBanner,4
4305,System_B_TwoStageOffBanner,114
4306,System_B_TwoStageOffBanner,38
4307,System_B_TwoStageOffBanner,54
4308,System_B_TwoStageOffBanner,118
4309,System_B_TwoStageOffBanner,105
4310,System_B_TwoStageOffBanner,151
4311,System_B_TwoStageOffBanner,146
4312,System_B_TwoStageOffBanner,78
4313,System_B_TwoStageOffBanner,135
4314,System_B_TwoStageOffBanner,79
4315,System_B_TwoStageOffBanner,79
4316,System_B_TwoStageOffBanner,48
4317,System_B_TwoStageOffBanner,43
4318,System_B_TwoStageOffBanner,35
4319,System_B_TwoStageOffBanner,80
4320,System_B_TwoStageOffBanner,81
4321,System_B_TwoStageOffBanner,150
4322,System_B_TwoStageOffBanner,39
4323,System_B_TwoStageOffBanner,67
4324,System_B_TwoStageOffBanner,92
4325,System_B_TwoStageOffBanner,99
4326,System_B_TwoStageOffBanner,79
4327,System_B_TwoStageOffBanner,2
4328,System_B_TwoStageOffBanner,57
4329,System_B_TwoStageOffBanner,57
4330,System_B_TwoStageOffBanner,77
4331,System_B_TwoStageOffBanner,75
4332,System_B_TwoStageOffBanner,76
4333,System_B_TwoStageOffBanner,159
4334,System_B_TwoStageOffBanner,77
4335,System_B_TwoStageOffBanner,86
4336,System_B_TwoStageOffBanner,36
4337,System_B_TwoStageOffBanner,152
4338,System_B_TwoStageOffBanner,7
4339,System_B_TwoStageOffBanner,87
4340,System_B_TwoStageOffBanner,81
4341,System_B_TwoStageOffBanner,55
4342,System_B_TwoStageOffBanner,125
4343,System_B_TwoStageOffBanner,82
4344,System_B_TwoStageOffBanner,24
4345,System_B_TwoStageOffBanner,74
4346,System_B_TwoStageOffBanner,78
4347,System_B_TwoStageOffBanner,77
4348,System_B_TwoStageOffBanner,76
4349,System_B_TwoStageOffBanner,74
4350,System_B_TwoStageOffBanner,154
4351,System_B_TwoStageOffBanner,48
4352,System_B_TwoStageOffBanner,153
4353,System_B_TwoStageOffBanner,81
4354,System_B_TwoStageOffBanner,155
4355,System_B_TwoStageOffBanner,81
4356,System_B_TwoStageOffBanner,22
4357,System_B_TwoStageOffBanner,64
4358,System_B_TwoStageOffBanner,76
4359,System_B_TwoStageOffBanner,156
4360,System_B_TwoStageOffBanner,78
4361,System_B_TwoStageOffBanner,45
4362,System_B_TwoStageOffBanner,157
4363,System_B_TwoStageOffBanner,76
4364,System_B_TwoStageOffBanner,152
4365,System_B_TwoStageOffBanner,158
4366,System_B_TwoStageOffBanner,79
4367,System_B_TwoStageOffBanner,79
4368,System_B_TwoStageOffBanner,23
4369,System_B_TwoStageOffBanner,151
4370,System_B_TwoStageOffBanner,102
4371,System_B_TwoStageOffBanner,160
4372,System_B_TwoStageOffBanner,117
4373,System_B_TwoStageOffBanner,100
4374,System_B_TwoStageOffBanner,107
4375,System_B_TwoStageOffBanner,77
4376,System_B_TwoStageOffBanner,159
4377,System_B_TwoStageOffBanner,156
4378,System_B_TwoStageOffBanner,86
4379,System_B_TwoStageOffBanner,76
4380,System_B_TwoStageOffBanner,124
4381,System_B_TwoStageOffBanner,18
4382,System_B_TwoStageOffBanner,96
4383,System_B_TwoStageOffBanner,155
4384,System_B_TwoStageOffBanner,155
4385,System_B_TwoStageOffBanner,156
4386,System_B_TwoStageOffBanner,75
4387,System_B_TwoStageOffBanner,75
4388,System_B_TwoStageOffBanner,79
4389,System_B_TwoStageOffBanner,118
4390,System_B_TwoStageOffBanner,155
4391,System_B_TwoStageOffBanner,77
4392,System_B_TwoStageOffBanner,80
4393,System_B_TwoStageOffBanner,22
4394,System_B_TwoStageOffBanner,150
4395,System_B_TwoStageOffBanner,67
4396,System_B_TwoStageOffBanner,127
4397,System_B_TwoStageOffBanner,80
4398,System_B_TwoStageOffBanner,157
4399,System_B_TwoStageOffBanner,49
4400,System_B_TwoStageOffBanner,16
4401,System_B_TwoStageOffBanner,78
4402,System_B_TwoStageOffBanner,153
4403,System_B_TwoStageOffBanner,152
4404,System_B_TwoStageOffBanner,77
4405,System_B_TwoStageOffBanner,88
4406,System_B_TwoStageOffBanner,75
4407,System_B_TwoStageOffBanner,76
4408,System_B_TwoStageOffBanner,79
4409,System_B_TwoStageOffBanner,154
4410,System_B_TwoStageOffBanner,42
4411,System_B_TwoStageOffBanner,57
4412,System_B_TwoStageOffBanner,81
4413,System_B_TwoStageOffBanner,154
4414,System_B_TwoStageOffBanner,143
4415,System_B_TwoStageOffBanner,9
4416,System_B_TwoStageOffBanner,156
4417,System_B_TwoStageOffBanner,154
4418,System_B_TwoStageOffBanner,153
4419,System_B_TwoStageOffBanner,103
4420,System_B_TwoStageOffBanner,68
4421,System_B_TwoStageOffBanner,75
4422,System_B_TwoStageOffBanner,8
4423,System_B_TwoStageOffBanner,76
4424,System_B_TwoStageOffBanner,97
4425,System_B_TwoStageOffBanner,67
4426,System_B_TwoStageOffBanner,134
4427,System_B_TwoStageOffBanner,77
4428,System_B_TwoStageOffBanner,153
4429,System_B_TwoStageOffBanner,78
4430,System_B_TwoStageOffBanner,82
4431,System_B_TwoStageOffBanner,76
4432,System_B_TwoStageOffBanner,83
4433,System_B_TwoStageOffBanner,60
4434,System_B_TwoStageOffBanner,7
4435,System_B_TwoStageOffBanner,152
4436,System_B_TwoStageOffBanner,33
4437,System_B_TwoStageOffBanner,83
4438,System_B_TwoStageOffBanner,81
4439,System_B_TwoStageOffBanner,128
4440,System_B_TwoStageOffBanner,158
4441,System_B_TwoStageOffBanner,112
4442,System_B_TwoStageOffBanner,152
4443,System_B_TwoStageOffBanner,31
4444,System_B_TwoStageOffBanner,162
4445,System_B_TwoStageOffBanner,77
4446,System_B_TwoStageOffBanner,77
4447,System_B_TwoStageOffBanner,153
4448,System_B_TwoStageOffBanner,154
4449,System_B_TwoStageOffBanner,144
4450,System_B_TwoStageOffBanner,59
4451,System_B_TwoStageOffBanner,45
4452,System_B_TwoStageOffBanner,113
4453,System_B_TwoStageOffBanner,157
4454,System_B_TwoStageOffBanner,155
4455,System_B_TwoStageOffBanner,159
4456,System_B_TwoStageOffBanner,82
4457,System_B_TwoStageOffBanner,77
4458,System_B_TwoStageOffBanner,79
4459,System_B_TwoStageOffBanner,150
4460,System_B_TwoStageOffBanner,115
4461,System_B_TwoStageOffBanner,32
4462,System_B_TwoStageOffBanner,3
4463,System_B_TwoStageOffBanner,10
4464,System_B_TwoStageOffBanner,152
4465,System_B_TwoStageOffBanner,108
4466,System_B_TwoStageOffBanner,152
4467,System_B_TwoStageOffBanner,163
4468,System_B_TwoStageOffBanner,151
4469,System_B_TwoStageOffBanner,153
4470,System_B_TwoStageOffBanner,77
4471,System_B_TwoStageOffBanner,120
4472,System_B_TwoStageOffBanner,74
4473,System_B_TwoStageOffBanner,157
4474,System_B_TwoStageOffBanner,75
4475,System_B_TwoStageOffBanner,82
4476,System_B_TwoStageOffBanner,1
4477,System_B_TwoStageOffBanner,109
4478,System_B_TwoStageOffBanner,19
4479,System_B_TwoStageOffBanner,77
4480,System_B_TwoStageOffBanner,12
4481,System_B_TwoStageOffBanner,153
4482,System_B_TwoStageOffBanner,127
4483,System_B_TwoStageOffBanner,45
4484,System_B_TwoStageOffBanner,24
4485,System_B_TwoStageOffBanner,84
4486,System_B_TwoStageOffBanner,127
4487,System_B_TwoStageOffBanner,154
4488,System_B_TwoStageOffBanner,103
4489,System_B_TwoStageOffBanner,142
4490,System_B_TwoStageOffBanner,93
4491,System_B_TwoStageOffBanner,71
4492,System_B_TwoStageOffBanner,62
4493,System_B_TwoStageOffBanner,119
4494,System_B_TwoStageOffBanner,140
4495,System_B_TwoStageOffBanner,125
4496,System_B_TwoStageOffBanner,14
4497,System_B_TwoStageOffBanner,103
4498,System_B_TwoStageOffBanner,69
4499,System_B_TwoStageOffBanner,84
4500,System_B_TwoStageOffBanner,130
4501,System_B_TwoStageOffBanner,110
4502,System_B_TwoStageOffBanner,40
4503,System_B_TwoStageOffBanner,75
4504,System_B_TwoStageOffBanner,12
4505,System_B_TwoStageOffBanner,159
4506,System_B_TwoStageOffBanner,143
4507,System_B_TwoStageOffBanner,154
4508,System_B_TwoStageOffBanner,74
4509,System_B_TwoStageOffBanner,151
4510,System_B_TwoStageOffBanner,54
4511,System_B_TwoStageOffBanner,82
4512,System_B_TwoStageOffBanner,111
4513,System_B_TwoStageOffBanner,46
4514,System_B_TwoStageOffBanner,150
4515,System_B_TwoStageOffBanner,81
4516,System_B_TwoStageOffBanner,105
4517,System_B_TwoStageOffBanner,76
4518,System_B_TwoStageOffBanner,137
4519,System_B_TwoStageOffBanner,25
4520,System_B_TwoStageOffBanner,49
4521,System_B_TwoStageOffBanner,157
4522,System_B_TwoStageOffBanner,5
4523,System_B_TwoStageOffBanner,76
4524,System_B_TwoStageOffBanner,75
4525,System_B_TwoStageOffBanner,80
4526,System_B_TwoStageOffBanner,22
4527,System_B_TwoStageOffBanner,110
4528,System_B_TwoStageOffBanner,21
4529,System_B_TwoStageOffBanner,80
4530,System_B_TwoStageOffBanner,74
4531,System_B_TwoStageOffBanner,81
4532,System_B_TwoStageOffBanner,159
4533,System_B_TwoStageOffBanner,77
4534,System_B_TwoStageOffBanner,81
4535,System_B_TwoStageOffBanner,139
4536,System_B_TwoStageOffBanner,157
4537,System_B_TwoStageOffBanner,156
4538,System_B_TwoStageOffBanner,75
4539,System_B_TwoStageOffBanner,80
4540,System_B_TwoStageOffBanner,78
4541,System_B_TwoStageOffBanner,77
4542,System_B_TwoStageOffBanner,158
4543,System_B_TwoStageOffBanner,94
4544,System_B_TwoStageOffBanner,75
4545,System_B_TwoStageOffBanner,82
4546,System_B_TwoStageOffBanner,81
4547,System_B_TwoStageOffBanner,157
4548,System_B_TwoStageOffBanner,151
4549,System_B_TwoStageOffBanner,78
4550,System_B_TwoStageOffBanner,93
4551,System_B_TwoStageOffBanner,77
4552,System_B_TwoStageOffBanner,26
4553,System_B_TwoStageOffBanner,80
4554,System_B_TwoStageOffBanner,104
4555,System_B_TwoStageOffBanner,78
4556,System_B_TwoStageOffBanner,153
4557,System_B_TwoStageOffBanner,77
4558,System_B_TwoStageOffBanner,157
4559,System_B_TwoStageOffBanner,133
4560,System_B_TwoStageOffBanner,162
4561,System_B_TwoStageOffBanner,152
4562,System_B_TwoStageOffBanner,76
4563,System_B_TwoStageOffBanner,153
4564,System_B_TwoStageOffBanner,91
4565,System_B_TwoStageOffBanner,89
4566,System_B_TwoStageOffBanner,8
4567,System_B_TwoStageOffBanner,86
4568,System_B_TwoStageOffBanner,94
4569,System_B_TwoStageOffBanner,72
4570,System_B_TwoStageOffBanner,31
4571,System_B_TwoStageOffBanner,122
4572,System_B_TwoStageOffBanner,134
4573,System_B_TwoStageOffBanner,129
4574,System_B_TwoStageOffBanner,4
4575,System_B_TwoStageOffBanner,89
4576,System_B_TwoStageOffBanner,36
4577,System_B_TwoStageOffBanner,103
4578,System_B_TwoStageOffBanner,153
4579,System_B_TwoStageOffBanner,101
4580,System_B_TwoStageOffBanner,119
4581,System_B_TwoStageOffBanner,160
4582,System_B_TwoStageOffBanner,63
4583,System_B_TwoStageOffBanner,96
4584,System_B_TwoStageOffBanner,138
4585,System_B_TwoStageOffBanner,77
4586,System_B_TwoStageOffBanner,1
4587,System_B_TwoStageOffBanner,92
4588,System_B_TwoStageOffBanner,151
4589,System_B_TwoStageOffBanner,75
4590,System_B_TwoStageOffBanner,79
4591,System_B_TwoStageOffBanner,76
4592,System_B_TwoStageOffBanner,36
4593,System_B_TwoStageOffBanner,81
4594,System_B_TwoStageOffBanner,158
4595,System_B_TwoStageOffBanner,74
4596,System_B_TwoStageOffBanner,157
4597,System_B_TwoStageOffBanner,151
4598,System_B_TwoStageOffBanner,30
4599,System_B_TwoStageOffBanner,157
4600,System_B_TwoStageOffBanner,152
4601,System_B_TwoStageOffBanner,76
4602,System_B_TwoStageOffBanner,6
4603,System_B_TwoStageOffBanner,76
4604,System_B_TwoStageOffBanner,1
4605,System_B_TwoStageOffBanner,10
4606,System_B_TwoStageOffBanner,158
4607,System_B_TwoStageOffBanner,50
4608,System_B_TwoStageOffBanner,50
4609,System_B_TwoStageOffBanner,27
4610,System_B_TwoStageOffBanner,79
4611,System_B_TwoStageOffBanner,36
4612,System_B_TwoStageOffBanner,77
4613,System_B_TwoStageOffBanner,123
4614,System_B_TwoStageOffBanner,25
4615,System_B_TwoStageOffBanner,75
4616,System_B_TwoStageOffBanner,81
4617,System_B_TwoStageOffBanner,151
4618,System_B_TwoStageOffBanner,79
4619,System_B_TwoStageOffBanner,76
4620,System_B_TwoStageOffBanner,157
4621,System_B_TwoStageOffBanner,76
4622,System_B_TwoStageOffBanner,61
4623,System_B_TwoStageOffBanner,148
4624,System_B_TwoStageOffBanner,154
4625,System_B_TwoStageOffBanner,158
4626,System_B_TwoStageOffBanner,98
4627,System_B_TwoStageOffBanner,158
4628,System_B_TwoStageOffBanner,12
4629,System_B_TwoStageOffBanner,79
4630,System_B_TwoStageOffBanner,21
4631,System_B_TwoStageOffBanner,118
4632,System_B_TwoStageOffBanner,77
4633,System_B_TwoStageOffBanner,76
4634,System_B_TwoStageOffBanner,32
4635,System_B_TwoStageOffBanner,80
4636,System_B_TwoStageOffBanner,76
4637,System_B_TwoStageOffBanner,153
4638,System_B_TwoStageOffBanner,75
4639,System_B_TwoStageOffBanner,152
4640,System_B_TwoStageOffBanner,158
4641,System_B_TwoStageOffBanner,124
4642,System_B_TwoStageOffBanner,152
4643,System_B_TwoStageOffBanner,117
4644,System_B_TwoStageOffBanner,20
4645,System_B_TwoStageOffBanner,75
4646,System_B_TwoStageOffBanner,6
4647,System_B_TwoStageOffBanner,21
4648,System_B_TwoStageOffBanner,129
4649,System_B_TwoStageOffBanner,154
4650,System_B_TwoStageOffBanner,83
4651,System_B_TwoStageOffBanner,160
4652,System_B_TwoStageOffBanner,76
4653,System_B_TwoStageOffBanner,77
4654,System_B_TwoStageOffBanner,76
4655,System_B_TwoStageOffBanner,45
4656,System_B_TwoStageOffBanner,151
4657,System_B_TwoStageOffBanner,76
4658,System_B_TwoStageOffBanner,156
4659,System_B_TwoStageOffBanner,152
4660,System_B_TwoStageOffBanner,155
4661,System_B_TwoStageOffBanner,158
4662,System_B_TwoStageOffBanner,76
4663,System_B_TwoStageOffBanner,157
4664,System_B_TwoStageOffBanner,160
4665,System_B_TwoStageOffBanner,40
4666,System_B_TwoStageOffBanner,115
4667,System_B_TwoStageOffBanner,79
4668,System_B_TwoStageOffBanner,76
4669,System_B_TwoStageOffBanner,73
4670,System_B_TwoStageOffBanner,76
4671,System_B_TwoStageOffBanner,75
4672,System_B_TwoStageOffBanner,74
4673,System_B_TwoStageOffBanner,80
4674,System_B_TwoStageOffBanner,76
4675,System_B_TwoStageOffBanner,155
4676,System_B_TwoStageOffBanner,79
4677,System_B_TwoStageOffBanner,1
4678,System_B_TwoStageOffBanner,129
4679,System_B_TwoStageOffBanner,158
4680,System_B_TwoStageOffBanner,77
4681,System_B_TwoStageOffBanner,28
4682,System_B_TwoStageOffBanner,38
4683,System_B_TwoStageOffBanner,108
4684,System_B_TwoStageOffBanner,156
4685,System_B_TwoStageOffBanner,74
4686,System_B_TwoStageOffBanner,17
4687,System_B_TwoStageOffBanner,62
4688,System_B_TwoStageOffBanner,78
4689,System_B_TwoStageOffBanner,82
4690,System_B_TwoStageOffBanner,78
4691,System_B_TwoStageOffBanner,37
4692,System_B_TwoStageOffBanner,79
4693,System_B_TwoStageOffBanner,76
4694,System_B_TwoStageOffBanner,76
4695,System_B_TwoStageOffBanner,154
4696,System_B_TwoStageOffBanner,159
4697,System_B_TwoStageOffBanner,17
4698,System_B_TwoStageOffBanner,150
4699,System_B_TwoStageOffBanner,152
4700,System_B_TwoStageOffBanner,81
4701,System_B_TwoStageOffBanner,75
4702,System_B_TwoStageOffBanner,8
4703,System_B_TwoStageOffBanner,79
4704,System_B_TwoStageOffBanner,83
4705,System_B_TwoStageOffBanner,157
4706,System_B_TwoStageOffBanner,59
4707,System_B_TwoStageOffBanner,122
4708,System_B_TwoStageOffBanner,77
4709,System_B_TwoStageOffBanner,61
4710,System_B_TwoStageOffBanner,155
4711,System_B_TwoStageOffBanner,144
4712,System_B_TwoStageOffBanner,80
4713,System_B_TwoStageOffBanner,61
4714,System_B_TwoStageOffBanner,154
4715,System_B_TwoStageOffBanner,107
4716,System_B_TwoStageOffBanner,149
4717,System_B_TwoStageOffBanner,82
4718,System_B_TwoStageOffBanner,74
4719,System_B_TwoStageOffBanner,74
4720,System_B_TwoStageOffBanner,74
4721,System_B_TwoStageOffBanner,159
4722,System_B_TwoStageOffBanner,78
4723,System_B_TwoStageOffBanner,45
4724,System_B_TwoStageOffBanner,98
4725,System_B_TwoStageOffBanner,139
4726,System_B_TwoStageOffBanner,82
4727,System_B_TwoStageOffBanner,78
4728,System_B_TwoStageOffBanner,153
4729,System_B_TwoStageOffBanner,155
4730,System_B_TwoStageOffBanner,30
4731,System_B_TwoStageOffBanner,150
4732,System_B_TwoStageOffBanner,80
4733,System_B_TwoStageOffBanner,131
4734,System_B_TwoStageOffBanner,154
4735,System_B_TwoStageOffBanner,77
4736,System_B_TwoStageOffBanner,34
4737,System_B_TwoStageOffBanner,157
4738,System_B_TwoStageOffBanner,57
4739,System_B_TwoStageOffBanner,153
4740,System_B_TwoStageOffBanner,122
4741,System_B_TwoStageOffBanner,24
4742,System_B_TwoStageOffBanner,91
4743,System_B_TwoStageOffBanner,55
4744,System_B_TwoStageOffBanner,93
4745,System_B_TwoStageOffBanner,71
4746,System_B_TwoStageOffBanner,153
4747,System_B_TwoStageOffBanner,152
4748,System_B_TwoStageOffBanner,85
4749,System_B_TwoStageOffBanner,43
4750,System_B_TwoStageOffBanner,53
4751,System_B_TwoStageOffBanner,156
4752,System_B_TwoStageOffBanner,77
4753,System_B_TwoStageOffBanner,13
4754,System_B_TwoStageOffBanner,157
4755,System_B_TwoStageOffBanner,124
4756,System_B_TwoStageOffBanner,152
4757,System_B_TwoStageOffBanner,88
4758,System_B_TwoStageOffBanner,78
4759,System_B_TwoStageOffBanner,89
4760,System_B_TwoStageOffBanner,154
4761,System_B_TwoStageOffBanner,77
4762,System_B_TwoStageOffBanner,16
4763,System_B_TwoStageOffBanner,151
4764,System_B_TwoStageOffBanner,74
4765,System_B_TwoStageOffBanner,78
4766,System_B_TwoStageOffBanner,129
4767,System_B_TwoStageOffBanner,155
4768,System_B_TwoStageOffBanner,90
4769,System_B_TwoStageOffBanner,153
4770,System_B_TwoStageOffBanner,81
4771,System_B_TwoStageOffBanner,74
4772,System_B_TwoStageOffBanner,102
4773,System_B_TwoStageOffBanner,75
4774,System_B_TwoStageOffBanner,78
4775,System_B_TwoStageOffBanner,75
4776,System_B_TwoStageOffBanner,151
4777,System_B_TwoStageOffBanner,77
4778,System_B_TwoStageOffBanner,64
4779,System_B_TwoStageOffBanner,104
4780,System_B_TwoStageOffBanner,152
4781,System_B_TwoStageOffBanner,75
4782,System_B_TwoStageOffBanner,77
4783,System_B_TwoStageOffBanner,77
4784,System_B_TwoStageOffBanner,127
4785,System_B_TwoStageOffBanner,108
4786,System_B_TwoStageOffBanner,78
4787,System_B_TwoStageOffBanner,60
4788,System_B_TwoStageOffBanner,88
4789,System_B_TwoStageOffBanner,79
4790,System_B_TwoStageOffBanner,1
4791,System_B_TwoStageOffBanner,20
4792,System_B_TwoStageOffBanner,156
4793,System_B_TwoStageOffBanner,21
4794,System_B_TwoStageOffBanner,30
4795,System_B_TwoStageOffBanner,96
4796,System_B_TwoStageOffBanner,42
4797,System_B_TwoStageOffBanner,33
4798,System_B_TwoStageOffBanner,130
4799,System_B_TwoStageOffBanner,157
4800,System_B_TwoStageOffBanner,69
4801,System_B_TwoStageOffBanner,77
4802,System_B_TwoStageOffBanner,76
4803,System_B_TwoStageOffBanner,126
4804,System_B_TwoStageOffBanner,151
4805,System_B_TwoStageOffBanner,78
4806,System_B_TwoStageOffBanner,13
4807,System_B_TwoStageOffBanner,68
4808,System_B_TwoStageOffBanner,155
4809,System_B_TwoStageOffBanner,75
4810,System_B_TwoStageOffBanner,70
4811,System_B_TwoStageOffBanner,28
4812,System_B_TwoStageOffBanner,5
4813,System_B_TwoStageOffBanner,78
4814,System_B_TwoStageOffBanner,76
4815,System_B_TwoStageOffBanner,127
4816,System_B_TwoStageOffBanner,126
4817,System_B_TwoStageOffBanner,79
4818,System_B_TwoStageOffBanner,143
4819,System_B_TwoStageOffBanner,140
4820,System_B_TwoStageOffBanner,66
4821,System_B_TwoStageOffBanner,74
4822,System_B_TwoStageOffBanner,160
4823,System_B_TwoStageOffBanner,35
4824,System_B_TwoStageOffBanner,143
4825,System_B_TwoStageOffBanner,150
4826,System_B_TwoStageOffBanner,157
4827,System_B_TwoStageOffBanner,75
4828,System_B_TwoStageOffBanner,159
4829,System_B_TwoStageOffBanner,77
4830,System_B_TwoStageOffBanner,78
4831,System_B_TwoStageOffBanner,153
4832,System_B_TwoStageOffBanner,109
4833,System_B_TwoStageOffBanner,76
4834,System_B_TwoStageOffBanner,75
4835,System_B_TwoStageOffBanner,159
4836,System_B_TwoStageOffBanner,45
4837,System_B_TwoStageOffBanner,18
4838,System_B_TwoStageOffBanner,78
4839,System_B_TwoStageOffBanner,78
4840,System_B_TwoStageOffBanner,158
4841,System_B_TwoStageOffBanner,119
4842,System_B_TwoStageOffBanner,62
4843,System_B_TwoStageOffBanner,155
4844,System_B_TwoStageOffBanner,6
4845,System_B_TwoStageOffBanner,132
4846,System_B_TwoStageOffBanner,105
4847,System_B_TwoStageOffBanner,159
4848,System_B_TwoStageOffBanner,82
4849,System_B_TwoStageOffBanner,83
4850,System_B_TwoStageOffBanner,36
4851,System_B_TwoStageOffBanner,78
4852,System_B_TwoStageOffBanner,153
4853,System_B_TwoStageOffBanner,157
4854,System_B_TwoStageOffBanner,115
4855,System_B_TwoStageOffBanner,105
4856,System_B_TwoStageOffBanner,78
4857,System_B_TwoStageOffBanner,152
4858,System_B_TwoStageOffBanner,157
4859,System_B_TwoStageOffBanner,59
4860,System_B_TwoStageOffBanner,77
4861,System_B_TwoStageOffBanner,153
4862,System_B_TwoStageOffBanner,112
4863,System_B_TwoStageOffBanner,156
4864,System_B_TwoStageOffBanner,48
4865,System_B_TwoStageOffBanner,75
4866,System_B_TwoStageOffBanner,154
4867,System_B_TwoStageOffBanner,10
4868,System_B_TwoStageOffBanner,136
4869,System_B_TwoStageOffBanner,158
4870,System_B_TwoStageOffBanner,104
4871,System_B_TwoStageOffBanner,151
4872,System_B_TwoStageOffBanner,77
4873,System_B_TwoStageOffBanner,79
4874,System_B_TwoStageOffBanner,83
4875,System_B_TwoStageOffBanner,151
4876,System_B_TwoStageOffBanner,42
4877,System_B_TwoStageOffBanner,154
4878,System_B_TwoStageOffBanner,134
4879,System_B_TwoStageOffBanner,24
4880,System_B_TwoStageOffBanner,92
4881,System_B_TwoStageOffBanner,76
4882,System_B_TwoStageOffBanner,101
4883,System_B_TwoStageOffBanner,156
4884,System_B_TwoStageOffBanner,146
4885,System_B_TwoStageOffBanner,144
4886,System_B_TwoStageOffBanner,90
4887,System_B_TwoStageOffBanner,86
4888,System_B_TwoStageOffBanner,68
4889,System_B_TwoStageOffBanner,77
4890,System_B_TwoStageOffBanner,74
4891,System_B_TwoStageOffBanner,150
4892,System_B_TwoStageOffBanner,75
4893,System_B_TwoStageOffBanner,84
4894,System_B_TwoStageOffBanner,156
4895,System_B_TwoStageOffBanner,77
4896,System_B_TwoStageOffBanner,75
4897,System_B_TwoStageOffBanner,112
4898,System_B_TwoStageOffBanner,106
4899,System_B_TwoStageOffBanner,131
4900,System_B_TwoStageOffBanner,82
4901,System_B_TwoStageOffBanner,100
4902,System_B_TwoStageOffBanner,95
4903,System_B_TwoStageOffBanner,121
4904,System_B_TwoStageOffBanner,79
4905,System_B_TwoStageOffBanner,57
4906,System_B_TwoStageOffBanner,94
4907,System_B_TwoStageOffBanner,60
4908,System_B_TwoStageOffBanner,99
4909,System_B_TwoStageOffBanner,126
4910,System_B_TwoStageOffBanner,97
4911,System_B_TwoStageOffBanner,78
4912,System_B_TwoStageOffBanner,110
4913,System_B_TwoStageOffBanner,152
4914,System_B_TwoStageOffBanner,48
4915,System_B_TwoStageOffBanner,88
4916,System_B_TwoStageOffBanner,76
4917,System_B_TwoStageOffBanner,107
4918,System_B_TwoStageOffBanner,102
4919,System_B_TwoStageOffBanner,75
4920,System_B_TwoStageOffBanner,154
4921,System_B_TwoStageOffBanner,67
4922,System_B_TwoStageOffBanner,155
4923,System_B_TwoStageOffBanner,63
4924,System_B_TwoStageOffBanner,77
4925,System_B_TwoStageOffBanner,130
4926,System_B_TwoStageOffBanner,78
4927,System_B_TwoStageOffBanner,143
4928,System_B_TwoStageOffBanner,77
4929,System_B_TwoStageOffBanner,71
4930,System_B_TwoStageOffBanner,79
4931,System_B_TwoStageOffBanner,34
4932,System_B_TwoStageOffBanner,30
4933,System_B_TwoStageOffBanner,156
4934,System_B_TwoStageOffBanner,35
4935,System_B_TwoStageOffBanner,152
4936,System_B_TwoStageOffBanner,69
4937,System_B_TwoStageOffBanner,25
4938,System_B_TwoStageOffBanner,44
4939,System_B_TwoStageOffBanner,92
4940,System_B_TwoStageOffBanner,82
4941,System_B_TwoStageOffBanner,26
4942,System_B_TwoStageOffBanner,158
4943,System_B_TwoStageOffBanner,80
4944,System_B_TwoStageOffBanner,75
4945,System_B_TwoStageOffBanner,88
4946,System_B_TwoStageOffBanner,67
4947,System_B_TwoStageOffBanner,159
4948,System_B_TwoStageOffBanner,75
4949,System_B_TwoStageOffBanner,76
4950,System_B_TwoStageOffBanner,83
4951,System_B_TwoStageOffBanner,74
4952,System_B_TwoStageOffBanner,158
4953,System_B_TwoStageOffBanner,159
4954,System_B_TwoStageOffBanner,124
4955,System_B_TwoStageOffBanner,157
4956,System_B_TwoStageOffBanner,75
4957,System_B_TwoStageOffBanner,79
4958,System_B_TwoStageOffBanner,91
4959,System_B_TwoStageOffBanner,80
4960,System_B_TwoStageOffBanner,124
4961,System_B_TwoStageOffBanner,78
4962,System_B_TwoStageOffBanner,79
4963,System_B_TwoStageOffBanner,155
4964,System_B_TwoStageOffBanner,151
4965,System_B_TwoStageOffBanner,80
4966,System_B_TwoStageOffBanner,79
4967,System_B_TwoStageOffBanner,80
4968,System_B_TwoStageOffBanner,58
4969,System_B_TwoStageOffBanner,152
4970,System_B_TwoStageOffBanner,161
4971,System_B_TwoStageOffBanner,156
4972,System_B_TwoStageOffBanner,77
4973,System_B_TwoStageOffBanner,85
4974,System_B_TwoStageOffBanner,99
4975,System_B_TwoStageOffBanner,122
4976,System_B_TwoStageOffBanner,155
4977,System_B_TwoStageOffBanner,22
4978,System_B_TwoStageOffBanner,104
4979,System_B_TwoStageOffBanner,80
4980,System_B_TwoStageOffBanner,77
4981,System_B_TwoStageOffBanner,15
4982,System_B_TwoStageOffBanner,159
4983,System_B_TwoStageOffBanner,78
4984,System_B_TwoStageOffBanner,109
4985,System_B_TwoStageOffBanner,107
4986,System_B_TwoStageOffBanner,156
4987,System_B_TwoStageOffBanner,155
4988,System_B_TwoStageOffBanner,102
4989,System_B_TwoStageOffBanner,74
4990,System_B_TwoStageOffBanner,100
4991,System_B_TwoStageOffBanner,148
4992,System_B_TwoStageOffBanner,13
4993,System_B_TwoStageOffBanner,94
4994,System_B_TwoStageOffBanner,76
4995,System_B_TwoStageOffBanner,79
4996,System_B_TwoStageOffBanner,142
4997,System_B_TwoStageOffBanner,85
4998,System_B_TwoStageOffBanner,133
4999,System_B_TwoStageOffBanner,45
5000,System_B_TwoStageOffBanner,76
5001,System_B_TwoStageOffBanner,124
5002,System_B_TwoStageOffBanner,76
5003,System_B_TwoStageOffBanner,157
5004,System_B_TwoStageOffBanner,139
5005,System_B_TwoStageOffBanner,154
5006,System_B_TwoStageOffBanner,44
5007,System_B_TwoStageOffBanner,113
5008,System_B_TwoStageOffBanner,49
5009,System_B_TwoStageOffBanner,96
5010,System_B_TwoStageOffBanner,152
5011,System_B_TwoStageOffBanner,149
5012,System_B_TwoStageOffBanner,40
5013,System_B_TwoStageOffBanner,77
5014,System_B_TwoStageOffBanner,151
5015,System_B_TwoStageOffBanner,161
5016,System_B_TwoStageOffBanner,82
5017,System_B_TwoStageOffBanner,5
5018,System_B_TwoStageOffBanner,76
5019,System_B_TwoStageOffBanner,110
5020,System_B_TwoStageOffBanner,155
5021,System_B_TwoStageOffBanner,161
5022,System_B_TwoStageOffBanner,155
5023,System_B_TwoStageOffBanner,86
5024,System_B_TwoStageOffBanner,144
5025,System_B_TwoStageOffBanner,69
5026,System_B_TwoStageOffBanner,91
5027,System_B_TwoStageOffBanner,142
5028,System_B_TwoStageOffBanner,104
5029,System_B_TwoStageOffBanner,37
5030,System_B_TwoStageOffBanner,10
5031,System_B_TwoStageOffBanner,78
5032,System_B_TwoStageOffBanner,70
5033,System_B_TwoStageOffBanner,49
5034,System_B_TwoStageOffBanner,78
5035,System_B_TwoStageOffBanner,38
5036,System_B_TwoStageOffBanner,159
5037,System_B_TwoStageOffBanner,45
5038,System_B_TwoStageOffBanner,156
5039,System_B_TwoStageOffBanner,80
5040,System_B_TwoStageOffBanner,158
5041,System_B_TwoStageOffBanner,156
5042,System_B_TwoStageOffBanner,79
5043,System_B_TwoStageOffBanner,67
5044,System_B_TwoStageOffBanner,123
5045,System_B_TwoStageOffBanner,161
5046,System_B_TwoStageOffBanner,140
5047,System_B_TwoStageOffBanner,111
5048,System_B_TwoStageOffBanner,60
5049,System_B_TwoStageOffBanner,83
5050,System_B_TwoStageOffBanner,157
5051,System_B_TwoStageOffBanner,80
5052,System_B_TwoStageOffBanner,160
5053,System_B_TwoStageOffBanner,74
5054,System_B_TwoStageOffBanner,77
5055,System_B_TwoStageOffBanner,84
5056,System_B_TwoStageOffBanner,75
5057,System_B_TwoStageOffBanner,110
5058,System_B_TwoStageOffBanner,143
5059,System_B_TwoStageOffBanner,29
5060,System_B_TwoStageOffBanner,76
5061,System_B_TwoStageOffBanner,132
5062,System_B_TwoStageOffBanner,154
5063,System_B_TwoStageOffBanner,86
5064,System_B_TwoStageOffBanner,162
5065,System_B_TwoStageOffBanner,30
5066,System_B_TwoStageOffBanner,96
5067,System_B_TwoStageOffBanner,96
5068,System_B_TwoStageOffBanner,79
5069,System_B_TwoStageOffBanner,79
5070,System_B_TwoStageOffBanner,75
5071,System_B_TwoStageOffBanner,153
5072,System_B_TwoStageOffBanner,150
5073,System_B_TwoStageOffBanner,31
5074,System_B_TwoStageOffBanner,77
5075,System_B_TwoStageOffBanner,83
5076,System_B_TwoStageOffBanner,64
5077,System_B_TwoStageOffBanner,96
5078,System_B_TwoStageOffBanner,82
5079,System_B_TwoStageOffBanner,126
5080,System_B_TwoStageOffBanner,109
5081,System_B_TwoStageOffBanner,54
5082,System_B_TwoStageOffBanner,78
5083,System_B_TwoStageOffBanner,80
5084,System_B_TwoStageOffBanner,123
5085,System_B_TwoStageOffBanner,147
5086,System_B_TwoStageOffBanner,47
5087,System_B_TwoStageOffBanner,145
5088,System_B_TwoStageOffBanner,78
5089,System_B_TwoStageOffBanner,158
5090,System_B_TwoStageOffBanner,79
5091,System_B_TwoStageOffBanner,130
5092,System_B_TwoStageOffBanner,44
5093,System_B_TwoStageOffBanner,68
5094,System_B_TwoStageOffBanner,77
5095,System_B_TwoStageOffBanner,76
5096,System_B_TwoStageOffBanner,139
5097,System_B_TwoStageOffBanner,118
5098,System_B_TwoStageOffBanner,80
5099,System_B_TwoStageOffBanner,103
5100,System_B_TwoStageOffBanner,20
5101,System_B_TwoStageOffBanner,166
5102,System_B_TwoStageOffBanner,158
5103,System_B_TwoStageOffBanner,71
5104,System_B_TwoStageOffBanner,148
5105,System_B_TwoStageOffBanner,134
5106,System_B_TwoStageOffBanner,78
5107,System_B_TwoStageOffBanner,77
5108,System_B_TwoStageOffBanner,157
5109,System_B_TwoStageOffBanner,79
5110,System_B_TwoStageOffBanner,156
5111,System_B_TwoStageOffBanner,166
5112,System_B_TwoStageOffBanner,40
5113,System_B_TwoStageOffBanner,154
5114,System_B_TwoStageOffBanner,77
5115,System_B_TwoStageOffBanner,77
5116,System_B_TwoStageOffBanner,76
5117,System_B_TwoStageOffBanner,78
5118,System_B_TwoStageOffBanner,155
5119,System_B_TwoStageOffBanner,160
5120,System_B_TwoStageOffBanner,60
5121,System_B_TwoStageOffBanner,151
5122,System_B_TwoStageOffBanner,31
5123,System_B_TwoStageOffBanner,77
5124,System_B_TwoStageOffBanner,155
5125,System_B_TwoStageOffBanner,11
5126,System_B_TwoStageOffBanner,77
5127,System_B_TwoStageOffBanner,74
5128,System_B_TwoStageOffBanner,7
5129,System_B_TwoStageOffBanner,79
5130,System_B_TwoStageOffBanner,49
5131,System_B_TwoStageOffBanner,82
5132,System_B_TwoStageOffBanner,93
5133,System_B_TwoStageOffBanner,92
5134,System_B_TwoStageOffBanner,87
5135,System_B_TwoStageOffBanner,94
5136,System_B_TwoStageOffBanner,55
5137,System_B_TwoStageOffBanner,63
5138,System_B_TwoStageOffBanner,77
5139,System_B_TwoStageOffBanner,129
5140,System_B_TwoStageOffBanner,100
5141,System_B_TwoStageOffBanner,132
5142,System_B_TwoStageOffBanner,76
5143,System_B_TwoStageOffBanner,80
5144,System_B_TwoStageOffBanner,28
5145,System_B_TwoStageOffBanner,69
5146,System_B_TwoStageOffBanner,78
5147,System_B_TwoStageOffBanner,78
5148,System_B_TwoStageOffBanner,151
5149,System_B_TwoStageOffBanner,75
5150,System_B_TwoStageOffBanner,153
5151,System_B_TwoStageOffBanner,157
5152,System_B_TwoStageOffBanner,9
5153,System_B_TwoStageOffBanner,28
5154,System_B_TwoStageOffBanner,25
5155,System_B_TwoStageOffBanner,81
5156,System_B_TwoStageOffBanner,58
5157,System_B_TwoStageOffBanner,157
5158,System_B_TwoStageOffBanner,156
5159,System_B_TwoStageOffBanner,75
5160,System_B_TwoStageOffBanner,16
5161,System_B_TwoStageOffBanner,41
5162,System_B_TwoStageOffBanner,72
5163,System_B_TwoStageOffBanner,79
5164,System_B_TwoStageOffBanner,158
5165,System_B_TwoStageOffBanner,86
5166,System_B_TwoStageOffBanner,18
5167,System_B_TwoStageOffBanner,79
5168,System_B_TwoStageOffBanner,140
5169,System_B_TwoStageOffBanner,79
5170,System_B_TwoStageOffBanner,159
5171,System_B_TwoStageOffBanner,3
5172,System_B_TwoStageOffBanner,75
5173,System_B_TwoStageOffBanner,141
5174,System_B_TwoStageOffBanner,78
5175,System_B_TwoStageOffBanner,76
5176,System_B_TwoStageOffBanner,76
5177,System_B_TwoStageOffBanner,35
5178,System_B_TwoStageOffBanner,159
5179,System_B_TwoStageOffBanner,90
5180,System_B_TwoStageOffBanner,80
5181,System_B_TwoStageOffBanner,92
5182,System_B_TwoStageOffBanner,75
5183,System_B_TwoStageOffBanner,3
5184,System_B_TwoStageOffBanner,155
5185,System_B_TwoStageOffBanner,100
5186,System_B_TwoStageOffBanner,154
5187,System_B_TwoStageOffBanner,69
5188,System_B_TwoStageOffBanner,78
5189,System_B_TwoStageOffBanner,155
5190,System_B_TwoStageOffBanner,74
5191,System_B_TwoStageOffBanner,153
5192,System_B_TwoStageOffBanner,76
5193,System_B_TwoStageOffBanner,152
5194,System_B_TwoStageOffBanner,100
5195,System_B_TwoStageOffBanner,76
5196,System_B_TwoStageOffBanner,75
5197,System_B_TwoStageOffBanner,17
5198,System_B_TwoStageOffBanner,80
5199,System_B_TwoStageOffBanner,141
5200,System_B_TwoStageOffBanner,121
5201,System_B_TwoStageOffBanner,78
5202,System_B_TwoStageOffBanner,38
5203,System_B_TwoStageOffBanner,82
5204,System_B_TwoStageOffBanner,77
5205,System_B_TwoStageOffBanner,75
5206,System_B_TwoStageOffBanner,30
5207,System_B_TwoStageOffBanner,38
5208,System_B_TwoStageOffBanner,127
5209,System_B_TwoStageOffBanner,9
5210,System_B_TwoStageOffBanner,77
5211,System_B_TwoStageOffBanner,78
5212,System_B_TwoStageOffBanner,76
5213,System_B_TwoStageOffBanner,153
5214,System_B_TwoStageOffBanner,76
5215,System_B_TwoStageOffBanner,90
5216,System_B_TwoStageOffBanner,141
5217,System_B_TwoStageOffBanner,154
5218,System_B_TwoStageOffBanner,74
5219,System_B_TwoStageOffBanner,77
5220,System_B_TwoStageOffBanner,57
5221,System_B_TwoStageOffBanner,79
5222,System_B_TwoStageOffBanner,155
5223,System_B_TwoStageOffBanner,133
5224,System_B_TwoStageOffBanner,152
5225,System_B_TwoStageOffBanner,138
5226,System_B_TwoStageOffBanner,75
5227,System_B_TwoStageOffBanner,55
5228,System_B_TwoStageOffBanner,156
5229,System_B_TwoStageOffBanner,79
5230,System_B_TwoStageOffBanner,39
5231,System_B_TwoStageOffBanner,156
5232,System_B_TwoStageOffBanner,80
5233,System_B_TwoStageOffBanner,44
5234,System_B_TwoStageOffBanner,78
5235,System_B_TwoStageOffBanner,99
5236,System_B_TwoStageOffBanner,78
5237,System_B_TwoStageOffBanner,79
5238,System_B_TwoStageOffBanner,129
5239,System_B_TwoStageOffBanner,158
5240,System_B_TwoStageOffBanner,84
5241,System_B_TwoStageOffBanner,98
5242,System_B_TwoStageOffBanner,158
5243,System_B_TwoStageOffBanner,78
5244,System_B_TwoStageOffBanner,2
5245,System_B_TwoStageOffBanner,77
5246,System_B_TwoStageOffBanner,155
5247,System_B_TwoStageOffBanner,77
5248,System_B_TwoStageOffBanner,79
5249,System_B_TwoStageOffBanner,26
5250,System_B_TwoStageOffBanner,91
5251,System_B_TwoStageOffBanner,159
5252,System_B_TwoStageOffBanner,101
5253,System_B_TwoStageOffBanner,76
5254,System_B_TwoStageOffBanner,87
5255,System_B_TwoStageOffBanner,17
5256,System_B_TwoStageOffBanner,156
5257,System_B_TwoStageOffBanner,156
5258,System_B_TwoStageOffBanner,78
5259,System_B_TwoStageOffBanner,80
5260,System_B_TwoStageOffBanner,79
5261,System_B_TwoStageOffBanner,107
5262,System_B_TwoStageOffBanner,76
5263,System_B_TwoStageOffBanner,77
5264,System_B_TwoStageOffBanner,148
5265,System_B_TwoStageOffBanner,75
5266,System_B_TwoStageOffBanner,92
5267,System_B_TwoStageOffBanner,158
5268,System_B_TwoStageOffBanner,159
5269,System_B_TwoStageOffBanner,76
5270,System_B_TwoStageOffBanner,94
5271,System_B_TwoStageOffBanner,152
5272,System_B_TwoStageOffBanner,77
5273,System_B_TwoStageOffBanner,148
5274,System_B_TwoStageOffBanner,161
5275,System_B_TwoStageOffBanner,4
5276,System_B_TwoStageOffBanner,133
5277,System_B_TwoStageOffBanner,81
5278,System_B_TwoStageOffBanner,6
5279,System_B_TwoStageOffBanner,152
5280,System_B_TwoStageOffBanner,80
5281,System_B_TwoStageOffBanner,77
5282,System_B_TwoStageOffBanner,78
5283,System_B_TwoStageOffBanner,42
5284,System_B_TwoStageOffBanner,80
5285,System_B_TwoStageOffBanner,114
5286,System_B_TwoStageOffBanner,158
5287,System_B_TwoStageOffBanner,76
5288,System_B_TwoStageOffBanner,89
5289,System_B_TwoStageOffBanner,77
5290,System_B_TwoStageOffBanner,157
5291,System_B_TwoStageOffBanner,139
5292,System_B_TwoStageOffBanner,145
5293,System_B_TwoStageOffBanner,46
5294,System_B_TwoStageOffBanner,80
5295,System_B_TwoStageOffBanner,77
5296,System_B_TwoStageOffBanner,132
5297,System_B_TwoStageOffBanner,75
5298,System_B_TwoStageOffBanner,33
5299,System_B_TwoStageOffBanner,153
5300,System_B_TwoStageOffBanner,32
5301,System_B_TwoStageOffBanner,160
5302,System_B_TwoStageOffBanner,77
5303,System_B_TwoStageOffBanner,94
5304,System_B_TwoStageOffBanner,80
5305,System_B_TwoStageOffBanner,33
5306,System_B_TwoStageOffBanner,120
5307,System_B_TwoStageOffBanner,112
5308,System_B_TwoStageOffBanner,155
5309,System_B_TwoStageOffBanner,25
5310,System_B_TwoStageOffBanner,77
5311,System_B_TwoStageOffBanner,155
5312,System_B_TwoStageOffBanner,93
5313,System_B_TwoStageOffBanner,34
5314,System_B_TwoStageOffBanner,12
5315,System_B_TwoStageOffBanner,133
5316,System_B_TwoStageOffBanner,3
5317,System_B_TwoStageOffBanner,71
5318,System_B_TwoStageOffBanner,153
5319,System_B_TwoStageOffBanner,119
5320,System_B_TwoStageOffBanner,152
5321,System_B_TwoStageOffBanner,42
5322,System_B_TwoStageOffBanner,103
5323,System_B_TwoStageOffBanner,75
5324,System_B_TwoStageOffBanner,36
5325,System_B_TwoStageOffBanner,21
5326,System_B_TwoStageOffBanner,152
5327,System_B_TwoStageOffBanner,84
5328,System_B_TwoStageOffBanner,153
5329,System_B_TwoStageOffBanner,154
5330,System_B_TwoStageOffBanner,53
5331,System_B_TwoStageOffBanner,76
5332,System_B_TwoStageOffBanner,151
5333,System_B_TwoStageOffBanner,83
5334,System_B_TwoStageOffBanner,80
5335,System_B_TwoStageOffBanner,65
5336,System_B_TwoStageOffBanner,79
5337,System_B_TwoStageOffBanner,75
5338,System_B_TwoStageOffBanner,76
5339,System_B_TwoStageOffBanner,76
5340,System_B_TwoStageOffBanner,38
5341,System_B_TwoStageOffBanner,34
5342,System_B_TwoStageOffBanner,78
5343,System_B_TwoStageOffBanner,77
5344,System_B_TwoStageOffBanner,159
5345,System_B_TwoStageOffBanner,82
5346,System_B_TwoStageOffBanner,80
5347,System_B_TwoStageOffBanner,81
5348,System_B_TwoStageOffBanner,75
5349,System_B_TwoStageOffBanner,79
5350,System_B_TwoStageOffBanner,153
5351,System_B_TwoStageOffBanner,77
5352,System_B_TwoStageOffBanner,80
5353,System_B_TwoStageOffBanner,78
5354,System_B_TwoStageOffBanner,156
5355,System_B_TwoStageOffBanner,47
5356,System_B_TwoStageOffBanner,75
5357,System_B_TwoStageOffBanner,103
5358,System_B_TwoStageOffBanner,77
5359,System_B_TwoStageOffBanner,153
5360,System_B_TwoStageOffBanner,1
5361,System_B_TwoStageOffBanner,157
5362,System_B_TwoStageOffBanner,82
5363,System_B_TwoStageOffBanner,146
5364,System_B_TwoStageOffBanner,160
5365,System_B_TwoStageOffBanner,83
5366,System_B_TwoStageOffBanner,90
5367,System_B_TwoStageOffBanner,109
5368,System_B_TwoStageOffBanner,109
5369,System_B_TwoStageOffBanner,55
5370,System_B_TwoStageOffBanner,150
5371,System_B_TwoStageOffBanner,63
5372,System_B_TwoStageOffBanner,67
5373,System_B_TwoStageOffBanner,155
5374,System_B_TwoStageOffBanner,76
5375,System_B_TwoStageOffBanner,113
5376,System_B_TwoStageOffBanner,85
5377,System_B_TwoStageOffBanner,101
5378,System_B_TwoStageOffBanner,36
5379,System_B_TwoStageOffBanner,161
5380,System_B_TwoStageOffBanner,58
5381,System_B_TwoStageOffBanner,41
5382,System_B_TwoStageOffBanner,154
5383,System_B_TwoStageOffBanner,155
5384,System_B_TwoStageOffBanner,78
5385,System_B_TwoStageOffBanner,78
5386,System_B_TwoStageOffBanner,155
5387,System_B_TwoStageOffBanner,48
5388,System_B_TwoStageOffBanner,74
5389,System_B_TwoStageOffBanner,39
5390,System_B_TwoStageOffBanner,150
5391,System_B_TwoStageOffBanner,153
5392,System_B_TwoStageOffBanner,158
5393,System_B_TwoStageOffBanner,22
5394,System_B_TwoStageOffBanner,1
5395,System_B_TwoStageOffBanner,135
5396,System_B_TwoStageOffBanner,120
5397,System_B_TwoStageOffBanner,84
5398,System_B_TwoStageOffBanner,73
5399,System_B_TwoStageOffBanner,128
5400,System_B_TwoStageOffBanner,76
5401,System_B_TwoStageOffBanner,47
5402,System_B_TwoStageOffBanner,145
5403,System_B_TwoStageOffBanner,77
5404,System_B_TwoStageOffBanner,76
5405,System_B_TwoStageOffBanner,76
5406,System_B_TwoStageOffBanner,161
5407,System_B_TwoStageOffBanner,101
5408,System_B_TwoStageOffBanner,13
5409,System_B_TwoStageOffBanner,79
5410,System_B_TwoStageOffBanner,79
5411,System_B_TwoStageOffBanner,35
5412,System_B_TwoStageOffBanner,75
5413,System_B_TwoStageOffBanner,76
5414,System_B_TwoStageOffBanner,41
5415,System_B_TwoStageOffBanner,154
5416,System_B_TwoStageOffBanner,105
5417,System_B_TwoStageOffBanner,78
5418,System_B_TwoStageOffBanner,85
5419,System_B_TwoStageOffBanner,152
5420,System_B_TwoStageOffBanner,139
5421,System_B_TwoStageOffBanner,107
5422,System_B_TwoStageOffBanner,79
5423,System_B_TwoStageOffBanner,156
5424,System_B_TwoStageOffBanner,82
5425,System_B_TwoStageOffBanner,151
5426,System_B_TwoStageOffBanner,76
5427,System_B_TwoStageOffBanner,74
5428,System_B_TwoStageOffBanner,156
5429,System_B_TwoStageOffBanner,3
5430,System_B_TwoStageOffBanner,94
5431,System_B_TwoStageOffBanner,2
5432,System_B_TwoStageOffBanner,163
5433,System_B_TwoStageOffBanner,81
5434,System_B_TwoStageOffBanner,136
5435,System_B_TwoStageOffBanner,112
5436,System_B_TwoStageOffBanner,149
5437,System_B_TwoStageOffBanner,93
5438,System_B_TwoStageOffBanner,154
5439,System_B_TwoStageOffBanner,82
5440,System_B_TwoStageOffBanner,154
5441,System_B_TwoStageOffBanner,98
5442,System_B_TwoStageOffBanner,100
5443,System_B_TwoStageOffBanner,77
5444,System_B_TwoStageOffBanner,4
5445,System_B_TwoStageOffBanner,81
5446,System_B_TwoStageOffBanner,78
5447,System_B_TwoStageOffBanner,81
5448,System_B_TwoStageOffBanner,88
5449,System_B_TwoStageOffBanner,99
5450,System_B_TwoStageOffBanner,79
5451,System_B_TwoStageOffBanner,140
5452,System_B_TwoStageOffBanner,77
5453,System_B_TwoStageOffBanner,78
5454,System_B_TwoStageOffBanner,16
5455,System_B_TwoStageOffBanner,68
5456,System_B_TwoStageOffBanner,138
5457,System_B_TwoStageOffBanner,32
5458,System_B_TwoStageOffBanner,66
5459,System_B_TwoStageOffBanner,56
5460,System_B_TwoStageOffBanner,78
5461,System_B_TwoStageOffBanner,77
5462,System_B_TwoStageOffBanner,154
5463,System_B_TwoStageOffBanner,55
5464,System_B_TwoStageOffBanner,19
5465,System_B_TwoStageOffBanner,108
5466,System_B_TwoStageOffBanner,155
5467,System_B_TwoStageOffBanner,74
5468,System_B_TwoStageOffBanner,154
5469,System_B_TwoStageOffBanner,76
5470,System_B_TwoStageOffBanner,158
5471,System_B_TwoStageOffBanner,76
5472,System_B_TwoStageOffBanner,97
5473,System_B_TwoStageOffBanner,126
5474,System_B_TwoStageOffBanner,80
5475,System_B_TwoStageOffBanner,154
5476,System_B_TwoStageOffBanner,76
5477,System_B_TwoStageOffBanner,81
5478,System_B_TwoStageOffBanner,78
5479,System_B_TwoStageOffBanner,74
5480,System_B_TwoStageOffBanner,161
5481,System_B_TwoStageOffBanner,160
5482,System_B_TwoStageOffBanner,59
5483,System_B_TwoStageOffBanner,83
5484,System_B_TwoStageOffBanner,78
5485,System_B_TwoStageOffBanner,14
5486,System_B_TwoStageOffBanner,77
5487,System_B_TwoStageOffBanner,77
5488,System_B_TwoStageOffBanner,55
5489,System_B_TwoStageOffBanner,7
5490,System_B_TwoStageOffBanner,154
5491,System_B_TwoStageOffBanner,74
5492,System_B_TwoStageOffBanner,71
5493,System_B_TwoStageOffBanner,156
5494,System_B_TwoStageOffBanner,151
5495,System_B_TwoStageOffBanner,54
5496,System_B_TwoStageOffBanner,75
5497,System_B_TwoStageOffBanner,89
5498,System_B_TwoStageOffBanner,100
5499,System_B_TwoStageOffBanner,149
5500,System_B_TwoStageOffBanner,154
5501,System_B_TwoStageOffBanner,91
5502,System_B_TwoStageOffBanner,154
5503,System_B_TwoStageOffBanner,158
5504,System_B_TwoStageOffBanner,154
5505,System_B_TwoStageOffBanner,163
5506,System_B_TwoStageOffBanner,79
5507,System_B_TwoStageOffBanner,57
5508,System_B_TwoStageOffBanner,90
5509,System_B_TwoStageOffBanner,77
5510,System_B_TwoStageOffBanner,95
5511,System_B_TwoStageOffBanner,149
5512,System_B_TwoStageOffBanner,109
5513,System_B_TwoStageOffBanner,109
5514,System_B_TwoStageOffBanner,156
5515,System_B_TwoStageOffBanner,74
5516,System_B_TwoStageOffBanner,50
5517,System_B_TwoStageOffBanner,155
5518,System_B_TwoStageOffBanner,76
5519,System_B_TwoStageOffBanner,114
5520,System_B_TwoStageOffBanner,80
5521,System_B_TwoStageOffBanner,102
5522,System_B_TwoStageOffBanner,156
5523,System_B_TwoStageOffBanner,76
5524,System_B_TwoStageOffBanner,77
5525,System_B_TwoStageOffBanner,79
5526,System_B_TwoStageOffBanner,74
5527,System_B_TwoStageOffBanner,85
5528,System_B_TwoStageOffBanner,79
5529,System_B_TwoStageOffBanner,49
5530,System_B_TwoStageOffBanner,80
5531,System_B_TwoStageOffBanner,110
5532,System_B_TwoStageOffBanner,10
5533,System_B_TwoStageOffBanner,96
5534,System_B_TwoStageOffBanner,77
5535,System_B_TwoStageOffBanner,75
5536,System_B_TwoStageOffBanner,122
5537,System_B_TwoStageOffBanner,98
5538,System_B_TwoStageOffBanner,153
5539,System_B_TwoStageOffBanner,92
5540,System_B_TwoStageOffBanner,79
5541,System_B_TwoStageOffBanner,153
5542,System_B_TwoStageOffBanner,108
5543,System_B_TwoStageOffBanner,105
5544,System_B_TwoStageOffBanner,156
5545,System_B_TwoStageOffBanner,108
5546,System_B_TwoStageOffBanner,114
5547,System_B_TwoStageOffBanner,156
5548,System_B_TwoStageOffBanner,31
5549,System_B_TwoStageOffBanner,154
5550,System_B_TwoStageOffBanner,76
5551,System_B_TwoStageOffBanner,137
5552,System_B_TwoStageOffBanner,160
5553,System_B_TwoStageOffBanner,98
5554,System_B_TwoStageOffBanner,151
5555,System_B_TwoStageOffBanner,29
5556,System_B_TwoStageOffBanner,74
5557,System_B_TwoStageOffBanner,80
5558,System_B_TwoStageOffBanner,108
5559,System_B_TwoStageOffBanner,157
5560,System_B_TwoStageOffBanner,57
5561,System_B_TwoStageOffBanner,78
5562,System_B_TwoStageOffBanner,112
5563,System_B_TwoStageOffBanner,71
5564,System_B_TwoStageOffBanner,121
5565,System_B_TwoStageOffBanner,80
5566,System_B_TwoStageOffBanner,77
5567,System_B_TwoStageOffBanner,106
5568,System_B_TwoStageOffBanner,155
5569,System_B_TwoStageOffBanner,157
5570,System_B_TwoStageOffBanner,77
5571,System_B_TwoStageOffBanner,149
5572,System_B_TwoStageOffBanner,152
5573,System_B_TwoStageOffBanner,156
5574,System_B_TwoStageOffBanner,11
5575,System_B_TwoStageOffBanner,64
5576,System_B_TwoStageOffBanner,77
5577,System_B_TwoStageOffBanner,17
5578,System_B_TwoStageOffBanner,75
5579,System_B_TwoStageOffBanner,98
5580,System_B_TwoStageOffBanner,76
5581,System_B_TwoStageOffBanner,76
5582,System_B_TwoStageOffBanner,41
5583,System_B_TwoStageOffBanner,74
5584,System_B_TwoStageOffBanner,77
5585,System_B_TwoStageOffBanner,72
5586,System_B_TwoStageOffBanner,159
5587,System_B_TwoStageOffBanner,76
5588,System_B_TwoStageOffBanner,155
5589,System_B_TwoStageOffBanner,156
5590,System_B_TwoStageOffBanner,77
5591,System_B_TwoStageOffBanner,79
5592,System_B_TwoStageOffBanner,152
5593,System_B_TwoStageOffBanner,150
5594,System_B_TwoStageOffBanner,159
5595,System_B_TwoStageOffBanner,152
5596,System_B_TwoStageOffBanner,134
5597,System_B_TwoStageOffBanner,151
5598,System_B_TwoStageOffBanner,82
5599,System_B_TwoStageOffBanner,153
5600,System_B_TwoStageOffBanner,157
5601,System_B_TwoStageOffBanner,128
5602,System_B_TwoStageOffBanner,84
5603,System_B_TwoStageOffBanner,88
5604,System_B_TwoStageOffBanner,80
5605,System_B_TwoStageOffBanner,53
5606,System_B_TwoStageOffBanner,76
5607,System_B_TwoStageOffBanner,80
5608,System_B_TwoStageOffBanner,79
5609,System_B_TwoStageOffBanner,79
5610,System_B_TwoStageOffBanner,148
5611,System_B_TwoStageOffBanner,79
5612,System_B_TwoStageOffBanner,78
5613,System_B_TwoStageOffBanner,95
5614,System_B_TwoStageOffBanner,160
5615,System_B_TwoStageOffBanner,78
5616,System_B_TwoStageOffBanner,76
5617,System_B_TwoStageOffBanner,23
5618,System_B_TwoStageOffBanner,79
5619,System_B_TwoStageOffBanner,76
5620,System_B_TwoStageOffBanner,78
5621,System_B_TwoStageOffBanner,76
5622,System_B_TwoStageOffBanner,51
5623,System_B_TwoStageOffBanner,7
5624,System_B_TwoStageOffBanner,76
5625,System_B_TwoStageOffBanner,78
5626,System_B_TwoStageOffBanner,154
5627,System_B_TwoStageOffBanner,160
5628,System_B_TwoStageOffBanner,87
5629,System_B_TwoStageOffBanner,122
5630,System_B_TwoStageOffBanner,76
5631,System_B_TwoStageOffBanner,103
5632,System_B_TwoStageOffBanner,130
5633,System_B_TwoStageOffBanner,70
5634,System_B_TwoStageOffBanner,153
5635,System_B_TwoStageOffBanner,155
5636,System_B_TwoStageOffBanner,76
5637,System_B_TwoStageOffBanner,157
5638,System_B_TwoStageOffBanner,80
5639,System_B_TwoStageOffBanner,153
5640,System_B_TwoStageOffBanner,141
5641,System_B_TwoStageOffBanner,54
5642,System_B_TwoStageOffBanner,6
5643,System_B_TwoStageOffBanner,37
5644,System_B_TwoStageOffBanner,79
5645,System_B_TwoStageOffBanner,77
5646,System_B_TwoStageOffBanner,155
5647,System_B_TwoStageOffBanner,77
5648,System_B_TwoStageOffBanner,146
5649,System_B_TwoStageOffBanner,75
5650,System_B_TwoStageOffBanner,118
5651,System_B_TwoStageOffBanner,157
5652,System_B_TwoStageOffBanner,57
5653,System_B_TwoStageOffBanner,114
5654,System_B_TwoStageOffBanner,140
5655,System_B_TwoStageOffBanner,152
5656,System_B_TwoStageOffBanner,35
5657,System_B_TwoStageOffBanner,96
5658,System_B_TwoStageOffBanner,96
5659,System_B_TwoStageOffBanner,52
5660,System_B_TwoStageOffBanner,79
5661,System_B_TwoStageOffBanner,81
5662,System_B_TwoStageOffBanner,76
5663,System_B_TwoStageOffBanner,156
5664,System_B_TwoStageOffBanner,74
5665,System_B_TwoStageOffBanner,99
5666,System_B_TwoStageOffBanner,14
5667,System_B_TwoStageOffBanner,103
5668,System_B_TwoStageOffBanner,109
5669,System_B_TwoStageOffBanner,76
5670,System_B_TwoStageOffBanner,77
5671,System_B_TwoStageOffBanner,128
5672,System_B_TwoStageOffBanner,71
5673,System_B_TwoStageOffBanner,72
5674,System_B_TwoStageOffBanner,39
5675,System_B_TwoStageOffBanner,75
5676,System_B_TwoStageOffBanner,158
5677,System_B_TwoStageOffBanner,32
5678,System_B_TwoStageOffBanner,51
5679,System_B_TwoStageOffBanner,79
5680,System_B_TwoStageOffBanner,78
5681,System_B_TwoStageOffBanner,128
5682,System_B_TwoStageOffBanner,75
5683,System_B_TwoStageOffBanner,114
5684,System_B_TwoStageOffBanner,151
5685,System_B_TwoStageOffBanner,81
5686,System_B_TwoStageOffBanner,77
5687,System_B_TwoStageOffBanner,155
5688,System_B_TwoStageOffBanner,108
5689,System_B_TwoStageOffBanner,18
5690,System_B_TwoStageOffBanner,95
5691,System_B_TwoStageOffBanner,67
5692,System_B_TwoStageOffBanner,59
5693,System_B_TwoStageOffBanner,85
5694,System_B_TwoStageOffBanner,20
5695,System_B_TwoStageOffBanner,27
5696,System_B_TwoStageOffBanner,49
5697,System_B_TwoStageOffBanner,74
5698,System_B_TwoStageOffBanner,150
5699,System_B_TwoStageOffBanner,157
5700,System_B_TwoStageOffBanner,155
5701,System_B_TwoStageOffBanner,90
5702,System_B_TwoStageOffBanner,93
5703,System_B_TwoStageOffBanner,154
5704,System_B_TwoStageOffBanner,98
5705,System_B_TwoStageOffBanner,14
5706,System_B_TwoStageOffBanner,124
5707,System_B_TwoStageOffBanner,56
5708,System_B_TwoStageOffBanner,79
5709,System_B_TwoStageOffBanner,155
5710,System_B_TwoStageOffBanner,74
5711,System_B_TwoStageOffBanner,63
5712,System_B_TwoStageOffBanner,78
5713,System_B_TwoStageOffBanner,73
5714,System_B_TwoStageOffBanner,152
5715,System_B_TwoStageOffBanner,77
5716,System_B_TwoStageOffBanner,76
5717,System_B_TwoStageOffBanner,158
5718,System_B_TwoStageOffBanner,78
5719,System_B_TwoStageOffBanner,76
5720,System_B_TwoStageOffBanner,77
5721,System_B_TwoStageOffBanner,98
5722,System_B_TwoStageOffBanner,116
5723,System_B_TwoStageOffBanner,47
5724,System_B_TwoStageOffBanner,22
5725,System_B_TwoStageOffBanner,80
5726,System_B_TwoStageOffBanner,16
5727,System_B_TwoStageOffBanner,79
5728,System_B_TwoStageOffBanner,79
5729,System_B_TwoStageOffBanner,92
5730,System_B_TwoStageOffBanner,78
5731,System_B_TwoStageOffBanner,116
5732,System_B_TwoStageOffBanner,104
5733,System_B_TwoStageOffBanner,151
5734,System_B_TwoStageOffBanner,97
5735,System_B_TwoStageOffBanner,125
5736,System_B_TwoStageOffBanner,162
5737,System_B_TwoStageOffBanner,161
5738,System_B_TwoStageOffBanner,80
5739,System_B_TwoStageOffBanner,111
5740,System_B_TwoStageOffBanner,78
5741,System_B_TwoStageOffBanner,74
5742,System_B_TwoStageOffBanner,74
5743,System_B_TwoStageOffBanner,82
5744,System_B_TwoStageOffBanner,153
5745,System_B_TwoStageOffBanner,79
5746,System_B_TwoStageOffBanner,80
5747,System_B_TwoStageOffBanner,74
5748,System_B_TwoStageOffBanner,77
5749,System_B_TwoStageOffBanner,75
5750,System_B_TwoStageOffBanner,155
5751,System_B_TwoStageOffBanner,8
5752,System_B_TwoStageOffBanner,36
5753,System_B_TwoStageOffBanner,157
5754,System_B_TwoStageOffBanner,151
5755,System_B_TwoStageOffBanner,75
5756,System_B_TwoStageOffBanner,151
5757,System_B_TwoStageOffBanner,36
5758,System_B_TwoStageOffBanner,143
5759,System_B_TwoStageOffBanner,115
5760,System_B_TwoStageOffBanner,35
5761,System_B_TwoStageOffBanner,76
5762,System_B_TwoStageOffBanner,52
5763,System_B_TwoStageOffBanner,43
5764,System_B_TwoStageOffBanner,160
5765,System_B_TwoStageOffBanner,75
5766,System_B_TwoStageOffBanner,161
5767,System_B_TwoStageOffBanner,134
5768,System_B_TwoStageOffBanner,83
5769,System_B_TwoStageOffBanner,116
5770,System_B_TwoStageOffBanner,78
5771,System_B_TwoStageOffBanner,79
5772,System_B_TwoStageOffBanner,76
5773,System_B_TwoStageOffBanner,78
5774,System_B_TwoStageOffBanner,24
5775,System_B_TwoStageOffBanner,153
5776,System_B_TwoStageOffBanner,29
5777,System_B_TwoStageOffBanner,11
5778,System_B_TwoStageOffBanner,77
5779,System_B_TwoStageOffBanner,79
5780,System_B_TwoStageOffBanner,9
5781,System_B_TwoStageOffBanner,79
5782,System_B_TwoStageOffBanner,32
5783,System_B_TwoStageOffBanner,76
5784,System_B_TwoStageOffBanner,41
5785,System_B_TwoStageOffBanner,101
5786,System_B_TwoStageOffBanner,158
5787,System_B_TwoStageOffBanner,154
5788,System_B_TwoStageOffBanner,154
5789,System_B_TwoStageOffBanner,137
5790,System_B_TwoStageOffBanner,158
5791,System_B_TwoStageOffBanner,121
5792,System_B_TwoStageOffBanner,79
5793,System_B_TwoStageOffBanner,152
5794,System_B_TwoStageOffBanner,98
5795,System_B_TwoStageOffBanner,77
5796,System_B_TwoStageOffBanner,138
5797,System_B_TwoStageOffBanner,21
5798,System_B_TwoStageOffBanner,16
5799,System_B_TwoStageOffBanner,153
5800,System_B_TwoStageOffBanner,76
5801,System_B_TwoStageOffBanner,77
5802,System_B_TwoStageOffBanner,150
5803,System_B_TwoStageOffBanner,76
5804,System_B_TwoStageOffBanner,41
5805,System_B_TwoStageOffBanner,35
5806,System_B_TwoStageOffBanner,76
5807,System_B_TwoStageOffBanner,77
5808,System_B_TwoStageOffBanner,10
5809,System_B_TwoStageOffBanner,81
5810,System_B_TwoStageOffBanner,149
5811,System_B_TwoStageOffBanner,82
5812,System_B_TwoStageOffBanner,114
5813,System_B_TwoStageOffBanner,76
5814,System_B_TwoStageOffBanner,117
5815,System_B_TwoStageOffBanner,159
5816,System_B_TwoStageOffBanner,83
5817,System_B_TwoStageOffBanner,81
5818,System_B_TwoStageOffBanner,70
5819,System_B_TwoStageOffBanner,159
5820,System_B_TwoStageOffBanner,80
5821,System_B_TwoStageOffBanner,77
5822,System_B_TwoStageOffBanner,80
5823,System_B_TwoStageOffBanner,150
5824,System_B_TwoStageOffBanner,81
5825,System_B_TwoStageOffBanner,155
5826,System_B_TwoStageOffBanner,79
5827,System_B_TwoStageOffBanner,101
5828,System_B_TwoStageOffBanner,76
5829,System_B_TwoStageOffBanner,85
5830,System_B_TwoStageOffBanner,151
5831,System_B_TwoStageOffBanner,79
5832,System_B_TwoStageOffBanner,29
5833,System_B_TwoStageOffBanner,9
5834,System_B_TwoStageOffBanner,82
5835,System_B_TwoStageOffBanner,77
5836,System_B_TwoStageOffBanner,130
5837,System_B_TwoStageOffBanner,76
5838,System_B_TwoStageOffBanner,154
5839,System_B_TwoStageOffBanner,105
5840,System_B_TwoStageOffBanner,131
5841,System_B_TwoStageOffBanner,68
5842,System_B_TwoStageOffBanner,47
5843,System_B_TwoStageOffBanner,79
5844,System_B_TwoStageOffBanner,76
5845,System_B_TwoStageOffBanner,152
5846,System_B_TwoStageOffBanner,75
5847,System_B_TwoStageOffBanner,81
5848,System_B_TwoStageOffBanner,148
5849,System_B_TwoStageOffBanner,81
5850,System_B_TwoStageOffBanner,119
5851,System_B_TwoStageOffBanner,80
5852,System_B_TwoStageOffBanner,93
5853,System_B_TwoStageOffBanner,79
5854,System_B_TwoStageOffBanner,155
5855,System_B_TwoStageOffBanner,39
5856,System_B_TwoStageOffBanner,11
5857,System_B_TwoStageOffBanner,75
5858,System_B_TwoStageOffBanner,80
5859,System_B_TwoStageOffBanner,152
5860,System_B_TwoStageOffBanner,77
5861,System_B_TwoStageOffBanner,95
5862,System_B_TwoStageOffBanner,115
5863,System_B_TwoStageOffBanner,159
5864,System_B_TwoStageOffBanner,82
5865,System_B_TwoStageOffBanner,12
5866,System_B_TwoStageOffBanner,153
5867,System_B_TwoStageOffBanner,137
5868,System_B_TwoStageOffBanner,36
5869,System_B_TwoStageOffBanner,19
5870,System_B_TwoStageOffBanner,92
5871,System_B_TwoStageOffBanner,79
5872,System_B_TwoStageOffBanner,159
5873,System_B_TwoStageOffBanner,3
5874,System_B_TwoStageOffBanner,80
5875,System_B_TwoStageOffBanner,79
5876,System_B_TwoStageOffBanner,78
5877,System_B_TwoStageOffBanner,83
5878,System_B_TwoStageOffBanner,17
5879,System_B_TwoStageOffBanner,104
5880,System_B_TwoStageOffBanner,62
5881,System_B_TwoStageOffBanner,156
5882,System_B_TwoStageOffBanner,53
5883,System_B_TwoStageOffBanner,67
5884,System_B_TwoStageOffBanner,74
5885,System_B_TwoStageOffBanner,79
5886,System_B_TwoStageOffBanner,157
5887,System_B_TwoStageOffBanner,48
5888,System_B_TwoStageOffBanner,38
5889,System_B_TwoStageOffBanner,158
5890,System_B_TwoStageOffBanner,75
5891,System_B_TwoStageOffBanner,77
5892,System_B_TwoStageOffBanner,159
5893,System_B_TwoStageOffBanner,76
5894,System_B_TwoStageOffBanner,144
5895,System_B_TwoStageOffBanner,77
5896,System_B_TwoStageOffBanner,52
5897,System_B_TwoStageOffBanner,161
5898,System_B_TwoStageOffBanner,76
5899,System_B_TwoStageOffBanner,75
5900,System_B_TwoStageOffBanner,80
5901,System_B_TwoStageOffBanner,76
5902,System_B_TwoStageOffBanner,95
5903,System_B_TwoStageOffBanner,125
5904,System_B_TwoStageOffBanner,79
5905,System_B_TwoStageOffBanner,156
5906,System_B_TwoStageOffBanner,100
5907,System_B_TwoStageOffBanner,22
5908,System_B_TwoStageOffBanner,5
5909,System_B_TwoStageOffBanner,87
5910,System_B_TwoStageOffBanner,75
5911,System_B_TwoStageOffBanner,155
5912,System_B_TwoStageOffBanner,76
5913,System_B_TwoStageOffBanner,77
5914,System_B_TwoStageOffBanner,21
5915,System_B_TwoStageOffBanner,83
5916,System_B_TwoStageOffBanner,151
5917,System_B_TwoStageOffBanner,80
5918,System_B_TwoStageOffBanner,161
5919,System_B_TwoStageOffBanner,80
5920,System_B_TwoStageOffBanner,81
5921,System_B_TwoStageOffBanner,108
5922,System_B_TwoStageOffBanner,151
5923,System_B_TwoStageOffBanner,80
5924,System_B_TwoStageOffBanner,75
5925,System_B_TwoStageOffBanner,109
5926,System_B_TwoStageOffBanner,74
5927,System_B_TwoStageOffBanner,156
5928,System_B_TwoStageOffBanner,151
5929,System_B_TwoStageOffBanner,76
5930,System_B_TwoStageOffBanner,67
5931,System_B_TwoStageOffBanner,100
5932,System_B_TwoStageOffBanner,75
5933,System_B_TwoStageOffBanner,149
5934,System_B_TwoStageOffBanner,83
5935,System_B_TwoStageOffBanner,76
5936,System_B_TwoStageOffBanner,2
5937,System_B_TwoStageOffBanner,15
5938,System_B_TwoStageOffBanner,43
5939,System_B_TwoStageOffBanner,150
5940,System_B_TwoStageOffBanner,77
5941,System_B_TwoStageOffBanner,61
5942,System_B_TwoStageOffBanner,16
5943,System_B_TwoStageOffBanner,161
5944,System_B_TwoStageOffBanner,81
5945,System_B_TwoStageOffBanner,77
5946,System_B_TwoStageOffBanner,116
5947,System_B_TwoStageOffBanner,152
5948,System_B_TwoStageOffBanner,81
5949,System_B_TwoStageOffBanner,151
5950,System_B_TwoStageOffBanner,115
5951,System_B_TwoStageOffBanner,77
5952,System_B_TwoStageOffBanner,80
5953,System_B_TwoStageOffBanner,63
5954,System_B_TwoStageOffBanner,76
5955,System_B_TwoStageOffBanner,153
5956,System_B_TwoStageOffBanner,157
5957,System_B_TwoStageOffBanner,106
5958,System_B_TwoStageOffBanner,152
5959,System_B_TwoStageOffBanner,83
5960,System_B_TwoStageOffBanner,39
5961,System_B_TwoStageOffBanner,117
5962,System_B_TwoStageOffBanner,93
5963,System_B_TwoStageOffBanner,141
5964,System_B_TwoStageOffBanner,77
5965,System_B_TwoStageOffBanner,158
5966,System_B_TwoStageOffBanner,77
5967,System_B_TwoStageOffBanner,77
5968,System_B_TwoStageOffBanner,123
5969,System_B_TwoStageOffBanner,109
5970,System_B_TwoStageOffBanner,93
5971,System_B_TwoStageOffBanner,65
5972,System_B_TwoStageOffBanner,159
5973,System_B_TwoStageOffBanner,77
5974,System_B_TwoStageOffBanner,75
5975,System_B_TwoStageOffBanner,40
5976,System_B_TwoStageOffBanner,2
5977,System_B_TwoStageOffBanner,95
5978,System_B_TwoStageOffBanner,78
5979,System_B_TwoStageOffBanner,159
5980,System_B_TwoStageOffBanner,78
5981,System_B_TwoStageOffBanner,150
5982,System_B_TwoStageOffBanner,130
5983,System_B_TwoStageOffBanner,155
5984,System_B_TwoStageOffBanner,71
5985,System_B_TwoStageOffBanner,80
5986,System_B_TwoStageOffBanner,77
5987,System_B_TwoStageOffBanner,75
5988,System_B_TwoStageOffBanner,76
5989,System_B_TwoStageOffBanner,156
5990,System_B_TwoStageOffBanner,111
5991,System_B_TwoStageOffBanner,106
5992,System_B_TwoStageOffBanner,79
5993,System_B_TwoStageOffBanner,76
5994,System_B_TwoStageOffBanner,92
5995,System_B_TwoStageOffBanner,18
5996,System_B_TwoStageOffBanner,150
5997,System_B_TwoStageOffBanner,76
5998,System_B_TwoStageOffBanner,82
5999,System_B_TwoStageOffBanner,111
6000,System_B_TwoStageOffBanner,84
6001,System_B_TwoStageOffBanner,76
6002,System_B_TwoStageOffBanner,76
6003,System_B_TwoStageOffBanner,80
6004,System_B_TwoStageOffBanner,44
6005,System_B_TwoStageOffBanner,154
6006,System_B_TwoStageOffBanner,27
6007,System_B_TwoStageOffBanner,154
6008,System_B_TwoStageOffBanner,76
6009,System_B_TwoStageOffBanner,164
6010,System_B_TwoStageOffBanner,78
6011,System_B_TwoStageOffBanner,105
6012,System_B_TwoStageOffBanner,77
6013,System_B_TwoStageOffBanner,108
6014,System_B_TwoStageOffBanner,78
6015,System_B_TwoStageOffBanner,14
6016,System_B_TwoStageOffBanner,80
6017,System_B_TwoStageOffBanner,150
6018,System_B_TwoStageOffBanner,154
6019,System_B_TwoStageOffBanner,150
6020,System_B_TwoStageOffBanner,81
6021,System_B_TwoStageOffBanner,153
6022,System_B_TwoStageOffBanner,78
6023,System_B_TwoStageOffBanner,59
6024,System_B_TwoStageOffBanner,157
6025,System_B_TwoStageOffBanner,127
6026,System_B_TwoStageOffBanner,67
6027,System_B_TwoStageOffBanner,74
6028,System_B_TwoStageOffBanner,120
6029,System_B_TwoStageOffBanner,16
6030,System_B_TwoStageOffBanner,80
6031,System_B_TwoStageOffBanner,54
6032,System_B_TwoStageOffBanner,97
6033,System_B_TwoStageOffBanner,78
6034,System_B_TwoStageOffBanner,80
6035,System_B_TwoStageOffBanner,73
6036,System_B_TwoStageOffBanner,117
6037,System_B_TwoStageOffBanner,83
6038,System_B_TwoStageOffBanner,108
6039,System_B_TwoStageOffBanner,160
6040,System_B_TwoStageOffBanner,151
6041,System_B_TwoStageOffBanner,125
6042,System_B_TwoStageOffBanner,152
6043,System_B_TwoStageOffBanner,1
6044,System_B_TwoStageOffBanner,108
6045,System_B_TwoStageOffBanner,30
6046,System_B_TwoStageOffBanner,77
6047,System_B_TwoStageOffBanner,5
6048,System_B_TwoStageOffBanner,49
6049,System_B_TwoStageOffBanner,15
6050,System_B_TwoStageOffBanner,78
6051,System_B_TwoStageOffBanner,20
6052,System_B_TwoStageOffBanner,23
6053,System_B_TwoStageOffBanner,110
6054,System_B_TwoStageOffBanner,117
6055,System_B_TwoStageOffBanner,80
6056,System_B_TwoStageOffBanner,44
6057,System_B_TwoStageOffBanner,78
6058,System_B_TwoStageOffBanner,81
6059,System_B_TwoStageOffBanner,76
6060,System_B_TwoStageOffBanner,157
6061,System_B_TwoStageOffBanner,20
6062,System_B_TwoStageOffBanner,78
6063,System_B_TwoStageOffBanner,124
6064,System_B_TwoStageOffBanner,151
6065,System_B_TwoStageOffBanner,153
6066,System_B_TwoStageOffBanner,109
6067,System_B_TwoStageOffBanner,76
6068,System_B_TwoStageOffBanner,155
6069,System_B_TwoStageOffBanner,77
6070,System_B_TwoStageOffBanner,156
6071,System_B_TwoStageOffBanner,151
6072,System_B_TwoStageOffBanner,151
6073,System_B_TwoStageOffBanner,77
6074,System_B_TwoStageOffBanner,159
6075,System_B_TwoStageOffBanner,17
6076,System_B_TwoStageOffBanner,64
6077,System_B_TwoStageOffBanner,158
6078,System_B_TwoStageOffBanner,32
6079,System_B_TwoStageOffBanner,80
6080,System_B_TwoStageOffBanner,120
6081,System_B_TwoStageOffBanner,48
6082,System_B_TwoStageOffBanner,40
6083,System_B_TwoStageOffBanner,157
6084,System_B_TwoStageOffBanner,76
6085,System_B_TwoStageOffBanner,108
6086,System_B_TwoStageOffBanner,59
6087,System_B_TwoStageOffBanner,80
6088,System_B_TwoStageOffBanner,152
6089,System_B_TwoStageOffBanner,76
6090,System_B_TwoStageOffBanner,78
6091,System_B_TwoStageOffBanner,153
6092,System_B_TwoStageOffBanner,152
6093,System_B_TwoStageOffBanner,131
6094,System_B_TwoStageOffBanner,79
6095,System_B_TwoStageOffBanner,83
6096,System_B_TwoStageOffBanner,82
6097,System_B_TwoStageOffBanner,62
6098,System_B_TwoStageOffBanner,76
6099,System_B_TwoStageOffBanner,4
6100,System_B_TwoStageOffBanner,49
6101,System_B_TwoStageOffBanner,8
6102,System_B_TwoStageOffBanner,160
6103,System_B_TwoStageOffBanner,113
6104,System_B_TwoStageOffBanner,27
6105,System_B_TwoStageOffBanner,77
6106,System_B_TwoStageOffBanner,75
6107,System_B_TwoStageOffBanner,158
6108,System_B_TwoStageOffBanner,78
6109,System_B_TwoStageOffBanner,58
6110,System_B_TwoStageOffBanner,77
6111,System_B_TwoStageOffBanner,77
6112,System_B_TwoStageOffBanner,159
6113,System_B_TwoStageOffBanner,80
6114,System_B_TwoStageOffBanner,153
6115,System_B_TwoStageOffBanner,154
6116,System_B_TwoStageOffBanner,51
6117,System_B_TwoStageOffBanner,145
6118,System_B_TwoStageOffBanner,85
6119,System_B_TwoStageOffBanner,49
6120,System_B_TwoStageOffBanner,160
6121,System_B_TwoStageOffBanner,76
6122,System_B_TwoStageOffBanner,77
6123,System_B_TwoStageOffBanner,76
6124,System_B_TwoStageOffBanner,158
6125,System_B_TwoStageOffBanner,79
6126,System_B_TwoStageOffBanner,133
6127,System_B_TwoStageOffBanner,79
6128,System_B_TwoStageOffBanner,14
6129,System_B_TwoStageOffBanner,154
6130,System_B_TwoStageOffBanner,161
6131,System_B_TwoStageOffBanner,79
6132,System_B_TwoStageOffBanner,82
6133,System_B_TwoStageOffBanner,32
6134,System_B_TwoStageOffBanner,77
6135,System_B_TwoStageOffBanner,116
6136,System_B_TwoStageOffBanner,140
6137,System_B_TwoStageOffBanner,74
6138,System_B_TwoStageOffBanner,153
6139,System_B_TwoStageOffBanner,61
6140,System_B_TwoStageOffBanner,69
6141,System_B_TwoStageOffBanner,128
6142,System_B_TwoStageOffBanner,83
6143,System_B_TwoStageOffBanner,65
6144,System_B_TwoStageOffBanner,81
6145,System_B_TwoStageOffBanner,77
6146,System_B_TwoStageOffBanner,25
6147,System_B_TwoStageOffBanner,100
6148,System_B_TwoStageOffBanner,78
6149,System_B_TwoStageOffBanner,76
6150,System_B_TwoStageOffBanner,4
6151,System_B_TwoStageOffBanner,81
6152,System_B_TwoStageOffBanner,75
6153,System_B_TwoStageOffBanner,140
6154,System_B_TwoStageOffBanner,36
6155,System_B_TwoStageOffBanner,86
6156,System_B_TwoStageOffBanner,76
6157,System_B_TwoStageOffBanner,79
6158,System_B_TwoStageOffBanner,42
6159,System_B_TwoStageOffBanner,77
6160,System_B_TwoStageOffBanner,33
6161,System_B_TwoStageOffBanner,75
6162,System_B_TwoStageOffBanner,116
6163,System_B_TwoStageOffBanner,12
6164,System_B_TwoStageOffBanner,156
6165,System_B_TwoStageOffBanner,105
6166,System_B_TwoStageOffBanner,155
6167,System_B_TwoStageOffBanner,78
6168,System_B_TwoStageOffBanner,76
6169,System_B_TwoStageOffBanner,77
6170,System_B_TwoStageOffBanner,82
6171,System_B_TwoStageOffBanner,82
6172,System_B_TwoStageOffBanner,79
6173,System_B_TwoStageOffBanner,157
6174,System_B_TwoStageOffBanner,149
6175,System_B_TwoStageOffBanner,113
6176,System_B_TwoStageOffBanner,101
6177,System_B_TwoStageOffBanner,74
6178,System_B_TwoStageOffBanner,154
6179,System_B_TwoStageOffBanner,154
6180,System_B_TwoStageOffBanner,77
6181,System_B_TwoStageOffBanner,154
6182,System_B_TwoStageOffBanner,80
6183,System_B_TwoStageOffBanner,115
6184,System_B_TwoStageOffBanner,150
6185,System_B_TwoStageOffBanner,151
6186,System_B_TwoStageOffBanner,77
6187,System_B_TwoStageOffBanner,75
6188,System_B_TwoStageOffBanner,78
6189,System_B_TwoStageOffBanner,159
6190,System_B_TwoStageOffBanner,157
6191,System_B_TwoStageOffBanner,56
6192,System_B_TwoStageOffBanner,80
6193,System_B_TwoStageOffBanner,102
6194,System_B_TwoStageOffBanner,159
6195,System_B_TwoStageOffBanner,159
6196,System_B_TwoStageOffBanner,16
6197,System_B_TwoStageOffBanner,90
6198,System_B_TwoStageOffBanner,81
6199,System_B_TwoStageOffBanner,152
6200,System_B_TwoStageOffBanner,128
6201,System_B_TwoStageOffBanner,53
6202,System_B_TwoStageOffBanner,80
6203,System_B_TwoStageOffBanner,53
6204,System_B_TwoStageOffBanner,32
6205,System_B_TwoStageOffBanner,22
6206,System_B_TwoStageOffBanner,137
6207,System_B_TwoStageOffBanner,152
6208,System_B_TwoStageOffBanner,11
6209,System_B_TwoStageOffBanner,75
6210,System_B_TwoStageOffBanner,94
6211,System_B_TwoStageOffBanner,40
6212,System_B_TwoStageOffBanner,159
6213,System_B_TwoStageOffBanner,90
6214,System_B_TwoStageOffBanner,159
6215,System_B_TwoStageOffBanner,77
6216,System_B_TwoStageOffBanner,158
6217,System_B_TwoStageOffBanner,153
6218,System_B_TwoStageOffBanner,94
6219,System_B_TwoStageOffBanner,103
6220,System_B_TwoStageOffBanner,20
6221,System_B_TwoStageOffBanner,154
6222,System_B_TwoStageOffBanner,78
6223,System_B_TwoStageOffBanner,110
6224,System_B_TwoStageOffBanner,81
6225,System_B_TwoStageOffBanner,82
6226,System_B_TwoStageOffBanner,104
6227,System_B_TwoStageOffBanner,79
6228,System_B_TwoStageOffBanner,23
6229,System_B_TwoStageOffBanner,35
6230,System_B_TwoStageOffBanner,157
6231,System_B_TwoStageOffBanner,79
6232,System_B_TwoStageOffBanner,157
6233,System_B_TwoStageOffBanner,66
6234,System_B_TwoStageOffBanner,92
6235,System_B_TwoStageOffBanner,159
6236,System_B_TwoStageOffBanner,18
6237,System_B_TwoStageOffBanner,81
6238,System_B_TwoStageOffBanner,149
6239,System_B_TwoStageOffBanner,151
6240,System_B_TwoStageOffBanner,52
6241,System_B_TwoStageOffBanner,151
6242,System_B_TwoStageOffBanner,44
6243,System_B_TwoStageOffBanner,107
6244,System_B_TwoStageOffBanner,73
6245,System_B_TwoStageOffBanner,75
6246,System_B_TwoStageOffBanner,81
6247,System_B_TwoStageOffBanner,10
6248,System_B_TwoStageOffBanner,83
6249,System_B_TwoStageOffBanner,151
6250,System_B_TwoStageOffBanner,77
6251,System_B_TwoStageOffBanner,165
6252,System_B_TwoStageOffBanner,152
6253,System_B_TwoStageOffBanner,79
6254,System_B_TwoStageOffBanner,83
6255,System_B_TwoStageOffBanner,151
6256,System_B_TwoStageOffBanner,75
6257,System_B_TwoStageOffBanner,127
6258,System_B_TwoStageOffBanner,58
6259,System_B_TwoStageOffBanner,155
6260,System_B_TwoStageOffBanner,154
6261,System_B_TwoStageOffBanner,34
6262,System_B_TwoStageOffBanner,156
6263,System_B_TwoStageOffBanner,130
6264,System_B_TwoStageOffBanner,162
6265,System_B_TwoStageOffBanner,51
6266,System_B_TwoStageOffBanner,79
6267,System_B_TwoStageOffBanner,100
6268,System_B_TwoStageOffBanner,76
6269,System_B_TwoStageOffBanner,64
6270,System_B_TwoStageOffBanner,127
6271,System_B_TwoStageOffBanner,96
6272,System_B_TwoStageOffBanner,75
6273,System_B_TwoStageOffBanner,76
6274,System_B_TwoStageOffBanner,75
6275,System_B_TwoStageOffBanner,155
6276,System_B_TwoStageOffBanner,114
6277,System_B_TwoStageOffBanner,139
6278,System_B_TwoStageOffBanner,42
6279,System_B_TwoStageOffBanner,99
6280,System_B_TwoStageOffBanner,48
6281,System_B_TwoStageOffBanner,39
6282,System_B_TwoStageOffBanner,77
6283,System_B_TwoStageOffBanner,22
6284,System_B_TwoStageOffBanner,80
6285,System_B_TwoStageOffBanner,79
6286,System_B_TwoStageOffBanner,161
6287,System_B_TwoStageOffBanner,52
6288,System_B_TwoStageOffBanner,156
6289,System_B_TwoStageOffBanner,87
6290,System_B_TwoStageOffBanner,74
6291,System_B_TwoStageOffBanner,79
6292,System_B_TwoStageOffBanner,84
6293,System_B_TwoStageOffBanner,82
6294,System_B_TwoStageOffBanner,139
6295,System_B_TwoStageOffBanner,80
6296,System_B_TwoStageOffBanner,155
6297,System_B_TwoStageOffBanner,154
6298,System_B_TwoStageOffBanner,78
6299,System_B_TwoStageOffBanner,21
6300,System_B_TwoStageOffBanner,144
6301,System_B_TwoStageOffBanner,156
6302,System_B_TwoStageOffBanner,123
6303,System_B_TwoStageOffBanner,79
6304,System_B_TwoStageOffBanner,76
6305,System_B_TwoStageOffBanner,80
6306,System_B_TwoStageOffBanner,29
6307,System_B_TwoStageOffBanner,81
6308,System_B_TwoStageOffBanner,158
6309,System_B_TwoStageOffBanner,95
6310,System_B_TwoStageOffBanner,71
6311,System_B_TwoStageOffBanner,77
6312,System_B_TwoStageOffBanner,82
6313,System_B_TwoStageOffBanner,105
6314,System_B_TwoStageOffBanner,30
6315,System_B_TwoStageOffBanner,155
6316,System_B_TwoStageOffBanner,125
6317,System_B_TwoStageOffBanner,80
6318,System_B_TwoStageOffBanner,78
6319,System_B_TwoStageOffBanner,132
6320,System_B_TwoStageOffBanner,77
6321,System_B_TwoStageOffBanner,3
6322,System_B_TwoStageOffBanner,40
6323,System_B_TwoStageOffBanner,148
6324,System_B_TwoStageOffBanner,78
6325,System_B_TwoStageOffBanner,159
6326,System_B_TwoStageOffBanner,78
6327,System_B_TwoStageOffBanner,82
6328,System_B_TwoStageOffBanner,161
6329,System_B_TwoStageOffBanner,80
6330,System_B_TwoStageOffBanner,157
6331,System_B_TwoStageOffBanner,111
6332,System_B_TwoStageOffBanner,126
6333,System_B_TwoStageOffBanner,80
6334,System_B_TwoStageOffBanner,113
6335,System_B_TwoStageOffBanner,82
6336,System_B_TwoStageOffBanner,72
6337,System_B_TwoStageOffBanner,17
6338,System_B_TwoStageOffBanner,74
6339,System_B_TwoStageOffBanner,84
6340,System_B_TwoStageOffBanner,75
6341,System_B_TwoStageOffBanner,134
6342,System_B_TwoStageOffBanner,159
6343,System_B_TwoStageOffBanner,77
6344,System_B_TwoStageOffBanner,82
6345,System_B_TwoStageOffBanner,154
6346,System_B_TwoStageOffBanner,75
6347,System_B_TwoStageOffBanner,37
6348,System_B_TwoStageOffBanner,158
6349,System_B_TwoStageOffBanner,81
6350,System_B_TwoStageOffBanner,151
6351,System_B_TwoStageOffBanner,78
6352,System_B_TwoStageOffBanner,155
6353,System_B_TwoStageOffBanner,78
6354,System_B_TwoStageOffBanner,153
6355,System_B_TwoStageOffBanner,81
6356,System_B_TwoStageOffBanner,54
6357,System_B_TwoStageOffBanner,78
6358,System_B_TwoStageOffBanner,75
6359,System_B_TwoStageOffBanner,23
6360,System_B_TwoStageOffBanner,80
6361,System_B_TwoStageOffBanner,9
6362,System_B_TwoStageOffBanner,80
6363,System_B_TwoStageOffBanner,95
6364,System_B_TwoStageOffBanner,80
6365,System_B_TwoStageOffBanner,60
6366,System_B_TwoStageOffBanner,38
6367,System_B_TwoStageOffBanner,79
6368,System_B_TwoStageOffBanner,76
6369,System_B_TwoStageOffBanner,79
6370,System_B_TwoStageOffBanner,75
6371,System_B_TwoStageOffBanner,152
6372,System_B_TwoStageOffBanner,150
6373,System_B_TwoStageOffBanner,81
6374,System_B_TwoStageOffBanner,154
6375,System_B_TwoStageOffBanner,17
6376,System_B_TwoStageOffBanner,25
6377,System_B_TwoStageOffBanner,155
6378,System_B_TwoStageOffBanner,116
6379,System_B_TwoStageOffBanner,74
6380,System_B_TwoStageOffBanner,75
6381,System_B_TwoStageOffBanner,157
6382,System_B_TwoStageOffBanner,162
6383,System_B_TwoStageOffBanner,57
6384,System_B_TwoStageOffBanner,150
6385,System_B_TwoStageOffBanner,118
6386,System_B_TwoStageOffBanner,158
6387,System_B_TwoStageOffBanner,13
6388,System_B_TwoStageOffBanner,8
6389,System_B_TwoStageOffBanner,153
6390,System_B_TwoStageOffBanner,76
6391,System_B_TwoStageOffBanner,132
6392,System_B_TwoStageOffBanner,156
6393,System_B_TwoStageOffBanner,140
6394,System_B_TwoStageOffBanner,138
6395,System_B_TwoStageOffBanner,153
6396,System_B_TwoStageOffBanner,76
6397,System_B_TwoStageOffBanner,76
6398,System_B_TwoStageOffBanner,93
6399,System_B_TwoStageOffBanner,47
6400,System_B_TwoStageOffBanner,78
6401,System_B_TwoStageOffBanner,81
6402,System_B_TwoStageOffBanner,75
6403,System_B_TwoStageOffBanner,67
6404,System_B_TwoStageOffBanner,159
6405,System_B_TwoStageOffBanner,99
6406,System_B_TwoStageOffBanner,77
6407,System_B_TwoStageOffBanner,118
6408,System_B_TwoStageOffBanner,49
6409,System_B_TwoStageOffBanner,78
6410,System_B_TwoStageOffBanner,77
6411,System_B_TwoStageOffBanner,90
6412,System_B_TwoStageOffBanner,82
6413,System_B_TwoStageOffBanner,80
6414,System_B_TwoStageOffBanner,47
6415,System_B_TwoStageOffBanner,88
6416,System_B_TwoStageOffBanner,37
6417,System_B_TwoStageOffBanner,78
6418,System_B_TwoStageOffBanner,72
6419,System_B_TwoStageOffBanner,27
6420,System_B_TwoStageOffBanner,68
6421,System_B_TwoStageOffBanner,74
6422,System_B_TwoStageOffBanner,80
6423,System_B_TwoStageOffBanner,64
6424,System_B_TwoStageOffBanner,163
6425,System_B_TwoStageOffBanner,152
6426,System_B_TwoStageOffBanner,78
6427,System_B_TwoStageOffBanner,151
6428,System_B_TwoStageOffBanner,160
6429,System_B_TwoStageOffBanner,7
6430,System_B_TwoStageOffBanner,93
6431,System_B_TwoStageOffBanner,149
6432,System_B_TwoStageOffBanner,70
6433,System_B_TwoStageOffBanner,95
6434,System_B_TwoStageOffBanner,154
6435,System_B_TwoStageOffBanner,78
6436,System_B_TwoStageOffBanner,14
6437,System_B_TwoStageOffBanner,78
6438,System_B_TwoStageOffBanner,75
6439,System_B_TwoStageOffBanner,74
6440,System_B_TwoStageOffBanner,132
6441,System_B_TwoStageOffBanner,82
6442,System_B_TwoStageOffBanner,99
6443,System_B_TwoStageOffBanner,160
6444,System_B_TwoStageOffBanner,77
6445,System_B_TwoStageOffBanner,67
6446,System_B_TwoStageOffBanner,153
6447,System_B_TwoStageOffBanner,78
6448,System_B_TwoStageOffBanner,77
6449,System_B_TwoStageOffBanner,80
6450,System_B_TwoStageOffBanner,149
6451,System_B_TwoStageOffBanner,115
6452,System_B_TwoStageOffBanner,146
6453,System_B_TwoStageOffBanner,159
6454,System_B_TwoStageOffBanner,92
6455,System_B_TwoStageOffBanner,10
6456,System_B_TwoStageOffBanner,118
6457,System_B_TwoStageOffBanner,48
6458,System_B_TwoStageOffBanner,81
6459,System_B_TwoStageOffBanner,77
6460,System_B_TwoStageOffBanner,137
6461,System_B_TwoStageOffBanner,95
6462,System_B_TwoStageOffBanner,78
6463,System_B_TwoStageOffBanner,155
6464,System_B_TwoStageOffBanner,23
6465,System_B_TwoStageOffBanner,155
6466,System_B_TwoStageOffBanner,83
6467,System_B_TwoStageOffBanner,28
6468,System_B_TwoStageOffBanner,40
6469,System_B_TwoStageOffBanner,79
6470,System_B_TwoStageOffBanner,75
6471,System_B_TwoStageOffBanner,79
6472,System_B_TwoStageOffBanner,62
6473,System_B_TwoStageOffBanner,152
6474,System_B_TwoStageOffBanner,78
6475,System_B_TwoStageOffBanner,78
6476,System_B_TwoStageOffBanner,151
6477,System_B_TwoStageOffBanner,79
6478,System_B_TwoStageOffBanner,78
6479,System_B_TwoStageOffBanner,120
6480,System_B_TwoStageOffBanner,78
6481,System_B_TwoStageOffBanner,154
6482,System_B_TwoStageOffBanner,77
6483,System_B_TwoStageOffBanner,76
6484,System_B_TwoStageOffBanner,112
6485,System_B_TwoStageOffBanner,80
6486,System_B_TwoStageOffBanner,90
6487,System_B_TwoStageOffBanner,76
6488,System_B_TwoStageOffBanner,74
6489,System_B_TwoStageOffBanner,75
6490,System_B_TwoStageOffBanner,54
6491,System_B_TwoStageOffBanner,79
6492,System_B_TwoStageOffBanner,151
6493,System_B_TwoStageOffBanner,77
6494,System_B_TwoStageOffBanner,153
6495,System_B_TwoStageOffBanner,77
6496,System_B_TwoStageOffBanner,98
6497,System_B_TwoStageOffBanner,78
6498,System_B_TwoStageOffBanner,117
6499,System_B_TwoStageOffBanner,137
6500,System_B_TwoStageOffBanner,24
6501,System_B_TwoStageOffBanner,90
6502,System_B_TwoStageOffBanner,49
6503,System_B_TwoStageOffBanner,80
6504,System_B_TwoStageOffBanner,116
6505,System_B_TwoStageOffBanner,78
6506,System_B_TwoStageOffBanner,68
6507,System_B_TwoStageOffBanner,152
6508,System_B_TwoStageOffBanner,104
6509,System_B_TwoStageOffBanner,78
6510,System_B_TwoStageOffBanner,33
6511,System_B_TwoStageOffBanner,89
6512,System_B_TwoStageOffBanner,152
6513,System_B_TwoStageOffBanner,85
6514,System_B_TwoStageOffBanner,157
6515,System_B_TwoStageOffBanner,144
6516,System_B_TwoStageOffBanner,14
6517,System_B_TwoStageOffBanner,34
6518,System_B_TwoStageOffBanner,101
6519,System_B_TwoStageOffBanner,132
6520,System_B_TwoStageOffBanner,79
6521,System_B_TwoStageOffBanner,80
6522,System_B_TwoStageOffBanner,105
6523,System_B_TwoStageOffBanner,75
6524,System_B_TwoStageOffBanner,76
6525,System_B_TwoStageOffBanner,157
6526,System_B_TwoStageOffBanner,109
6527,System_B_TwoStageOffBanner,156
6528,System_B_TwoStageOffBanner,79
6529,System_B_TwoStageOffBanner,157
6530,System_B_TwoStageOffBanner,72
6531,System_B_TwoStageOffBanner,153
6532,System_B_TwoStageOffBanner,132
6533,System_B_TwoStageOffBanner,74
6534,System_B_TwoStageOffBanner,151
6535,System_B_TwoStageOffBanner,86
6536,System_B_TwoStageOffBanner,75
6537,System_B_TwoStageOffBanner,77
6538,System_B_TwoStageOffBanner,152
6539,System_B_TwoStageOffBanner,81
6540,System_B_TwoStageOffBanner,20
6541,System_B_TwoStageOffBanner,40
6542,System_B_TwoStageOffBanner,85
6543,System_B_TwoStageOffBanner,158
6544,System_B_TwoStageOffBanner,82
6545,System_B_TwoStageOffBanner,38
6546,System_B_TwoStageOffBanner,75
6547,System_B_TwoStageOffBanner,104
6548,System_B_TwoStageOffBanner,113
6549,System_B_TwoStageOffBanner,161
6550,System_B_TwoStageOffBanner,53
6551,System_B_TwoStageOffBanner,77
6552,System_B_TwoStageOffBanner,80
6553,System_B_TwoStageOffBanner,76
6554,System_B_TwoStageOffBanner,35
6555,System_B_TwoStageOffBanner,79
6556,System_B_TwoStageOffBanner,40
6557,System_B_TwoStageOffBanner,110
6558,System_B_TwoStageOffBanner,79
6559,System_B_TwoStageOffBanner,32
6560,System_B_TwoStageOffBanner,78
6561,System_B_TwoStageOffBanner,154
6562,System_B_TwoStageOffBanner,9
6563,System_B_TwoStageOffBanner,102
6564,System_B_TwoStageOffBanner,150
6565,System_B_TwoStageOffBanner,150
6566,System_B_TwoStageOffBanner,46
6567,System_B_TwoStageOffBanner,79
6568,System_B_TwoStageOffBanner,81
6569,System_B_TwoStageOffBanner,77
6570,System_B_TwoStageOffBanner,119
6571,System_B_TwoStageOffBanner,158
6572,System_B_TwoStageOffBanner,75
6573,System_B_TwoStageOffBanner,101
6574,System_B_TwoStageOffBanner,55
6575,System_B_TwoStageOffBanner,153
6576,System_B_TwoStageOffBanner,54
6577,System_B_TwoStageOffBanner,151
6578,System_B_TwoStageOffBanner,158
6579,System_B_TwoStageOffBanner,75
6580,System_B_TwoStageOffBanner,158
6581,System_B_TwoStageOffBanner,152
6582,System_B_TwoStageOffBanner,61
6583,System_B_TwoStageOffBanner,74
6584,System_B_TwoStageOffBanner,25
6585,System_B_TwoStageOffBanner,77
6586,System_B_TwoStageOffBanner,160
6587,System_B_TwoStageOffBanner,1
6588,System_B_TwoStageOffBanner,18
6589,System_B_TwoStageOffBanner,108
6590,System_B_TwoStageOffBanner,80
6591,System_B_TwoStageOffBanner,80
6592,System_B_TwoStageOffBanner,156
6593,System_B_TwoStageOffBanner,151
6594,System_B_TwoStageOffBanner,77
6595,System_B_TwoStageOffBanner,77
6596,System_B_TwoStageOffBanner,30
6597,System_B_TwoStageOffBanner,123
6598,System_B_TwoStageOffBanner,76
6599,System_B_TwoStageOffBanner,91
6600,System_B_TwoStageOffBanner,75
6601,System_B_TwoStageOffBanner,118
6602,System_B_TwoStageOffBanner,29
6603,System_B_TwoStageOffBanner,158
6604,System_B_TwoStageOffBanner,34
6605,System_B_TwoStageOffBanner,77
6606,System_B_TwoStageOffBanner,76
6607,System_B_TwoStageOffBanner,155
6608,System_B_TwoStageOffBanner,156
6609,System_B_TwoStageOffBanner,81
6610,System_B_TwoStageOffBanner,75
6611,System_B_TwoStageOffBanner,95
6612,System_B_TwoStageOffBanner,66
6613,System_B_TwoStageOffBanner,126
6614,System_B_TwoStageOffBanner,117
6615,System_B_TwoStageOffBanner,92
6616,System_B_TwoStageOffBanner,91
6617,System_B_TwoStageOffBanner,79
6618,System_B_TwoStageOffBanner,11
6619,System_B_TwoStageOffBanner,154
6620,System_B_TwoStageOffBanner,77
6621,System_B_TwoStageOffBanner,159
6622,System_B_TwoStageOffBanner,21
6623,System_B_TwoStageOffBanner,44
6624,System_B_TwoStageOffBanner,78
6625,System_B_TwoStageOffBanner,112
6626,System_B_TwoStageOffBanner,78
6627,System_B_TwoStageOffBanner,80
6628,System_B_TwoStageOffBanner,82
6629,System_B_TwoStageOffBanner,78
6630,System_B_TwoStageOffBanner,76
6631,System_B_TwoStageOffBanner,139
6632,System_B_TwoStageOffBanner,65
6633,System_B_TwoStageOffBanner,123
6634,System_B_TwoStageOffBanner,79
6635,System_B_TwoStageOffBanner,80
6636,System_B_TwoStageOffBanner,79
6637,System_B_TwoStageOffBanner,45
6638,System_B_TwoStageOffBanner,158
6639,System_B_TwoStageOffBanner,112
6640,System_B_TwoStageOffBanner,48
6641,System_B_TwoStageOffBanner,132
6642,System_B_TwoStageOffBanner,78
6643,System_B_TwoStageOffBanner,85
6644,System_B_TwoStageOffBanner,26
6645,System_B_TwoStageOffBanner,48
6646,System_B_TwoStageOffBanner,134
6647,System_B_TwoStageOffBanner,100
6648,System_B_TwoStageOffBanner,14
6649,System_B_TwoStageOffBanner,155
6650,System_B_TwoStageOffBanner,78
6651,System_B_TwoStageOffBanner,156
6652,System_B_TwoStageOffBanner,132
6653,System_B_TwoStageOffBanner,120
6654,System_B_TwoStageOffBanner,25
6655,System_B_TwoStageOffBanner,80
6656,System_B_TwoStageOffBanner,76
6657,System_B_TwoStageOffBanner,29
6658,System_B_TwoStageOffBanner,79
6659,System_B_TwoStageOffBanner,82
6660,System_B_TwoStageOffBanner,82
6661,System_B_TwoStageOffBanner,81
6662,System_B_TwoStageOffBanner,71
6663,System_B_TwoStageOffBanner,75
6664,System_B_TwoStageOffBanner,96
6665,System_B_TwoStageOffBanner,78
6666,System_B_TwoStageOffBanner,116
6667,System_B_TwoStageOffBanner,115
6668,System_B_TwoStageOffBanner,33
6669,System_B_TwoStageOffBanner,86
6670,System_B_TwoStageOffBanner,77
6671,System_B_TwoStageOffBanner,87
6672,System_B_TwoStageOffBanner,80
6673,System_B_TwoStageOffBanner,147
6674,System_B_TwoStageOffBanner,161
6675,System_B_TwoStageOffBanner,4
6676,System_B_TwoStageOffBanner,112
6677,System_B_TwoStageOffBanner,76
6678,System_B_TwoStageOffBanner,163
6679,System_B_TwoStageOffBanner,154
6680,System_B_TwoStageOffBanner,157
6681,System_B_TwoStageOffBanner,97
6682,System_B_TwoStageOffBanner,77
6683,System_B_TwoStageOffBanner,120
6684,System_B_TwoStageOffBanner,138
6685,System_B_TwoStageOffBanner,81
6686,System_B_TwoStageOffBanner,139
6687,System_B_TwoStageOffBanner,152
6688,System_B_TwoStageOffBanner,80
6689,System_B_TwoStageOffBanner,23
6690,System_B_TwoStageOffBanner,82
6691,System_B_TwoStageOffBanner,158
6692,System_B_TwoStageOffBanner,42
6693,System_B_TwoStageOffBanner,149
6694,System_B_TwoStageOffBanner,80
6695,System_B_TwoStageOffBanner,31
6696,System_B_TwoStageOffBanner,19
6697,System_B_TwoStageOffBanner,160
6698,System_B_TwoStageOffBanner,154
6699,System_B_TwoStageOffBanner,97
6700,System_B_TwoStageOffBanner,55
6701,System_B_TwoStageOffBanner,80
6702,System_B_TwoStageOffBanner,153
6703,System_B_TwoStageOffBanner,151
6704,System_B_TwoStageOffBanner,75
6705,System_B_TwoStageOffBanner,116
6706,System_B_TwoStageOffBanner,148
6707,System_B_TwoStageOffBanner,79
6708,System_B_TwoStageOffBanner,56
6709,System_B_TwoStageOffBanner,74
6710,System_B_TwoStageOffBanner,155
6711,System_B_TwoStageOffBanner,124
6712,System_B_TwoStageOffBanner,78
6713,System_B_TwoStageOffBanner,83
6714,System_B_TwoStageOffBanner,120
6715,System_B_TwoStageOffBanner,78
6716,System_B_TwoStageOffBanner,78
6717,System_B_TwoStageOffBanner,79
6718,System_B_TwoStageOffBanner,160
6719,System_B_TwoStageOffBanner,38
6720,System_B_TwoStageOffBanner,82
6721,System_B_TwoStageOffBanner,113
6722,System_B_TwoStageOffBanner,48
6723,System_B_TwoStageOffBanner,127
6724,System_B_TwoStageOffBanner,74
6725,System_B_TwoStageOffBanner,156
6726,System_B_TwoStageOffBanner,155
6727,System_B_TwoStageOffBanner,74
6728,System_B_TwoStageOffBanner,78
6729,System_B_TwoStageOffBanner,76
6730,System_B_TwoStageOffBanner,5
6731,System_B_TwoStageOffBanner,93
6732,System_B_TwoStageOffBanner,150
6733,System_B_TwoStageOffBanner,76
6734,System_B_TwoStageOffBanner,76
6735,System_B_TwoStageOffBanner,78
6736,System_B_TwoStageOffBanner,79
6737,System_B_TwoStageOffBanner,157
6738,System_B_TwoStageOffBanner,74
6739,System_B_TwoStageOffBanner,153
6740,System_B_TwoStageOffBanner,33
6741,System_B_TwoStageOffBanner,78
6742,System_B_TwoStageOffBanner,79
6743,System_B_TwoStageOffBanner,75
6744,System_B_TwoStageOffBanner,152
6745,System_B_TwoStageOffBanner,87
6746,System_B_TwoStageOffBanner,22
6747,System_B_TwoStageOffBanner,45
6748,System_B_TwoStageOffBanner,82
6749,System_B_TwoStageOffBanner,46
6750,System_B_TwoStageOffBanner,28
6751,System_B_TwoStageOffBanner,65
6752,System_B_TwoStageOffBanner,87
6753,System_B_TwoStageOffBanner,153
6754,System_B_TwoStageOffBanner,87
6755,System_B_TwoStageOffBanner,153
6756,System_B_TwoStageOffBanner,78
6757,System_B_TwoStageOffBanner,139
6758,System_B_TwoStageOffBanner,82
6759,System_B_TwoStageOffBanner,78
6760,System_B_TwoStageOffBanner,77
6761,System_B_TwoStageOffBanner,6
6762,System_B_TwoStageOffBanner,12
6763,System_B_TwoStageOffBanner,80
6764,System_B_TwoStageOffBanner,76
6765,System_B_TwoStageOffBanner,158
6766,System_B_TwoStageOffBanner,129
6767,System_B_TwoStageOffBanner,75
6768,System_B_TwoStageOffBanner,84
6769,System_B_TwoStageOffBanner,75
6770,System_B_TwoStageOffBanner,77
6771,System_B_TwoStageOffBanner,26
6772,System_B_TwoStageOffBanner,82
6773,System_B_TwoStageOffBanner,157
6774,System_B_TwoStageOffBanner,76
6775,System_B_TwoStageOffBanner,80
6776,System_B_TwoStageOffBanner,89
6777,System_B_TwoStageOffBanner,82
6778,System_B_TwoStageOffBanner,84
6779,System_B_TwoStageOffBanner,81
6780,System_B_TwoStageOffBanner,81
6781,System_B_TwoStageOffBanner,77
6782,System_B_TwoStageOffBanner,155
6783,System_B_TwoStageOffBanner,118
6784,System_B_TwoStageOffBanner,75
6785,System_B_TwoStageOffBanner,40
6786,System_B_TwoStageOffBanner,80
6787,System_B_TwoStageOffBanner,1
6788,System_B_TwoStageOffBanner,48
6789,System_B_TwoStageOffBanner,74
6790,System_B_TwoStageOffBanner,102
6791,System_B_TwoStageOffBanner,77
6792,System_B_TwoStageOffBanner,80
6793,System_B_TwoStageOffBanner,107
6794,System_B_TwoStageOffBanner,75
6795,System_B_TwoStageOffBanner,107
6796,System_B_TwoStageOffBanner,116
6797,System_B_TwoStageOffBanner,48
6798,System_B_TwoStageOffBanner,78
6799,System_B_TwoStageOffBanner,9
6800,System_B_TwoStageOffBanner,91
6801,System_B_TwoStageOffBanner,80
6802,System_B_TwoStageOffBanner,76
6803,System_B_TwoStageOffBanner,74
6804,System_B_TwoStageOffBanner,82
6805,System_B_TwoStageOffBanner,123
6806,System_B_TwoStageOffBanner,71
6807,System_B_TwoStageOffBanner,99
6808,System_B_TwoStageOffBanner,45
6809,System_B_TwoStageOffBanner,160
6810,System_B_TwoStageOffBanner,96
6811,System_B_TwoStageOffBanner,83
6812,System_B_TwoStageOffBanner,155
6813,System_B_TwoStageOffBanner,75
6814,System_B_TwoStageOffBanner,17
6815,System_B_TwoStageOffBanner,142
6816,System_B_TwoStageOffBanner,158
6817,System_B_TwoStageOffBanner,80
6818,System_B_TwoStageOffBanner,154
6819,System_B_TwoStageOffBanner,79
6820,System_B_TwoStageOffBanner,80
6821,System_B_TwoStageOffBanner,46
6822,System_B_TwoStageOffBanner,152
6823,System_B_TwoStageOffBanner,81
6824,System_B_TwoStageOffBanner,153
6825,System_B_TwoStageOffBanner,92
6826,System_B_TwoStageOffBanner,79
6827,System_B_TwoStageOffBanner,82
6828,System_B_TwoStageOffBanner,88
6829,System_B_TwoStageOffBanner,80
6830,System_B_TwoStageOffBanner,96
6831,System_B_TwoStageOffBanner,54
6832,System_B_TwoStageOffBanner,127
6833,System_B_TwoStageOffBanner,107
6834,System_B_TwoStageOffBanner,155
6835,System_B_TwoStageOffBanner,35
6836,System_B_TwoStageOffBanner,30
6837,System_B_TwoStageOffBanner,158
6838,System_B_TwoStageOffBanner,128
6839,System_B_TwoStageOffBanner,80
6840,System_B_TwoStageOffBanner,76
6841,System_B_TwoStageOffBanner,118
6842,System_B_TwoStageOffBanner,80
6843,System_B_TwoStageOffBanner,55
6844,System_B_TwoStageOffBanner,146
6845,System_B_TwoStageOffBanner,77
6846,System_B_TwoStageOffBanner,76
6847,System_B_TwoStageOffBanner,154
6848,System_B_TwoStageOffBanner,76
6849,System_B_TwoStageOffBanner,159
6850,System_B_TwoStageOffBanner,19
6851,System_B_TwoStageOffBanner,76
6852,System_B_TwoStageOffBanner,93
6853,System_B_TwoStageOffBanner,155
6854,System_B_TwoStageOffBanner,82
6855,System_B_TwoStageOffBanner,76
6856,System_B_TwoStageOffBanner,69
6857,System_B_TwoStageOffBanner,103
6858,System_B_TwoStageOffBanner,80
6859,System_B_TwoStageOffBanner,78
6860,System_B_TwoStageOffBanner,50
6861,System_B_TwoStageOffBanner,152
6862,System_B_TwoStageOffBanner,125
6863,System_B_TwoStageOffBanner,124
6864,System_B_TwoStageOffBanner,37
6865,System_B_TwoStageOffBanner,107
6866,System_B_TwoStageOffBanner,108
6867,System_B_TwoStageOffBanner,146
6868,System_B_TwoStageOffBanner,157
6869,System_B_TwoStageOffBanner,76
6870,System_B_TwoStageOffBanner,156
6871,System_B_TwoStageOffBanner,78
6872,System_B_TwoStageOffBanner,78
6873,System_B_TwoStageOffBanner,32
6874,System_B_TwoStageOffBanner,37
6875,System_B_TwoStageOffBanner,3
6876,System_B_TwoStageOffBanner,78
6877,System_B_TwoStageOffBanner,41
6878,System_B_TwoStageOffBanner,151
6879,System_B_TwoStageOffBanner,85
6880,System_B_TwoStageOffBanner,10
6881,System_B_TwoStageOffBanner,153
6882,System_B_TwoStageOffBanner,26
6883,System_B_TwoStageOffBanner,77
6884,System_B_TwoStageOffBanner,45
6885,System_B_TwoStageOffBanner,2
6886,System_B_TwoStageOffBanner,77
6887,System_B_TwoStageOffBanner,152
6888,System_B_TwoStageOffBanner,66
6889,System_B_TwoStageOffBanner,156
6890,System_B_TwoStageOffBanner,88
6891,System_B_TwoStageOffBanner,78
6892,System_B_TwoStageOffBanner,158
6893,System_B_TwoStageOffBanner,154
6894,System_B_TwoStageOffBanner,82
6895,System_B_TwoStageOffBanner,77
6896,System_B_TwoStageOffBanner,157
6897,System_B_TwoStageOffBanner,142
6898,System_B_TwoStageOffBanner,155
6899,System_B_TwoStageOffBanner,76
6900,System_B_TwoStageOffBanner,72
6901,System_B_TwoStageOffBanner,5
6902,System_B_TwoStageOffBanner,118
6903,System_B_TwoStageOffBanner,161
6904,System_B_TwoStageOffBanner,76
6905,System_B_TwoStageOffBanner,77
6906,System_B_TwoStageOffBanner,78
6907,System_B_TwoStageOffBanner,83
6908,System_B_TwoStageOffBanner,41
6909,System_B_TwoStageOffBanner,77
6910,System_B_TwoStageOffBanner,13
6911,System_B_TwoStageOffBanner,80
6912,System_B_TwoStageOffBanner,58
6913,System_B_TwoStageOffBanner,53
6914,System_B_TwoStageOffBanner,35
6915,System_B_TwoStageOffBanner,32
6916,System_B_TwoStageOffBanner,147
6917,System_B_TwoStageOffBanner,83
6918,System_B_TwoStageOffBanner,154
6919,System_B_TwoStageOffBanner,158
6920,System_B_TwoStageOffBanner,159
6921,System_B_TwoStageOffBanner,32
6922,System_B_TwoStageOffBanner,159
6923,System_B_TwoStageOffBanner,81
6924,System_B_TwoStageOffBanner,107
6925,System_B_TwoStageOffBanner,74
6926,System_B_TwoStageOffBanner,77
6927,System_B_TwoStageOffBanner,139
6928,System_B_TwoStageOffBanner,51
6929,System_B_TwoStageOffBanner,82
6930,System_B_TwoStageOffBanner,157
6931,System_B_TwoStageOffBanner,110
6932,System_B_TwoStageOffBanner,127
6933,System_B_TwoStageOffBanner,154
6934,System_B_TwoStageOffBanner,79
6935,System_B_TwoStageOffBanner,91
6936,System_B_TwoStageOffBanner,80
6937,System_B_TwoStageOffBanner,151
6938,System_B_TwoStageOffBanner,108
6939,System_B_TwoStageOffBanner,62
6940,System_B_TwoStageOffBanner,42
6941,System_B_TwoStageOffBanner,94
6942,System_B_TwoStageOffBanner,154
6943,System_B_TwoStageOffBanner,159
6944,System_B_TwoStageOffBanner,82
6945,System_B_TwoStageOffBanner,101
6946,System_B_TwoStageOffBanner,127
6947,System_B_TwoStageOffBanner,78
6948,System_B_TwoStageOffBanner,74
6949,System_B_TwoStageOffBanner,79
6950,System_B_TwoStageOffBanner,135
6951,System_B_TwoStageOffBanner,115
6952,System_B_TwoStageOffBanner,78
6953,System_B_TwoStageOffBanner,55
6954,System_B_TwoStageOffBanner,55
6955,System_B_TwoStageOffBanner,14
6956,System_B_TwoStageOffBanner,65
6957,System_B_TwoStageOffBanner,29
6958,System_B_TwoStageOffBanner,79
6959,System_B_TwoStageOffBanner,60
6960,System_B_TwoStageOffBanner,79
6961,System_B_TwoStageOffBanner,79
6962,System_B_TwoStageOffBanner,77
6963,System_B_TwoStageOffBanner,81
6964,System_B_TwoStageOffBanner,75
6965,System_B_TwoStageOffBanner,38
6966,System_B_TwoStageOffBanner,11
6967,System_B_TwoStageOffBanner,157
6968,System_B_TwoStageOffBanner,51
6969,System_B_TwoStageOffBanner,133
6970,System_B_TwoStageOffBanner,78
6971,System_B_TwoStageOffBanner,20
6972,System_B_TwoStageOffBanner,20
6973,System_B_TwoStageOffBanner,150
6974,System_B_TwoStageOffBanner,137
6975,System_B_TwoStageOffBanner,80
6976,System_B_TwoStageOffBanner,84
6977,System_B_TwoStageOffBanner,77
6978,System_B_TwoStageOffBanner,78
6979,System_B_TwoStageOffBanner,8
6980,System_B_TwoStageOffBanner,75
6981,System_B_TwoStageOffBanner,68
6982,System_B_TwoStageOffBanner,155
6983,System_B_TwoStageOffBanner,80
6984,System_B_TwoStageOffBanner,74
6985,System_B_TwoStageOffBanner,54
6986,System_B_TwoStageOffBanner,156
6987,System_B_TwoStageOffBanner,20
6988,System_B_TwoStageOffBanner,29
6989,System_B_TwoStageOffBanner,152
6990,System_B_TwoStageOffBanner,155
6991,System_B_TwoStageOffBanner,99
6992,System_B_TwoStageOffBanner,128
6993,System_B_TwoStageOffBanner,56
6994,System_B_TwoStageOffBanner,7
6995,System_B_TwoStageOffBanner,79
6996,System_B_TwoStageOffBanner,162
6997,System_B_TwoStageOffBanner,76
6998,System_B_TwoStageOffBanner,14
6999,System_B_TwoStageOffBanner,60
7000,System_B_TwoStageOffBanner,124
7001,System_B_TwoStageOffBanner,152
7002,System_B_TwoStageOffBanner,30
7003,System_B_TwoStageOffBanner,154
7004,System_B_TwoStageOffBanner,78
7005,System_B_TwoStageOffBanner,155
7006,System_B_TwoStageOffBanner,160
7007,System_B_TwoStageOffBanner,78
7008,System_B_TwoStageOffBanner,76
7009,System_B_TwoStageOffBanner,124
7010,System_B_TwoStageOffBanner,125
7011,System_B_TwoStageOffBanner,32
7012,System_B_TwoStageOffBanner,38
7013,System_B_TwoStageOffBanner,30
7014,System_B_TwoStageOffBanner,154
7015,System_B_TwoStageOffBanner,87
7016,System_B_TwoStageOffBanner,75
7017,System_B_TwoStageOffBanner,114
7018,System_B_TwoStageOffBanner,55
7019,System_B_TwoStageOffBanner,107
7020,System_B_TwoStageOffBanner,120
7021,System_B_TwoStageOffBanner,78
7022,System_B_TwoStageOffBanner,76
7023,System_B_TwoStageOffBanner,52
7024,System_B_TwoStageOffBanner,77
7025,System_B_TwoStageOffBanner,153
7026,System_B_TwoStageOffBanner,99
7027,System_B_TwoStageOffBanner,81
7028,System_B_TwoStageOffBanner,80
7029,System_B_TwoStageOffBanner,149
7030,System_B_TwoStageOffBanner,77
7031,System_B_TwoStageOffBanner,83
7032,System_B_TwoStageOffBanner,136
7033,System_B_TwoStageOffBanner,76
7034,System_B_TwoStageOffBanner,75
7035,System_B_TwoStageOffBanner,78
7036,System_B_TwoStageOffBanner,78
7037,System_B_TwoStageOffBanner,74
7038,System_B_TwoStageOffBanner,121
7039,System_B_TwoStageOffBanner,42
7040,System_B_TwoStageOffBanner,159
7041,System_B_TwoStageOffBanner,77
7042,System_B_TwoStageOffBanner,133
7043,System_B_TwoStageOffBanner,141
7044,System_B_TwoStageOffBanner,164
7045,System_B_TwoStageOffBanner,27
7046,System_B_TwoStageOffBanner,110
7047,System_B_TwoStageOffBanner,145
7048,System_B_TwoStageOffBanner,14
7049,System_B_TwoStageOffBanner,80
7050,System_B_TwoStageOffBanner,78
7051,System_B_TwoStageOffBanner,119
7052,System_B_TwoStageOffBanner,76
7053,System_B_TwoStageOffBanner,152
7054,System_B_TwoStageOffBanner,78
7055,System_B_TwoStageOffBanner,75
7056,System_B_TwoStageOffBanner,95
7057,System_B_TwoStageOffBanner,77
7058,System_B_TwoStageOffBanner,75
7059,System_B_TwoStageOffBanner,118
7060,System_B_TwoStageOffBanner,153
7061,System_B_TwoStageOffBanner,154
7062,System_B_TwoStageOffBanner,161
7063,System_B_TwoStageOffBanner,93
7064,System_B_TwoStageOffBanner,91
7065,System_B_TwoStageOffBanner,74
7066,System_B_TwoStageOffBanner,78
7067,System_B_TwoStageOffBanner,155
7068,System_B_TwoStageOffBanner,75
7069,System_B_TwoStageOffBanner,75
7070,System_B_TwoStageOffBanner,80
7071,System_B_TwoStageOffBanner,154
7072,System_B_TwoStageOffBanner,63
7073,System_B_TwoStageOffBanner,79
7074,System_B_TwoStageOffBanner,148
7075,System_B_TwoStageOffBanner,123
7076,System_B_TwoStageOffBanner,64
7077,System_B_TwoStageOffBanner,152
7078,System_B_TwoStageOffBanner,114
7079,System_B_TwoStageOffBanner,141
7080,System_B_TwoStageOffBanner,117
7081,System_B_TwoStageOffBanner,28
7082,System_B_TwoStageOffBanner,25
7083,System_B_TwoStageOffBanner,146
7084,System_B_TwoStageOffBanner,81
7085,System_B_TwoStageOffBanner,13
7086,System_B_TwoStageOffBanner,76
7087,System_B_TwoStageOffBanner,83
7088,System_B_TwoStageOffBanner,153
7089,System_B_TwoStageOffBanner,152
7090,System_B_TwoStageOffBanner,156
7091,System_B_TwoStageOffBanner,69
7092,System_B_TwoStageOffBanner,67
7093,System_B_TwoStageOffBanner,75
7094,System_B_TwoStageOffBanner,155
7095,System_B_TwoStageOffBanner,7
7096,System_B_TwoStageOffBanner,77
7097,System_B_TwoStageOffBanner,75
7098,System_B_TwoStageOffBanner,81
7099,System_B_TwoStageOffBanner,102
7100,System_B_TwoStageOffBanner,156
7101,System_B_TwoStageOffBanner,163
7102,System_B_TwoStageOffBanner,69
7103,System_B_TwoStageOffBanner,36
7104,System_B_TwoStageOffBanner,76
7105,System_B_TwoStageOffBanner,7
7106,System_B_TwoStageOffBanner,80
7107,System_B_TwoStageOffBanner,152
7108,System_B_TwoStageOffBanner,74
7109,System_B_TwoStageOffBanner,150
7110,System_B_TwoStageOffBanner,81
7111,System_B_TwoStageOffBanner,28
7112,System_B_TwoStageOffBanner,8
7113,System_B_TwoStageOffBanner,130
7114,System_B_TwoStageOffBanner,77
7115,System_B_TwoStageOffBanner,34
7116,System_B_TwoStageOffBanner,154
7117,System_B_TwoStageOffBanner,151
7118,System_B_TwoStageOffBanner,79
7119,System_B_TwoStageOffBanner,115
7120,System_B_TwoStageOffBanner,154
7121,System_B_TwoStageOffBanner,137
7122,System_B_TwoStageOffBanner,76
7123,System_B_TwoStageOffBanner,103
7124,System_B_TwoStageOffBanner,18
7125,System_B_TwoStageOffBanner,78
7126,System_B_TwoStageOffBanner,76
7127,System_B_TwoStageOffBanner,156
7128,System_B_TwoStageOffBanner,83
7129,System_B_TwoStageOffBanner,49
7130,System_B_TwoStageOffBanner,157
7131,System_B_TwoStageOffBanner,132
7132,System_B_TwoStageOffBanner,156
7133,System_B_TwoStageOffBanner,112
7134,System_B_TwoStageOffBanner,74
7135,System_B_TwoStageOffBanner,74
7136,System_B_TwoStageOffBanner,154
7137,System_B_TwoStageOffBanner,149
7138,System_B_TwoStageOffBanner,78
7139,System_B_TwoStageOffBanner,161
7140,System_B_TwoStageOffBanner,9
7141,System_B_TwoStageOffBanner,112
7142,System_B_TwoStageOffBanner,147
7143,System_B_TwoStageOffBanner,29
7144,System_B_TwoStageOffBanner,76
7145,System_B_TwoStageOffBanner,78
7146,System_B_TwoStageOffBanner,78
7147,System_B_TwoStageOffBanner,159
7148,System_B_TwoStageOffBanner,149
7149,System_B_TwoStageOffBanner,154
7150,System_B_TwoStageOffBanner,81
7151,System_B_TwoStageOffBanner,15
7152,System_B_TwoStageOffBanner,88
7153,System_B_TwoStageOffBanner,154
7154,System_B_TwoStageOffBanner,156
7155,System_B_TwoStageOffBanner,147
7156,System_B_TwoStageOffBanner,24
7157,System_B_TwoStageOffBanner,156
7158,System_B_TwoStageOffBanner,84
7159,System_B_TwoStageOffBanner,14
7160,System_B_TwoStageOffBanner,78
7161,System_B_TwoStageOffBanner,44
7162,System_B_TwoStageOffBanner,112
7163,System_B_TwoStageOffBanner,106
7164,System_B_TwoStageOffBanner,90
7165,System_B_TwoStageOffBanner,29
7166,System_B_TwoStageOffBanner,78
7167,System_B_TwoStageOffBanner,160
7168,System_B_TwoStageOffBanner,157
7169,System_B_TwoStageOffBanner,151
7170,System_B_TwoStageOffBanner,100
7171,System_B_TwoStageOffBanner,74
7172,System_B_TwoStageOffBanner,76
7173,System_B_TwoStageOffBanner,138
7174,System_B_TwoStageOffBanner,76
7175,System_B_TwoStageOffBanner,64
7176,System_B_TwoStageOffBanner,80
7177,System_B_TwoStageOffBanner,75
7178,System_B_TwoStageOffBanner,80
7179,System_B_TwoStageOffBanner,160
7180,System_B_TwoStageOffBanner,158
7181,System_B_TwoStageOffBanner,154
7182,System_B_TwoStageOffBanner,76
7183,System_B_TwoStageOffBanner,37
7184,System_B_TwoStageOffBanner,156
7185,System_B_TwoStageOffBanner,149
7186,System_B_TwoStageOffBanner,77
7187,System_B_TwoStageOffBanner,77
7188,System_B_TwoStageOffBanner,105
7189,System_B_TwoStageOffBanner,82
7190,System_B_TwoStageOffBanner,119
7191,System_B_TwoStageOffBanner,78
7192,System_B_TwoStageOffBanner,74
7193,System_B_TwoStageOffBanner,99
7194,System_B_TwoStageOffBanner,133
7195,System_B_TwoStageOffBanner,80
7196,System_B_TwoStageOffBanner,154
7197,System_B_TwoStageOffBanner,156
7198,System_B_TwoStageOffBanner,78
7199,System_B_TwoStageOffBanner,157
7200,System_B_TwoStageOffBanner,73
7201,System_B_TwoStageOffBanner,158
7202,System_B_TwoStageOffBanner,101
7203,System_B_TwoStageOffBanner,77
7204,System_B_TwoStageOffBanner,151
7205,System_B_TwoStageOffBanner,30
7206,System_B_TwoStageOffBanner,61
7207,System_B_TwoStageOffBanner,52
7208,System_B_TwoStageOffBanner,75
7209,System_B_TwoStageOffBanner,78
7210,System_B_TwoStageOffBanner,131
7211,System_B_TwoStageOffBanner,79
7212,System_B_TwoStageOffBanner,129
7213,System_B_TwoStageOffBanner,78
7214,System_B_TwoStageOffBanner,152
7215,System_B_TwoStageOffBanner,79
7216,System_B_TwoStageOffBanner,50
7217,System_B_TwoStageOffBanner,164
7218,System_B_TwoStageOffBanner,78
7219,System_B_TwoStageOffBanner,81
7220,System_B_TwoStageOffBanner,153
7221,System_B_TwoStageOffBanner,77
7222,System_B_TwoStageOffBanner,87
7223,System_B_TwoStageOffBanner,79
7224,System_B_TwoStageOffBanner,123
7225,System_B_TwoStageOffBanner,155
7226,System_B_TwoStageOffBanner,23
7227,System_B_TwoStageOffBanner,75
7228,System_B_TwoStageOffBanner,27
7229,System_B_TwoStageOffBanner,160
7230,System_B_TwoStageOffBanner,142
7231,System_B_TwoStageOffBanner,77
7232,System_B_TwoStageOffBanner,77
7233,System_B_TwoStageOffBanner,77
7234,System_B_TwoStageOffBanner,109
7235,System_B_TwoStageOffBanner,102
7236,System_B_TwoStageOffBanner,68
7237,System_B_TwoStageOffBanner,154
7238,System_B_TwoStageOffBanner,75
7239,System_B_TwoStageOffBanner,74
7240,System_B_TwoStageOffBanner,154
7241,System_B_TwoStageOffBanner,157
7242,System_B_TwoStageOffBanner,77
7243,System_B_TwoStageOffBanner,76
7244,System_B_TwoStageOffBanner,54
7245,System_B_TwoStageOffBanner,64
7246,System_B_TwoStageOffBanner,78
7247,System_B_TwoStageOffBanner,81
7248,System_B_TwoStageOffBanner,22
7249,System_B_TwoStageOffBanner,123
7250,System_B_TwoStageOffBanner,155
7251,System_B_TwoStageOffBanner,153
7252,System_B_TwoStageOffBanner,55
7253,System_B_TwoStageOffBanner,74
7254,System_B_TwoStageOffBanner,155
7255,System_B_TwoStageOffBanner,74
7256,System_B_TwoStageOffBanner,90
7257,System_B_TwoStageOffBanner,144
7258,System_B_TwoStageOffBanner,84
7259,System_B_TwoStageOffBanner,158
7260,System_B_TwoStageOffBanner,150
7261,System_B_TwoStageOffBanner,154
7262,System_B_TwoStageOffBanner,89
7263,System_B_TwoStageOffBanner,77
7264,System_B_TwoStageOffBanner,150
7265,System_B_TwoStageOffBanner,10
7266,System_B_TwoStageOffBanner,28
7267,System_B_TwoStageOffBanner,76
7268,System_B_TwoStageOffBanner,150
7269,System_B_TwoStageOffBanner,95
7270,System_B_TwoStageOffBanner,74
7271,System_B_TwoStageOffBanner,154
7272,System_B_TwoStageOffBanner,79
7273,System_B_TwoStageOffBanner,152
7274,System_B_TwoStageOffBanner,109
7275,System_B_TwoStageOffBanner,80
7276,System_B_TwoStageOffBanner,111
7277,System_B_TwoStageOffBanner,78
7278,System_B_TwoStageOffBanner,80
7279,System_B_TwoStageOffBanner,156
7280,System_B_TwoStageOffBanner,153
7281,System_B_TwoStageOffBanner,157
7282,System_B_TwoStageOffBanner,153
7283,System_B_TwoStageOffBanner,161
7284,System_B_TwoStageOffBanner,163
7285,System_B_TwoStageOffBanner,82
7286,System_B_TwoStageOffBanner,146
7287,System_B_TwoStageOffBanner,82
7288,System_B_TwoStageOffBanner,88
7289,System_B_TwoStageOffBanner,74
7290,System_B_TwoStageOffBanner,78
7291,System_B_TwoStageOffBanner,149
7292,System_B_TwoStageOffBanner,33
7293,System_B_TwoStageOffBanner,77
7294,System_B_TwoStageOffBanner,38
7295,System_B_TwoStageOffBanner,81
7296,System_B_TwoStageOffBanner,81
7297,System_B_TwoStageOffBanner,80
7298,System_B_TwoStageOffBanner,100
7299,System_B_TwoStageOffBanner,123
7300,System_B_TwoStageOffBanner,83
7301,System_B_TwoStageOffBanner,77
7302,System_B_TwoStageOffBanner,5
7303,System_B_TwoStageOffBanner,126
7304,System_B_TwoStageOffBanner,118
7305,System_B_TwoStageOffBanner,108
7306,System_B_TwoStageOffBanner,76
7307,System_B_TwoStageOffBanner,75
7308,System_B_TwoStageOffBanner,80
7309,System_B_TwoStageOffBanner,77
7310,System_B_TwoStageOffBanner,154
7311,System_B_TwoStageOffBanner,157
7312,System_B_TwoStageOffBanner,63
7313,System_B_TwoStageOffBanner,156
7314,System_B_TwoStageOffBanner,82
7315,System_B_TwoStageOffBanner,77
7316,System_B_TwoStageOffBanner,104
7317,System_B_TwoStageOffBanner,78
7318,System_B_TwoStageOffBanner,31
7319,System_B_TwoStageOffBanner,156
7320,System_B_TwoStageOffBanner,38
7321,System_B_TwoStageOffBanner,78
7322,System_B_TwoStageOffBanner,76
7323,System_B_TwoStageOffBanner,34
7324,System_B_TwoStageOffBanner,158
7325,System_B_TwoStageOffBanner,153
7326,System_B_TwoStageOffBanner,155
7327,System_B_TwoStageOffBanner,77
7328,System_B_TwoStageOffBanner,78
7329,System_B_TwoStageOffBanner,79
7330,System_B_TwoStageOffBanner,51
7331,System_B_TwoStageOffBanner,161
7332,System_B_TwoStageOffBanner,42
7333,System_B_TwoStageOffBanner,149
7334,System_B_TwoStageOffBanner,76
7335,System_B_TwoStageOffBanner,77
7336,System_B_TwoStageOffBanner,159
7337,System_B_TwoStageOffBanner,74
7338,System_B_TwoStageOffBanner,22
7339,System_B_TwoStageOffBanner,131
7340,System_B_TwoStageOffBanner,78
7341,System_B_TwoStageOffBanner,164
7342,System_B_TwoStageOffBanner,107
7343,System_B_TwoStageOffBanner,156
7344,System_B_TwoStageOffBanner,78
7345,System_B_TwoStageOffBanner,134
7346,System_B_TwoStageOffBanner,160
7347,System_B_TwoStageOffBanner,3
7348,System_B_TwoStageOffBanner,155
7349,System_B_TwoStageOffBanner,160
7350,System_B_TwoStageOffBanner,18
7351,System_B_TwoStageOffBanner,78
7352,System_B_TwoStageOffBanner,80
7353,System_B_TwoStageOffBanner,161
7354,System_B_TwoStageOffBanner,77
7355,System_B_TwoStageOffBanner,40
7356,System_B_TwoStageOffBanner,77
7357,System_B_TwoStageOffBanner,161
7358,System_B_TwoStageOffBanner,74
7359,System_B_TwoStageOffBanner,154
7360,System_B_TwoStageOffBanner,81
7361,System_B_TwoStageOffBanner,127
7362,System_B_TwoStageOffBanner,72
7363,System_B_TwoStageOffBanner,80
7364,System_B_TwoStageOffBanner,159
7365,System_B_TwoStageOffBanner,25
7366,System_B_TwoStageOffBanner,130
7367,System_B_TwoStageOffBanner,79
7368,System_B_TwoStageOffBanner,47
7369,System_B_TwoStageOffBanner,110
7370,System_B_TwoStageOffBanner,96
7371,System_B_TwoStageOffBanner,79
7372,System_B_TwoStageOffBanner,133
7373,System_B_TwoStageOffBanner,16
7374,System_B_TwoStageOffBanner,158
7375,System_B_TwoStageOffBanner,81
7376,System_B_TwoStageOffBanner,3
7377,System_B_TwoStageOffBanner,161
7378,System_B_TwoStageOffBanner,157
7379,System_B_TwoStageOffBanner,99
7380,System_B_TwoStageOffBanner,69
7381,System_B_TwoStageOffBanner,156
7382,System_B_TwoStageOffBanner,39
7383,System_B_TwoStageOffBanner,34
7384,System_B_TwoStageOffBanner,81
7385,System_B_TwoStageOffBanner,75
7386,System_B_TwoStageOffBanner,7
7387,System_B_TwoStageOffBanner,18
7388,System_B_TwoStageOffBanner,83
7389,System_B_TwoStageOffBanner,78
7390,System_B_TwoStageOffBanner,90
7391,System_B_TwoStageOffBanner,155
7392,System_B_TwoStageOffBanner,54
7393,System_B_TwoStageOffBanner,158
7394,System_B_TwoStageOffBanner,92
7395,System_B_TwoStageOffBanner,154
7396,System_B_TwoStageOffBanner,154
7397,System_B_TwoStageOffBanner,126
7398,System_B_TwoStageOffBanner,121
7399,System_B_TwoStageOffBanner,78
7400,System_B_TwoStageOffBanner,155
7401,System_B_TwoStageOffBanner,156
7402,System_B_TwoStageOffBanner,104
7403,System_B_TwoStageOffBanner,79
7404,System_B_TwoStageOffBanner,97
7405,System_B_TwoStageOffBanner,10
7406,System_B_TwoStageOffBanner,56
7407,System_B_TwoStageOffBanner,80
7408,System_B_TwoStageOffBanner,76
7409,System_B_TwoStageOffBanner,75
7410,System_B_TwoStageOffBanner,124
7411,System_B_TwoStageOffBanner,136
7412,System_B_TwoStageOffBanner,77
7413,System_B_TwoStageOffBanner,6
7414,System_B_TwoStageOffBanner,136
7415,System_B_TwoStageOffBanner,77
7416,System_B_TwoStageOffBanner,78
7417,System_B_TwoStageOffBanner,47
7418,System_B_TwoStageOffBanner,78
7419,System_B_TwoStageOffBanner,148
7420,System_B_TwoStageOffBanner,76
7421,System_B_TwoStageOffBanner,159
7422,System_B_TwoStageOffBanner,155
7423,System_B_TwoStageOffBanner,117
7424,System_B_TwoStageOffBanner,77
7425,System_B_TwoStageOffBanner,86
7426,System_B_TwoStageOffBanner,75
7427,System_B_TwoStageOffBanner,98
7428,System_B_TwoStageOffBanner,94
7429,System_B_TwoStageOffBanner,156
7430,System_B_TwoStageOffBanner,75
7431,System_B_TwoStageOffBanner,149
7432,System_B_TwoStageOffBanner,77
7433,System_B_TwoStageOffBanner,47
7434,System_B_TwoStageOffBanner,127
7435,System_B_TwoStageOffBanner,73
7436,System_B_TwoStageOffBanner,160
7437,System_B_TwoStageOffBanner,143
7438,System_B_TwoStageOffBanner,149
7439,System_B_TwoStageOffBanner,67
7440,System_B_TwoStageOffBanner,9
7441,System_B_TwoStageOffBanner,99
7442,System_B_TwoStageOffBanner,24
7443,System_B_TwoStageOffBanner,160
7444,System_B_TwoStageOffBanner,3
7445,System_B_TwoStageOffBanner,78
7446,System_B_TwoStageOffBanner,76
7447,System_B_TwoStageOffBanner,155
7448,System_B_TwoStageOffBanner,10
7449,System_B_TwoStageOffBanner,86
7450,System_B_TwoStageOffBanner,74
7451,System_B_TwoStageOffBanner,74
7452,System_B_TwoStageOffBanner,78
7453,System_B_TwoStageOffBanner,153
7454,System_B_TwoStageOffBanner,138
7455,System_B_TwoStageOffBanner,135
7456,System_B_TwoStageOffBanner,79
7457,System_B_TwoStageOffBanner,78
7458,System_B_TwoStageOffBanner,152
7459,System_B_TwoStageOffBanner,74
7460,System_B_TwoStageOffBanner,74
7461,System_B_TwoStageOffBanner,30
7462,System_B_TwoStageOffBanner,158
7463,System_B_TwoStageOffBanner,79
7464,System_B_TwoStageOffBanner,80
7465,System_B_TwoStageOffBanner,112
7466,System_B_TwoStageOffBanner,158
7467,System_B_TwoStageOffBanner,127
7468,System_B_TwoStageOffBanner,77
7469,System_B_TwoStageOffBanner,115
7470,System_B_TwoStageOffBanner,23
7471,System_B_TwoStageOffBanner,2
7472,System_B_TwoStageOffBanner,79
7473,System_B_TwoStageOffBanner,117
7474,System_B_TwoStageOffBanner,131
7475,System_B_TwoStageOffBanner,78
7476,System_B_TwoStageOffBanner,150
7477,System_B_TwoStageOffBanner,76
7478,System_B_TwoStageOffBanner,159
7479,System_B_TwoStageOffBanner,108
7480,System_B_TwoStageOffBanner,2
7481,System_B_TwoStageOffBanner,76
7482,System_B_TwoStageOffBanner,154
7483,System_B_TwoStageOffBanner,152
7484,System_B_TwoStageOffBanner,37
7485,System_B_TwoStageOffBanner,77
7486,System_B_TwoStageOffBanner,155
7487,System_B_TwoStageOffBanner,79
7488,System_B_TwoStageOffBanner,68
7489,System_B_TwoStageOffBanner,74
7490,System_B_TwoStageOffBanner,154
7491,System_B_TwoStageOffBanner,150
7492,System_B_TwoStageOffBanner,151
7493,System_B_TwoStageOffBanner,158
7494,System_B_TwoStageOffBanner,79
7495,System_B_TwoStageOffBanner,93
7496,System_B_TwoStageOffBanner,111
7497,System_B_TwoStageOffBanner,155
7498,System_B_TwoStageOffBanner,19
7499,System_B_TwoStageOffBanner,154
7500,System_B_TwoStageOffBanner,41
7501,System_B_TwoStageOffBanner,152
7502,System_B_TwoStageOffBanner,79
7503,System_B_TwoStageOffBanner,50
7504,System_B_TwoStageOffBanner,104
7505,System_B_TwoStageOffBanner,137
7506,System_B_TwoStageOffBanner,97
7507,System_B_TwoStageOffBanner,47
7508,System_B_TwoStageOffBanner,154
7509,System_B_TwoStageOffBanner,49
7510,System_B_TwoStageOffBanner,96
7511,System_B_TwoStageOffBanner,58
7512,System_B_TwoStageOffBanner,14
7513,System_B_TwoStageOffBanner,34
7514,System_B_TwoStageOffBanner,39
7515,System_B_TwoStageOffBanner,74
7516,System_B_TwoStageOffBanner,78
7517,System_B_TwoStageOffBanner,113
7518,System_B_TwoStageOffBanner,82
7519,System_B_TwoStageOffBanner,80
7520,System_B_TwoStageOffBanner,76
7521,System_B_TwoStageOffBanner,160
7522,System_B_TwoStageOffBanner,143
7523,System_B_TwoStageOffBanner,79
7524,System_B_TwoStageOffBanner,77
7525,System_B_TwoStageOffBanner,61
7526,System_B_TwoStageOffBanner,157
7527,System_B_TwoStageOffBanner,84
7528,System_B_TwoStageOffBanner,76
7529,System_B_TwoStageOffBanner,78
7530,System_B_TwoStageOffBanner,119
7531,System_B_TwoStageOffBanner,40
7532,System_B_TwoStageOffBanner,49
7533,System_B_TwoStageOffBanner,66
7534,System_B_TwoStageOffBanner,109
7535,System_B_TwoStageOffBanner,57
7536,System_B_TwoStageOffBanner,78
7537,System_B_TwoStageOffBanner,79
7538,System_B_TwoStageOffBanner,160
7539,System_B_TwoStageOffBanner,82
7540,System_B_TwoStageOffBanner,8
7541,System_B_TwoStageOffBanner,157
7542,System_B_TwoStageOffBanner,57
7543,System_B_TwoStageOffBanner,153
7544,System_B_TwoStageOffBanner,146
7545,System_B_TwoStageOffBanner,77
7546,System_B_TwoStageOffBanner,75
7547,System_B_TwoStageOffBanner,85
7548,System_B_TwoStageOffBanner,80
7549,System_B_TwoStageOffBanner,58
7550,System_B_TwoStageOffBanner,77
7551,System_B_TwoStageOffBanner,102
7552,System_B_TwoStageOffBanner,142
7553,System_B_TwoStageOffBanner,79
7554,System_B_TwoStageOffBanner,77
7555,System_B_TwoStageOffBanner,147
7556,System_B_TwoStageOffBanner,76
7557,System_B_TwoStageOffBanner,117
7558,System_B_TwoStageOffBanner,91
7559,System_B_TwoStageOffBanner,78
7560,System_B_TwoStageOffBanner,123
7561,System_B_TwoStageOffBanner,106
7562,System_B_TwoStageOffBanner,152
7563,System_B_TwoStageOffBanner,78
7564,System_B_TwoStageOffBanner,152
7565,System_B_TwoStageOffBanner,82
7566,System_B_TwoStageOffBanner,79
7567,System_B_TwoStageOffBanner,78
7568,System_B_TwoStageOffBanner,49
7569,System_B_TwoStageOffBanner,77
7570,System_B_TwoStageOffBanner,157
7571,System_B_TwoStageOffBanner,155
7572,System_B_TwoStageOffBanner,137
7573,System_B_TwoStageOffBanner,78
7574,System_B_TwoStageOffBanner,41
7575,System_B_TwoStageOffBanner,82
7576,System_B_TwoStageOffBanner,2
7577,System_B_TwoStageOffBanner,52
7578,System_B_TwoStageOffBanner,76
7579,System_B_TwoStageOffBanner,128
7580,System_B_TwoStageOffBanner,164
7581,System_B_TwoStageOffBanner,154
7582,System_B_TwoStageOffBanner,76
7583,System_B_TwoStageOffBanner,76
7584,System_B_TwoStageOffBanner,77
7585,System_B_TwoStageOffBanner,70
7586,System_B_TwoStageOffBanner,153
7587,System_B_TwoStageOffBanner,75
7588,System_B_TwoStageOffBanner,152
7589,System_B_TwoStageOffBanner,57
7590,System_B_TwoStageOffBanner,4
7591,System_B_TwoStageOffBanner,90
7592,System_B_TwoStageOffBanner,10
7593,System_B_TwoStageOffBanner,80
7594,System_B_TwoStageOffBanner,79
7595,System_B_TwoStageOffBanner,155
7596,System_B_TwoStageOffBanner,78
7597,System_B_TwoStageOffBanner,107
7598,System_B_TwoStageOffBanner,93
7599,System_B_TwoStageOffBanner,88
7600,System_B_TwoStageOffBanner,75
7601,System_B_TwoStageOffBanner,155
7602,System_B_TwoStageOffBanner,75
7603,System_B_TwoStageOffBanner,46
7604,System_B_TwoStageOffBanner,159
7605,System_B_TwoStageOffBanner,75
7606,System_B_TwoStageOffBanner,16
7607,System_B_TwoStageOffBanner,79
7608,System_B_TwoStageOffBanner,130
7609,System_B_TwoStageOffBanner,56
7610,System_B_TwoStageOffBanner,14
7611,System_B_TwoStageOffBanner,113
7612,System_B_TwoStageOffBanner,78
7613,System_B_TwoStageOffBanner,77
7614,System_B_TwoStageOffBanner,82
7615,System_B_TwoStageOffBanner,76
7616,System_B_TwoStageOffBanner,79
7617,System_B_TwoStageOffBanner,146
7618,System_B_TwoStageOffBanner,20
7619,System_B_TwoStageOffBanner,149
7620,System_B_TwoStageOffBanner,3
7621,System_B_TwoStageOffBanner,70
7622,System_B_TwoStageOffBanner,164
7623,System_B_TwoStageOffBanner,145
7624,System_B_TwoStageOffBanner,123
7625,System_B_TwoStageOffBanner,79
7626,System_B_TwoStageOffBanner,77
7627,System_B_TwoStageOffBanner,121
7628,System_B_TwoStageOffBanner,32
7629,System_B_TwoStageOffBanner,156
7630,System_B_TwoStageOffBanner,50
7631,System_B_TwoStageOffBanner,155
7632,System_B_TwoStageOffBanner,130
7633,System_B_TwoStageOffBanner,154
7634,System_B_TwoStageOffBanner,154
7635,System_B_TwoStageOffBanner,93
7636,System_B_TwoStageOffBanner,83
7637,System_B_TwoStageOffBanner,100
7638,System_B_TwoStageOffBanner,80
7639,System_B_TwoStageOffBanner,76
7640,System_B_TwoStageOffBanner,76
7641,System_B_TwoStageOffBanner,157
7642,System_B_TwoStageOffBanner,45
7643,System_B_TwoStageOffBanner,119
7644,System_B_TwoStageOffBanner,78
7645,System_B_TwoStageOffBanner,151
7646,System_B_TwoStageOffBanner,64
7647,System_B_TwoStageOffBanner,159
7648,System_B_TwoStageOffBanner,116
7649,System_B_TwoStageOffBanner,81
7650,System_B_TwoStageOffBanner,43
7651,System_B_TwoStageOffBanner,54
7652,System_B_TwoStageOffBanner,80
7653,System_B_TwoStageOffBanner,106
7654,System_B_TwoStageOffBanner,157
7655,System_B_TwoStageOffBanner,144
7656,System_B_TwoStageOffBanner,88
7657,System_B_TwoStageOffBanner,135
7658,System_B_TwoStageOffBanner,151
7659,System_B_TwoStageOffBanner,76
7660,System_B_TwoStageOffBanner,159
7661,System_B_TwoStageOffBanner,149
7662,System_B_TwoStageOffBanner,84
7663,System_B_TwoStageOffBanner,160
7664,System_B_TwoStageOffBanner,11
7665,System_B_TwoStageOffBanner,69
7666,System_B_TwoStageOffBanner,132
7667,System_B_TwoStageOffBanner,153
7668,System_B_TwoStageOffBanner,10
7669,System_B_TwoStageOffBanner,79
7670,System_B_TwoStageOffBanner,155
7671,System_B_TwoStageOffBanner,78
7672,System_B_TwoStageOffBanner,75
7673,System_B_TwoStageOffBanner,59
7674,System_B_TwoStageOffBanner,128
7675,System_B_TwoStageOffBanner,152
7676,System_B_TwoStageOffBanner,74
7677,System_B_TwoStageOffBanner,6
7678,System_B_TwoStageOffBanner,155
7679,System_B_TwoStageOffBanner,149
7680,System_B_TwoStageOffBanner,23
7681,System_B_TwoStageOffBanner,155
7682,System_B_TwoStageOffBanner,74
7683,System_B_TwoStageOffBanner,88
7684,System_B_TwoStageOffBanner,80
7685,System_B_TwoStageOffBanner,78
7686,System_B_TwoStageOffBanner,20
7687,System_B_TwoStageOffBanner,9
7688,System_B_TwoStageOffBanner,94
7689,System_B_TwoStageOffBanner,30
7690,System_B_TwoStageOffBanner,82
7691,System_B_TwoStageOffBanner,80
7692,System_B_TwoStageOffBanner,79
7693,System_B_TwoStageOffBanner,77
7694,System_B_TwoStageOffBanner,83
7695,System_B_TwoStageOffBanner,78
7696,System_B_TwoStageOffBanner,100
7697,System_B_TwoStageOffBanner,76
7698,System_B_TwoStageOffBanner,74
7699,System_B_TwoStageOffBanner,37
7700,System_B_TwoStageOffBanner,80
7701,System_B_TwoStageOffBanner,76
7702,System_B_TwoStageOffBanner,154
7703,System_B_TwoStageOffBanner,82
7704,System_B_TwoStageOffBanner,124
7705,System_B_TwoStageOffBanner,152
7706,System_B_TwoStageOffBanner,76
7707,System_B_TwoStageOffBanner,76
7708,System_B_TwoStageOffBanner,78
7709,System_B_TwoStageOffBanner,78
7710,System_B_TwoStageOffBanner,74
7711,System_B_TwoStageOffBanner,36
7712,System_B_TwoStageOffBanner,80
7713,System_B_TwoStageOffBanner,75
7714,System_B_TwoStageOffBanner,158
7715,System_B_TwoStageOffBanner,33
7716,System_B_TwoStageOffBanner,81
7717,System_B_TwoStageOffBanner,53
7718,System_B_TwoStageOffBanner,75
7719,System_B_TwoStageOffBanner,77
7720,System_B_TwoStageOffBanner,152
7721,System_B_TwoStageOffBanner,151
7722,System_B_TwoStageOffBanner,74
7723,System_B_TwoStageOffBanner,150
7724,System_B_TwoStageOffBanner,156
7725,System_B_TwoStageOffBanner,159
7726,System_B_TwoStageOffBanner,75
7727,System_B_TwoStageOffBanner,74
7728,System_B_TwoStageOffBanner,15
7729,System_B_TwoStageOffBanner,31
7730,System_B_TwoStageOffBanner,82
7731,System_B_TwoStageOffBanner,76
7732,System_B_TwoStageOffBanner,31
7733,System_B_TwoStageOffBanner,102
7734,System_B_TwoStageOffBanner,118
7735,System_B_TwoStageOffBanner,80
7736,System_B_TwoStageOffBanner,77
7737,System_B_TwoStageOffBanner,77
7738,System_B_TwoStageOffBanner,107
7739,System_B_TwoStageOffBanner,26
7740,System_B_TwoStageOffBanner,26
7741,System_B_TwoStageOffBanner,57
7742,System_B_TwoStageOffBanner,79
7743,System_B_TwoStageOffBanner,125
7744,System_B_TwoStageOffBanner,38
7745,System_B_TwoStageOffBanner,80
7746,System_B_TwoStageOffBanner,93
7747,System_B_TwoStageOffBanner,156
7748,System_B_TwoStageOffBanner,143
7749,System_B_TwoStageOffBanner,152
7750,System_B_TwoStageOffBanner,5
7751,System_B_TwoStageOffBanner,124
7752,System_B_TwoStageOffBanner,76
7753,System_B_TwoStageOffBanner,160
7754,System_B_TwoStageOffBanner,156
7755,System_B_TwoStageOffBanner,137
7756,System_B_TwoStageOffBanner,47
7757,System_B_TwoStageOffBanner,26
7758,System_B_TwoStageOffBanner,120
7759,System_B_TwoStageOffBanner,112
7760,System_B_TwoStageOffBanner,77
7761,System_B_TwoStageOffBanner,78
7762,System_B_TwoStageOffBanner,78
7763,System_B_TwoStageOffBanner,153
7764,System_B_TwoStageOffBanner,103
7765,System_B_TwoStageOffBanner,95
7766,System_B_TwoStageOffBanner,80
7767,System_B_TwoStageOffBanner,38
7768,System_B_TwoStageOffBanner,106
7769,System_B_TwoStageOffBanner,148
7770,System_B_TwoStageOffBanner,158
7771,System_B_TwoStageOffBanner,37
7772,System_B_TwoStageOffBanner,76
7773,System_B_TwoStageOffBanner,105
7774,System_B_TwoStageOffBanner,11
7775,System_B_TwoStageOffBanner,160
7776,System_B_TwoStageOffBanner,32
7777,System_B_TwoStageOffBanner,15
7778,System_B_TwoStageOffBanner,82
7779,System_B_TwoStageOffBanner,156
7780,System_B_TwoStageOffBanner,76
7781,System_B_TwoStageOffBanner,68
7782,System_B_TwoStageOffBanner,117
7783,System_B_TwoStageOffBanner,76
7784,System_B_TwoStageOffBanner,82
7785,System_B_TwoStageOffBanner,154
7786,System_B_TwoStageOffBanner,122
7787,System_B_TwoStageOffBanner,4
7788,System_B_TwoStageOffBanner,36
7789,System_B_TwoStageOffBanner,155
7790,System_B_TwoStageOffBanner,135
7791,System_B_TwoStageOffBanner,61
7792,System_B_TwoStageOffBanner,129
7793,System_B_TwoStageOffBanner,140
7794,System_B_TwoStageOffBanner,147
7795,System_B_TwoStageOffBanner,154
7796,System_B_TwoStageOffBanner,83
7797,System_B_TwoStageOffBanner,77
7798,System_B_TwoStageOffBanner,76
7799,System_B_TwoStageOffBanner,146
7800,System_B_TwoStageOffBanner,78
7801,System_B_TwoStageOffBanner,124
7802,System_B_TwoStageOffBanner,157
7803,System_B_TwoStageOffBanner,20
7804,System_B_TwoStageOffBanner,76
7805,System_B_TwoStageOffBanner,84
7806,System_B_TwoStageOffBanner,22
7807,System_B_TwoStageOffBanner,77
7808,System_B_TwoStageOffBanner,152
7809,System_B_TwoStageOffBanner,78
7810,System_B_TwoStageOffBanner,79
7811,System_B_TwoStageOffBanner,78
7812,System_B_TwoStageOffBanner,121
7813,System_B_TwoStageOffBanner,77
7814,System_B_TwoStageOffBanner,77
7815,System_B_TwoStageOffBanner,50
7816,System_B_TwoStageOffBanner,81
7817,System_B_TwoStageOffBanner,75
7818,System_B_TwoStageOffBanner,155
7819,System_B_TwoStageOffBanner,80
7820,System_B_TwoStageOffBanner,157
7821,System_B_TwoStageOffBanner,79
7822,System_B_TwoStageOffBanner,129
7823,System_B_TwoStageOffBanner,159
7824,System_B_TwoStageOffBanner,80
7825,System_B_TwoStageOffBanner,78
7826,System_B_TwoStageOffBanner,45
7827,System_B_TwoStageOffBanner,78
7828,System_B_TwoStageOffBanner,78
7829,System_B_TwoStageOffBanner,146
7830,System_B_TwoStageOffBanner,157
7831,System_B_TwoStageOffBanner,47
7832,System_B_TwoStageOffBanner,80
7833,System_B_TwoStageOffBanner,14
7834,System_B_TwoStageOffBanner,54
7835,System_B_TwoStageOffBanner,150
7836,System_B_TwoStageOffBanner,158
7837,System_B_TwoStageOffBanner,160
7838,System_B_TwoStageOffBanner,148
7839,System_B_TwoStageOffBanner,83
7840,System_B_TwoStageOffBanner,38
7841,System_B_TwoStageOffBanner,100
7842,System_B_TwoStageOffBanner,155
7843,System_B_TwoStageOffBanner,129
7844,System_B_TwoStageOffBanner,98
7845,System_B_TwoStageOffBanner,77
7846,System_B_TwoStageOffBanner,75
7847,System_B_TwoStageOffBanner,76
7848,System_B_TwoStageOffBanner,20
7849,System_B_TwoStageOffBanner,135
7850,System_B_TwoStageOffBanner,79
7851,System_B_TwoStageOffBanner,81
7852,System_B_TwoStageOffBanner,83
7853,System_B_TwoStageOffBanner,1
7854,System_B_TwoStageOffBanner,73
7855,System_B_TwoStageOffBanner,77
7856,System_B_TwoStageOffBanner,17
7857,System_B_TwoStageOffBanner,75
7858,System_B_TwoStageOffBanner,73
7859,System_B_TwoStageOffBanner,162
7860,System_B_TwoStageOffBanner,157
7861,System_B_TwoStageOffBanner,142
7862,System_B_TwoStageOffBanner,48
7863,System_B_TwoStageOffBanner,88
7864,System_B_TwoStageOffBanner,113
7865,System_B_TwoStageOffBanner,59
7866,System_B_TwoStageOffBanner,1
7867,System_B_TwoStageOffBanner,149
7868,System_B_TwoStageOffBanner,74
7869,System_B_TwoStageOffBanner,150
7870,System_B_TwoStageOffBanner,65
7871,System_B_TwoStageOffBanner,107
7872,System_B_TwoStageOffBanner,109
7873,System_B_TwoStageOffBanner,152
7874,System_B_TwoStageOffBanner,14
7875,System_B_TwoStageOffBanner,87
7876,System_B_TwoStageOffBanner,159
7877,System_B_TwoStageOffBanner,155
7878,System_B_TwoStageOffBanner,75
7879,System_B_TwoStageOffBanner,110
7880,System_B_TwoStageOffBanner,16
7881,System_B_TwoStageOffBanner,78
7882,System_B_TwoStageOffBanner,2
7883,System_B_TwoStageOffBanner,154
7884,System_B_TwoStageOffBanner,156
7885,System_B_TwoStageOffBanner,76
7886,System_B_TwoStageOffBanner,42
7887,System_B_TwoStageOffBanner,164
7888,System_B_TwoStageOffBanner,152
7889,System_B_TwoStageOffBanner,78
7890,System_B_TwoStageOffBanner,103
7891,System_B_TwoStageOffBanner,74
7892,System_B_TwoStageOffBanner,74
7893,System_B_TwoStageOffBanner,77
7894,System_B_TwoStageOffBanner,14
7895,System_B_TwoStageOffBanner,3
7896,System_B_TwoStageOffBanner,13
7897,System_B_TwoStageOffBanner,83
7898,System_B_TwoStageOffBanner,83
7899,System_B_TwoStageOffBanner,76
7900,System_B_TwoStageOffBanner,98
7901,System_B_TwoStageOffBanner,155
7902,System_B_TwoStageOffBanner,77
7903,System_B_TwoStageOffBanner,28
7904,System_B_TwoStageOffBanner,153
7905,System_B_TwoStageOffBanner,76
7906,System_B_TwoStageOffBanner,148
7907,System_B_TwoStageOffBanner,75
7908,System_B_TwoStageOffBanner,152
7909,System_B_TwoStageOffBanner,126
7910,System_B_TwoStageOffBanner,153
7911,System_B_TwoStageOffBanner,122
7912,System_B_TwoStageOffBanner,22
7913,System_B_TwoStageOffBanner,77
7914,System_B_TwoStageOffBanner,77
7915,System_B_TwoStageOffBanner,77
7916,System_B_TwoStageOffBanner,134
7917,System_B_TwoStageOffBanner,19
7918,System_B_TwoStageOffBanner,15
7919,System_B_TwoStageOffBanner,63
7920,System_B_TwoStageOffBanner,76
7921,System_B_TwoStageOffBanner,76
7922,System_B_TwoStageOffBanner,15
7923,System_B_TwoStageOffBanner,75
7924,System_B_TwoStageOffBanner,104
7925,System_B_TwoStageOffBanner,77
7926,System_B_TwoStageOffBanner,143
7927,System_B_TwoStageOffBanner,161
7928,System_B_TwoStageOffBanner,94
7929,System_B_TwoStageOffBanner,78
7930,System_B_TwoStageOffBanner,74
7931,System_B_TwoStageOffBanner,77
7932,System_B_TwoStageOffBanner,98
7933,System_B_TwoStageOffBanner,78
7934,System_B_TwoStageOffBanner,76
7935,System_B_TwoStageOffBanner,153
7936,System_B_TwoStageOffBanner,151
7937,System_B_TwoStageOffBanner,102
7938,System_B_TwoStageOffBanner,70
7939,System_B_TwoStageOffBanner,150
7940,System_B_TwoStageOffBanner,129
7941,System_B_TwoStageOffBanner,150
7942,System_B_TwoStageOffBanner,147
7943,System_B_TwoStageOffBanner,31
7944,System_B_TwoStageOffBanner,80
7945,System_B_TwoStageOffBanner,10
7946,System_B_TwoStageOffBanner,2
7947,System_B_TwoStageOffBanner,80
7948,System_B_TwoStageOffBanner,91
7949,System_B_TwoStageOffBanner,156
7950,System_B_TwoStageOffBanner,157
7951,System_B_TwoStageOffBanner,156
7952,System_B_TwoStageOffBanner,16
7953,System_B_TwoStageOffBanner,77
7954,System_B_TwoStageOffBanner,4
7955,System_B_TwoStageOffBanner,99
7956,System_B_TwoStageOffBanner,155
7957,System_B_TwoStageOffBanner,128
7958,System_B_TwoStageOffBanner,82
7959,System_B_TwoStageOffBanner,93
7960,System_B_TwoStageOffBanner,80
7961,System_B_TwoStageOffBanner,5
7962,System_B_TwoStageOffBanner,65
7963,System_B_TwoStageOffBanner,79
7964,System_B_TwoStageOffBanner,46
7965,System_B_TwoStageOffBanner,142
7966,System_B_TwoStageOffBanner,76
7967,System_B_TwoStageOffBanner,25
7968,System_B_TwoStageOffBanner,79
7969,System_B_TwoStageOffBanner,81
7970,System_B_TwoStageOffBanner,75
7971,System_B_TwoStageOffBanner,49
7972,System_B_TwoStageOffBanner,153
7973,System_B_TwoStageOffBanner,89
7974,System_B_TwoStageOffBanner,45
7975,System_B_TwoStageOffBanner,62
7976,System_B_TwoStageOffBanner,15
7977,System_B_TwoStageOffBanner,78
7978,System_B_TwoStageOffBanner,7
7979,System_B_TwoStageOffBanner,40
7980,System_B_TwoStageOffBanner,156
7981,System_B_TwoStageOffBanner,74
7982,System_B_TwoStageOffBanner,87
7983,System_B_TwoStageOffBanner,78
7984,System_B_TwoStageOffBanner,151
7985,System_B_TwoStageOffBanner,152
7986,System_B_TwoStageOffBanner,82
7987,System_B_TwoStageOffBanner,72
7988,System_B_TwoStageOffBanner,154
7989,System_B_TwoStageOffBanner,130
7990,System_B_TwoStageOffBanner,154
7991,System_B_TwoStageOffBanner,137
7992,System_B_TwoStageOffBanner,135
7993,System_B_TwoStageOffBanner,77
7994,System_B_TwoStageOffBanner,161
7995,System_B_TwoStageOffBanner,78
7996,System_B_TwoStageOffBanner,162
7997,System_B_TwoStageOffBanner,79
7998,System_B_TwoStageOffBanner,76
7999,System_B_TwoStageOffBanner,49
8000,System_B_TwoStageOffBanner,91
8001,System_B_TwoStageOffBanner,152
8002,System_B_TwoStageOffBanner,126
8003,System_B_TwoStageOffBanner,153
8004,System_B_TwoStageOffBanner,93
8005,System_B_TwoStageOffBanner,87
8006,System_B_TwoStageOffBanner,66
8007,System_B_TwoStageOffBanner,74
8008,System_B_TwoStageOffBanner,156
8009,System_B_TwoStageOffBanner,55
8010,System_B_TwoStageOffBanner,78
8011,System_B_TwoStageOffBanner,68
8012,System_B_TwoStageOffBanner,76
8013,System_B_TwoStageOffBanner,78
8014,System_B_TwoStageOffBanner,79
8015,System_B_TwoStageOffBanner,78
8016,System_B_TwoStageOffBanner,65
8017,System_B_TwoStageOffBanner,117
8018,System_B_TwoStageOffBanner,117
8019,System_B_TwoStageOffBanner,135
8020,System_B_TwoStageOffBanner,55
8021,System_B_TwoStageOffBanner,155
8022,System_B_TwoStageOffBanner,86
8023,System_B_TwoStageOffBanner,74
8024,System_B_TwoStageOffBanner,158
8025,System_B_TwoStageOffBanner,81
8026,System_B_TwoStageOffBanner,75
8027,System_B_TwoStageOffBanner,157
8028,System_B_TwoStageOffBanner,70
8029,System_B_TwoStageOffBanner,159
8030,System_B_TwoStageOffBanner,85
8031,System_B_TwoStageOffBanner,91
8032,System_B_TwoStageOffBanner,152
8033,System_B_TwoStageOffBanner,85
8034,System_B_TwoStageOffBanner,153
8035,System_B_TwoStageOffBanner,154
8036,System_B_TwoStageOffBanner,77
8037,System_B_TwoStageOffBanner,89
8038,System_B_TwoStageOffBanner,18
8039,System_B_TwoStageOffBanner,32
8040,System_B_TwoStageOffBanner,78
8041,System_B_TwoStageOffBanner,25
8042,System_B_TwoStageOffBanner,77
8043,System_B_TwoStageOffBanner,4
8044,System_B_TwoStageOffBanner,80
8045,System_B_TwoStageOffBanner,23
8046,System_B_TwoStageOffBanner,76
8047,System_B_TwoStageOffBanner,6
8048,System_B_TwoStageOffBanner,84
8049,System_B_TwoStageOffBanner,32
8050,System_B_TwoStageOffBanner,156
8051,System_B_TwoStageOffBanner,110
8052,System_B_TwoStageOffBanner,148
8053,System_B_TwoStageOffBanner,153
8054,System_B_TwoStageOffBanner,100
8055,System_B_TwoStageOffBanner,79
8056,System_B_TwoStageOffBanner,72
8057,System_B_TwoStageOffBanner,98
8058,System_B_TwoStageOffBanner,25
8059,System_B_TwoStageOffBanner,81
8060,System_B_TwoStageOffBanner,82
8061,System_B_TwoStageOffBanner,159
8062,System_B_TwoStageOffBanner,79
8063,System_B_TwoStageOffBanner,79
8064,System_B_TwoStageOffBanner,38
8065,System_B_TwoStageOffBanner,55
8066,System_B_TwoStageOffBanner,79
8067,System_B_TwoStageOffBanner,42
8068,System_B_TwoStageOffBanner,77
8069,System_B_TwoStageOffBanner,75
8070,System_B_TwoStageOffBanner,81
8071,System_B_TwoStageOffBanner,79
8072,System_B_TwoStageOffBanner,74
8073,System_B_TwoStageOffBanner,144
8074,System_B_TwoStageOffBanner,42
8075,System_B_TwoStageOffBanner,153
8076,System_B_TwoStageOffBanner,163
8077,System_B_TwoStageOffBanner,13
8078,System_B_TwoStageOffBanner,156
8079,System_B_TwoStageOffBanner,50
8080,System_B_TwoStageOffBanner,54
8081,System_B_TwoStageOffBanner,74
8082,System_B_TwoStageOffBanner,79
8083,System_B_TwoStageOffBanner,149
8084,System_B_TwoStageOffBanner,153
8085,System_B_TwoStageOffBanner,56
8086,System_B_TwoStageOffBanner,157
8087,System_B_TwoStageOffBanner,157
8088,System_B_TwoStageOffBanner,77
8089,System_B_TwoStageOffBanner,30
8090,System_B_TwoStageOffBanner,94
8091,System_B_TwoStageOffBanner,90
8092,System_B_TwoStageOffBanner,158
8093,System_B_TwoStageOffBanner,62
8094,System_B_TwoStageOffBanner,77
8095,System_B_TwoStageOffBanner,24
8096,System_B_TwoStageOffBanner,48
8097,System_B_TwoStageOffBanner,87
8098,System_B_TwoStageOffBanner,66
8099,System_B_TwoStageOffBanner,108
8100,System_B_TwoStageOffBanner,155
8101,System_B_TwoStageOffBanner,4
8102,System_B_TwoStageOffBanner,79
8103,System_B_TwoStageOffBanner,18
8104,System_B_TwoStageOffBanner,81
8105,System_B_TwoStageOffBanner,78
8106,System_B_TwoStageOffBanner,74
8107,System_B_TwoStageOffBanner,118
8108,System_B_TwoStageOffBanner,158
8109,System_B_TwoStageOffBanner,88
8110,System_B_TwoStageOffBanner,110
8111,System_B_TwoStageOffBanner,155
8112,System_B_TwoStageOffBanner,12
8113,System_B_TwoStageOffBanner,77
8114,System_B_TwoStageOffBanner,137
8115,System_B_TwoStageOffBanner,98
8116,System_B_TwoStageOffBanner,153
8117,System_B_TwoStageOffBanner,126
8118,System_B_TwoStageOffBanner,157
8119,System_B_TwoStageOffBanner,85
8120,System_B_TwoStageOffBanner,79
8121,System_B_TwoStageOffBanner,54
8122,System_B_TwoStageOffBanner,77
8123,System_B_TwoStageOffBanner,134
8124,System_B_TwoStageOffBanner,116
8125,System_B_TwoStageOffBanner,76
8126,System_B_TwoStageOffBanner,126
8127,System_B_TwoStageOffBanner,160
8128,System_B_TwoStageOffBanner,156
8129,System_B_TwoStageOffBanner,78
8130,System_B_TwoStageOffBanner,155
8131,System_B_TwoStageOffBanner,46
8132,System_B_TwoStageOffBanner,83
8133,System_B_TwoStageOffBanner,83
8134,System_B_TwoStageOffBanner,77
8135,System_B_TwoStageOffBanner,154
8136,System_B_TwoStageOffBanner,72
8137,System_B_TwoStageOffBanner,67
8138,System_B_TwoStageOffBanner,154
8139,System_B_TwoStageOffBanner,156
8140,System_B_TwoStageOffBanner,161
8141,System_B_TwoStageOffBanner,158
8142,System_B_TwoStageOffBanner,154
8143,System_B_TwoStageOffBanner,17
8144,System_B_TwoStageOffBanner,155
8145,System_B_TwoStageOffBanner,82
8146,System_B_TwoStageOffBanner,78
8147,System_B_TwoStageOffBanner,78
8148,System_B_TwoStageOffBanner,21
8149,System_B_TwoStageOffBanner,107
8150,System_B_TwoStageOffBanner,9
8151,System_B_TwoStageOffBanner,75
8152,System_B_TwoStageOffBanner,125
8153,System_B_TwoStageOffBanner,157
8154,System_B_TwoStageOffBanner,42
8155,System_B_TwoStageOffBanner,78
8156,System_B_TwoStageOffBanner,151
8157,System_B_TwoStageOffBanner,156
8158,System_B_TwoStageOffBanner,37
8159,System_B_TwoStageOffBanner,77
8160,System_B_TwoStageOffBanner,76
8161,System_B_TwoStageOffBanner,121
8162,System_B_TwoStageOffBanner,74
8163,System_B_TwoStageOffBanner,79
8164,System_B_TwoStageOffBanner,104
8165,System_B_TwoStageOffBanner,107
8166,System_B_TwoStageOffBanner,156
8167,System_B_TwoStageOffBanner,76
8168,System_B_TwoStageOffBanner,148
8169,System_B_TwoStageOffBanner,9
8170,System_B_TwoStageOffBanner,151
8171,System_B_TwoStageOffBanner,14
8172,System_B_TwoStageOffBanner,66
8173,System_B_TwoStageOffBanner,157
8174,System_B_TwoStageOffBanner,29
8175,System_B_TwoStageOffBanner,46
8176,System_B_TwoStageOffBanner,77
8177,System_B_TwoStageOffBanner,77
8178,System_B_TwoStageOffBanner,79
8179,System_B_TwoStageOffBanner,76
8180,System_B_TwoStageOffBanner,81
8181,System_B_TwoStageOffBanner,82
8182,System_B_TwoStageOffBanner,78
8183,System_B_TwoStageOffBanner,64
8184,System_B_TwoStageOffBanner,39
8185,System_B_TwoStageOffBanner,42
8186,System_B_TwoStageOffBanner,1
8187,System_B_TwoStageOffBanner,77
8188,System_B_TwoStageOffBanner,76
8189,System_B_TwoStageOffBanner,87
8190,System_B_TwoStageOffBanner,43
8191,System_B_TwoStageOffBanner,56
8192,System_B_TwoStageOffBanner,133
8193,System_B_TwoStageOffBanner,75
8194,System_B_TwoStageOffBanner,151
8195,System_B_TwoStageOffBanner,75
8196,System_B_TwoStageOffBanner,75
8197,System_B_TwoStageOffBanner,82
8198,System_B_TwoStageOffBanner,54
8199,System_B_TwoStageOffBanner,148
8200,System_B_TwoStageOffBanner,106
8201,System_B_TwoStageOffBanner,106
8202,System_B_TwoStageOffBanner,157
8203,System_B_TwoStageOffBanner,42
8204,System_B_TwoStageOffBanner,153
8205,System_B_TwoStageOffBanner,75
8206,System_B_TwoStageOffBanner,74
8207,System_B_TwoStageOffBanner,78
8208,System_B_TwoStageOffBanner,119
8209,System_B_TwoStageOffBanner,104
8210,System_B_TwoStageOffBanner,156
8211,System_B_TwoStageOffBanner,76
8212,System_B_TwoStageOffBanner,124
8213,System_B_TwoStageOffBanner,156
8214,System_B_TwoStageOffBanner,113
8215,System_B_TwoStageOffBanner,34
8216,System_B_TwoStageOffBanner,73
8217,System_B_TwoStageOffBanner,53
8218,System_B_TwoStageOffBanner,112
8219,System_B_TwoStageOffBanner,154
8220,System_B_TwoStageOffBanner,39
8221,System_B_TwoStageOffBanner,109
8222,System_B_TwoStageOffBanner,82
8223,System_B_TwoStageOffBanner,79
8224,System_B_TwoStageOffBanner,56
8225,System_B_TwoStageOffBanner,158
8226,System_B_TwoStageOffBanner,12
8227,System_B_TwoStageOffBanner,47
8228,System_B_TwoStageOffBanner,143
8229,System_B_TwoStageOffBanner,79
8230,System_B_TwoStageOffBanner,77
8231,System_B_TwoStageOffBanner,9
8232,System_B_TwoStageOffBanner,57
8233,System_B_TwoStageOffBanner,76
8234,System_B_TwoStageOffBanner,53
8235,System_B_TwoStageOffBanner,153
8236,System_B_TwoStageOffBanner,21
8237,System_B_TwoStageOffBanner,84
8238,System_B_TwoStageOffBanner,60
8239,System_B_TwoStageOffBanner,77
8240,System_B_TwoStageOffBanner,136
8241,System_B_TwoStageOffBanner,36
8242,System_B_TwoStageOffBanner,82
8243,System_B_TwoStageOffBanner,155
8244,System_B_TwoStageOffBanner,75
8245,System_B_TwoStageOffBanner,21
8246,System_B_TwoStageOffBanner,80
8247,System_B_TwoStageOffBanner,80
8248,System_B_TwoStageOffBanner,157
8249,System_B_TwoStageOffBanner,76
8250,System_B_TwoStageOffBanner,78
8251,System_B_TwoStageOffBanner,77
8252,System_B_TwoStageOffBanner,79
8253,System_B_TwoStageOffBanner,81
8254,System_B_TwoStageOffBanner,13
8255,System_B_TwoStageOffBanner,110
8256,System_B_TwoStageOffBanner,114
8257,System_B_TwoStageOffBanner,75
8258,System_B_TwoStageOffBanner,16
8259,System_B_TwoStageOffBanner,76
8260,System_B_TwoStageOffBanner,73
8261,System_B_TwoStageOffBanner,77
8262,System_B_TwoStageOffBanner,74
8263,System_B_TwoStageOffBanner,75
8264,System_B_TwoStageOffBanner,114
8265,System_B_TwoStageOffBanner,84
8266,System_B_TwoStageOffBanner,75
8267,System_B_TwoStageOffBanner,155
8268,System_B_TwoStageOffBanner,13
8269,System_B_TwoStageOffBanner,132
8270,System_B_TwoStageOffBanner,90
8271,System_B_TwoStageOffBanner,131
8272,System_B_TwoStageOffBanner,68
8273,System_B_TwoStageOffBanner,152
8274,System_B_TwoStageOffBanner,76
8275,System_B_TwoStageOffBanner,79
8276,System_B_TwoStageOffBanner,165
8277,System_B_TwoStageOffBanner,76
8278,System_B_TwoStageOffBanner,55
8279,System_B_TwoStageOffBanner,157
8280,System_B_TwoStageOffBanner,148
8281,System_B_TwoStageOffBanner,77
8282,System_B_TwoStageOffBanner,78
8283,System_B_TwoStageOffBanner,125
8284,System_B_TwoStageOffBanner,157
8285,System_B_TwoStageOffBanner,79
8286,System_B_TwoStageOffBanner,155
8287,System_B_TwoStageOffBanner,60
8288,System_B_TwoStageOffBanner,155
8289,System_B_TwoStageOffBanner,45
8290,System_B_TwoStageOffBanner,12
8291,System_B_TwoStageOffBanner,80
8292,System_B_TwoStageOffBanner,34
8293,System_B_TwoStageOffBanner,162
8294,System_B_TwoStageOffBanner,95
8295,System_B_TwoStageOffBanner,2
8296,System_B_TwoStageOffBanner,93
8297,System_B_TwoStageOffBanner,156
8298,System_B_TwoStageOffBanner,12
8299,System_B_TwoStageOffBanner,114
8300,System_B_TwoStageOffBanner,62
8301,System_B_TwoStageOffBanner,128
8302,System_B_TwoStageOffBanner,78
8303,System_B_TwoStageOffBanner,75
8304,System_B_TwoStageOffBanner,89
8305,System_B_TwoStageOffBanner,83
8306,System_B_TwoStageOffBanner,21
8307,System_B_TwoStageOffBanner,146
8308,System_B_TwoStageOffBanner,165
8309,System_B_TwoStageOffBanner,155
8310,System_B_TwoStageOffBanner,160
8311,System_B_TwoStageOffBanner,10
8312,System_B_TwoStageOffBanner,80
8313,System_B_TwoStageOffBanner,93
8314,System_B_TwoStageOffBanner,160
8315,System_B_TwoStageOffBanner,76
8316,System_B_TwoStageOffBanner,154
8317,System_B_TwoStageOffBanner,93
8318,System_B_TwoStageOffBanner,82
8319,System_B_TwoStageOffBanner,79
8320,System_B_TwoStageOffBanner,107
8321,System_B_TwoStageOffBanner,48
8322,System_B_TwoStageOffBanner,1
8323,System_B_TwoStageOffBanner,78
8324,System_B_TwoStageOffBanner,87
8325,System_B_TwoStageOffBanner,157
8326,System_B_TwoStageOffBanner,38
8327,System_B_TwoStageOffBanner,150
8328,System_B_TwoStageOffBanner,71
8329,System_B_TwoStageOffBanner,58
8330,System_B_TwoStageOffBanner,79
8331,System_B_TwoStageOffBanner,154
8332,System_B_TwoStageOffBanner,86
8333,System_B_TwoStageOffBanner,29
8334,System_B_TwoStageOffBanner,75
8335,System_B_TwoStageOffBanner,76
8336,System_B_TwoStageOffBanner,69
8337,System_B_TwoStageOffBanner,82
8338,System_B_TwoStageOffBanner,81
8339,System_B_TwoStageOffBanner,74
8340,System_B_TwoStageOffBanner,97
8341,System_B_TwoStageOffBanner,37
8342,System_B_TwoStageOffBanner,79
8343,System_B_TwoStageOffBanner,34
8344,System_B_TwoStageOffBanner,110
8345,System_B_TwoStageOffBanner,76
8346,System_B_TwoStageOffBanner,154
8347,System_B_TwoStageOffBanner,151
8348,System_B_TwoStageOffBanner,153
8349,System_B_TwoStageOffBanner,106
8350,System_B_TwoStageOffBanner,77
8351,System_B_TwoStageOffBanner,81
8352,System_B_TwoStageOffBanner,154
8353,System_B_TwoStageOffBanner,35
8354,System_B_TwoStageOffBanner,159
8355,System_B_TwoStageOffBanner,153
8356,System_B_TwoStageOffBanner,91
8357,System_B_TwoStageOffBanner,68
8358,System_B_TwoStageOffBanner,76
8359,System_B_TwoStageOffBanner,81
8360,System_B_TwoStageOffBanner,81
8361,System_B_TwoStageOffBanner,74
8362,System_B_TwoStageOffBanner,20
8363,System_B_TwoStageOffBanner,111
8364,System_B_TwoStageOffBanner,74
8365,System_B_TwoStageOffBanner,55
8366,System_B_TwoStageOffBanner,144
8367,System_B_TwoStageOffBanner,90
8368,System_B_TwoStageOffBanner,74
8369,System_B_TwoStageOffBanner,74
8370,System_B_TwoStageOffBanner,77
8371,System_B_TwoStageOffBanner,148
8372,System_B_TwoStageOffBanner,79
8373,System_B_TwoStageOffBanner,40
8374,System_B_TwoStageOffBanner,80
8375,System_B_TwoStageOffBanner,76
8376,System_B_TwoStageOffBanner,156
8377,System_B_TwoStageOffBanner,29
8378,System_B_TwoStageOffBanner,152
8379,System_B_TwoStageOffBanner,76
8380,System_B_TwoStageOffBanner,76
8381,System_B_TwoStageOffBanner,158
8382,System_B_TwoStageOffBanner,82
8383,System_B_TwoStageOffBanner,154
8384,System_B_TwoStageOffBanner,119
8385,System_B_TwoStageOffBanner,144
8386,System_B_TwoStageOffBanner,100
8387,System_B_TwoStageOffBanner,77
8388,System_B_TwoStageOffBanner,16
8389,System_B_TwoStageOffBanner,157
8390,System_B_TwoStageOffBanner,109
8391,System_B_TwoStageOffBanner,54
8392,System_B_TwoStageOffBanner,62
8393,System_B_TwoStageOffBanner,77
8394,System_B_TwoStageOffBanner,91
8395,System_B_TwoStageOffBanner,134
8396,System_B_TwoStageOffBanner,1
8397,System_B_TwoStageOffBanner,103
8398,System_B_TwoStageOffBanner,75
8399,System_B_TwoStageOffBanner,162
8400,System_B_TwoStageOffBanner,131
8401,System_B_TwoStageOffBanner,78
8402,System_B_TwoStageOffBanner,17
8403,System_B_TwoStageOffBanner,77
8404,System_B_TwoStageOffBanner,78
8405,System_B_TwoStageOffBanner,151
8406,System_B_TwoStageOffBanner,71
8407,System_B_TwoStageOffBanner,69
8408,System_B_TwoStageOffBanner,117
8409,System_B_TwoStageOffBanner,4
8410,System_B_TwoStageOffBanner,146
8411,System_B_TwoStageOffBanner,39
8412,System_B_TwoStageOffBanner,153
8413,System_B_TwoStageOffBanner,98
8414,System_B_TwoStageOffBanner,96
8415,System_B_TwoStageOffBanner,79
8416,System_B_TwoStageOffBanner,155
8417,System_B_TwoStageOffBanner,161
8418,System_B_TwoStageOffBanner,152
8419,System_B_TwoStageOffBanner,80
8420,System_B_TwoStageOffBanner,81
8421,System_B_TwoStageOffBanner,156
8422,System_B_TwoStageOffBanner,75
8423,System_B_TwoStageOffBanner,158
8424,System_B_TwoStageOffBanner,85
8425,System_B_TwoStageOffBanner,80
8426,System_B_TwoStageOffBanner,74
8427,System_B_TwoStageOffBanner,156
8428,System_B_TwoStageOffBanner,80
8429,System_B_TwoStageOffBanner,158
8430,System_B_TwoStageOffBanner,20
8431,System_B_TwoStageOffBanner,151
8432,System_B_TwoStageOffBanner,74
8433,System_B_TwoStageOffBanner,154
8434,System_B_TwoStageOffBanner,77
8435,System_B_TwoStageOffBanner,77
8436,System_B_TwoStageOffBanner,149
8437,System_B_TwoStageOffBanner,99
8438,System_B_TwoStageOffBanner,75
8439,System_B_TwoStageOffBanner,6
8440,System_B_TwoStageOffBanner,155
8441,System_B_TwoStageOffBanner,151
8442,System_B_TwoStageOffBanner,79
8443,System_B_TwoStageOffBanner,79
8444,System_B_TwoStageOffBanner,93
8445,System_B_TwoStageOffBanner,154
8446,System_B_TwoStageOffBanner,109
8447,System_B_TwoStageOffBanner,78
8448,System_B_TwoStageOffBanner,157
8449,System_B_TwoStageOffBanner,54
8450,System_B_TwoStageOffBanner,76
8451,System_B_TwoStageOffBanner,150
8452,System_B_TwoStageOffBanner,87
8453,System_B_TwoStageOffBanner,61
8454,System_B_TwoStageOffBanner,84
8455,System_B_TwoStageOffBanner,117
8456,System_B_TwoStageOffBanner,130
8457,System_B_TwoStageOffBanner,19
8458,System_B_TwoStageOffBanner,77
8459,System_B_TwoStageOffBanner,77
8460,System_B_TwoStageOffBanner,79
8461,System_B_TwoStageOffBanner,42
8462,System_B_TwoStageOffBanner,156
8463,System_B_TwoStageOffBanner,74
8464,System_B_TwoStageOffBanner,22
8465,System_B_TwoStageOffBanner,153
8466,System_B_TwoStageOffBanner,17
8467,System_B_TwoStageOffBanner,148
8468,System_B_TwoStageOffBanner,78
8469,System_B_TwoStageOffBanner,77
8470,System_B_TwoStageOffBanner,94
8471,System_B_TwoStageOffBanner,84
8472,System_B_TwoStageOffBanner,13
8473,System_B_TwoStageOffBanner,105
8474,System_B_TwoStageOffBanner,48
8475,System_B_TwoStageOffBanner,80
8476,System_B_TwoStageOffBanner,3
8477,System_B_TwoStageOffBanner,154
8478,System_B_TwoStageOffBanner,17
8479,System_B_TwoStageOffBanner,7
8480,System_B_TwoStageOffBanner,97
8481,System_B_TwoStageOffBanner,78
8482,System_B_TwoStageOffBanner,143
8483,System_B_TwoStageOffBanner,8
8484,System_B_TwoStageOffBanner,153
8485,System_B_TwoStageOffBanner,157
8486,System_B_TwoStageOffBanner,77
8487,System_B_TwoStageOffBanner,99
8488,System_B_TwoStageOffBanner,139
8489,System_B_TwoStageOffBanner,109
8490,System_B_TwoStageOffBanner,79
8491,System_B_TwoStageOffBanner,76
8492,System_B_TwoStageOffBanner,75
8493,System_B_TwoStageOffBanner,79
8494,System_B_TwoStageOffBanner,43
8495,System_B_TwoStageOffBanner,80
8496,System_B_TwoStageOffBanner,71
8497,System_B_TwoStageOffBanner,116
8498,System_B_TwoStageOffBanner,145
8499,System_B_TwoStageOffBanner,49
8500,System_B_TwoStageOffBanner,81
8501,System_B_TwoStageOffBanner,121
8502,System_B_TwoStageOffBanner,76
8503,System_B_TwoStageOffBanner,108
8504,System_B_TwoStageOffBanner,76
8505,System_B_TwoStageOffBanner,72
8506,System_B_TwoStageOffBanner,96
8507,System_B_TwoStageOffBanner,158
8508,System_B_TwoStageOffBanner,76
8509,System_B_TwoStageOffBanner,77
8510,System_B_TwoStageOffBanner,94
8511,System_B_TwoStageOffBanner,23
8512,System_B_TwoStageOffBanner,77
8513,System_B_TwoStageOffBanner,76
8514,System_B_TwoStageOffBanner,80
8515,System_B_TwoStageOffBanner,94
8516,System_B_TwoStageOffBanner,79
8517,System_B_TwoStageOffBanner,124
8518,System_B_TwoStageOffBanner,38
8519,System_B_TwoStageOffBanner,152
8520,System_B_TwoStageOffBanner,82
8521,System_B_TwoStageOffBanner,144
8522,System_B_TwoStageOffBanner,156
8523,System_B_TwoStageOffBanner,63
8524,System_B_TwoStageOffBanner,118
8525,System_B_TwoStageOffBanner,81
8526,System_B_TwoStageOffBanner,160
8527,System_B_TwoStageOffBanner,78
8528,System_B_TwoStageOffBanner,92
8529,System_B_TwoStageOffBanner,102
8530,System_B_TwoStageOffBanner,150
8531,System_B_TwoStageOffBanner,89
8532,System_B_TwoStageOffBanner,6
8533,System_B_TwoStageOffBanner,12
8534,System_B_TwoStageOffBanner,86
8535,System_B_TwoStageOffBanner,34
8536,System_B_TwoStageOffBanner,77
8537,System_B_TwoStageOffBanner,146
8538,System_B_TwoStageOffBanner,89
8539,System_B_TwoStageOffBanner,130
8540,System_B_TwoStageOffBanner,155
8541,System_B_TwoStageOffBanner,79
8542,System_B_TwoStageOffBanner,79
8543,System_B_TwoStageOffBanner,49
8544,System_B_TwoStageOffBanner,78
8545,System_B_TwoStageOffBanner,99
8546,System_B_TwoStageOffBanner,84
8547,System_B_TwoStageOffBanner,66
8548,System_B_TwoStageOffBanner,74
8549,System_B_TwoStageOffBanner,47
8550,System_B_TwoStageOffBanner,140
8551,System_B_TwoStageOffBanner,120
8552,System_B_TwoStageOffBanner,38
8553,System_B_TwoStageOffBanner,16
8554,System_B_TwoStageOffBanner,154
8555,System_B_TwoStageOffBanner,78
8556,System_B_TwoStageOffBanner,47
8557,System_B_TwoStageOffBanner,105
8558,System_B_TwoStageOffBanner,77
8559,System_B_TwoStageOffBanner,134
8560,System_B_TwoStageOffBanner,121
8561,System_B_TwoStageOffBanner,153
8562,System_B_TwoStageOffBanner,13
8563,System_B_TwoStageOffBanner,80
8564,System_B_TwoStageOffBanner,47
8565,System_B_TwoStageOffBanner,155
8566,System_B_TwoStageOffBanner,41
8567,System_B_TwoStageOffBanner,155
8568,System_B_TwoStageOffBanner,75
8569,System_B_TwoStageOffBanner,78
8570,System_B_TwoStageOffBanner,74
8571,System_B_TwoStageOffBanner,81
8572,System_B_TwoStageOffBanner,93
8573,System_B_TwoStageOffBanner,77
8574,System_B_TwoStageOffBanner,78
8575,System_B_TwoStageOffBanner,77
8576,System_B_TwoStageOffBanner,151
8577,System_B_TwoStageOffBanner,77
8578,System_B_TwoStageOffBanner,102
8579,System_B_TwoStageOffBanner,153
8580,System_B_TwoStageOffBanner,128
8581,System_B_TwoStageOffBanner,61
8582,System_B_TwoStageOffBanner,155
8583,System_B_TwoStageOffBanner,105
8584,System_B_TwoStageOffBanner,77
8585,System_B_TwoStageOffBanner,78
8586,System_B_TwoStageOffBanner,79
8587,System_B_TwoStageOffBanner,77
8588,System_B_TwoStageOffBanner,112
8589,System_B_TwoStageOffBanner,80
8590,System_B_TwoStageOffBanner,137
8591,System_B_TwoStageOffBanner,77
8592,System_B_TwoStageOffBanner,42
8593,System_B_TwoStageOffBanner,155
8594,System_B_TwoStageOffBanner,153
8595,System_B_TwoStageOffBanner,79
8596,System_B_TwoStageOffBanner,105
8597,System_B_TwoStageOffBanner,76
8598,System_B_TwoStageOffBanner,78
8599,System_B_TwoStageOffBanner,151
8600,System_B_TwoStageOffBanner,128
8601,System_B_TwoStageOffBanner,76
8602,System_B_TwoStageOffBanner,154
8603,System_B_TwoStageOffBanner,124
8604,System_B_TwoStageOffBanner,80
8605,System_B_TwoStageOffBanner,79
8606,System_B_TwoStageOffBanner,17
8607,System_B_TwoStageOffBanner,155
8608,System_B_TwoStageOffBanner,76
8609,System_B_TwoStageOffBanner,78
8610,System_B_TwoStageOffBanner,48
8611,System_B_TwoStageOffBanner,74
8612,System_B_TwoStageOffBanner,41
8613,System_B_TwoStageOffBanner,152
8614,System_B_TwoStageOffBanner,79
8615,System_B_TwoStageOffBanner,75
8616,System_B_TwoStageOffBanner,82
8617,System_B_TwoStageOffBanner,78
8618,System_B_TwoStageOffBanner,26
8619,System_B_TwoStageOffBanner,125
8620,System_B_TwoStageOffBanner,77
8621,System_B_TwoStageOffBanner,144
8622,System_B_TwoStageOffBanner,81
8623,System_B_TwoStageOffBanner,80
8624,System_B_TwoStageOffBanner,75
8625,System_B_TwoStageOffBanner,58
8626,System_B_TwoStageOffBanner,80
8627,System_B_TwoStageOffBanner,151
8628,System_B_TwoStageOffBanner,154
8629,System_B_TwoStageOffBanner,38
8630,System_B_TwoStageOffBanner,105
8631,System_B_TwoStageOffBanner,122
8632,System_B_TwoStageOffBanner,156
8633,System_B_TwoStageOffBanner,156
8634,System_B_TwoStageOffBanner,74
8635,System_B_TwoStageOffBanner,88
8636,System_B_TwoStageOffBanner,77
8637,System_B_TwoStageOffBanner,153
8638,System_B_TwoStageOffBanner,82
8639,System_B_TwoStageOffBanner,80
8640,System_B_TwoStageOffBanner,105
8641,System_B_TwoStageOffBanner,154
8642,System_B_TwoStageOffBanner,79
8643,System_B_TwoStageOffBanner,161
8644,System_B_TwoStageOffBanner,39
8645,System_B_TwoStageOffBanner,132
8646,System_B_TwoStageOffBanner,40
8647,System_B_TwoStageOffBanner,153
8648,System_B_TwoStageOffBanner,75
8649,System_B_TwoStageOffBanner,106
8650,System_B_TwoStageOffBanner,80
8651,System_B_TwoStageOffBanner,78
8652,System_B_TwoStageOffBanner,78
8653,System_B_TwoStageOffBanner,156
8654,System_B_TwoStageOffBanner,108
8655,System_B_TwoStageOffBanner,80
8656,System_B_TwoStageOffBanner,79
8657,System_B_TwoStageOffBanner,78
8658,System_B_TwoStageOffBanner,16
8659,System_B_TwoStageOffBanner,44
8660,System_B_TwoStageOffBanner,156
8661,System_B_TwoStageOffBanner,79
8662,System_B_TwoStageOffBanner,82
8663,System_B_TwoStageOffBanner,82
8664,System_B_TwoStageOffBanner,156
8665,System_B_TwoStageOffBanner,77
8666,System_B_TwoStageOffBanner,26
8667,System_B_TwoStageOffBanner,79
8668,System_B_TwoStageOffBanner,78
8669,System_B_TwoStageOffBanner,75
8670,System_B_TwoStageOffBanner,154
8671,System_B_TwoStageOffBanner,155
8672,System_B_TwoStageOffBanner,152
8673,System_B_TwoStageOffBanner,66
8674,System_B_TwoStageOffBanner,79
8675,System_B_TwoStageOffBanner,8
8676,System_B_TwoStageOffBanner,26
8677,System_B_TwoStageOffBanner,26
8678,System_B_TwoStageOffBanner,132
8679,System_B_TwoStageOffBanner,156
8680,System_B_TwoStageOffBanner,153
8681,System_B_TwoStageOffBanner,44
8682,System_B_TwoStageOffBanner,79
8683,System_B_TwoStageOffBanner,97
8684,System_B_TwoStageOffBanner,27
8685,System_B_TwoStageOffBanner,26
8686,System_B_TwoStageOffBanner,16
8687,System_B_TwoStageOffBanner,76
8688,System_B_TwoStageOffBanner,119
8689,System_B_TwoStageOffBanner,150
8690,System_B_TwoStageOffBanner,130
8691,System_B_TwoStageOffBanner,82
8692,System_B_TwoStageOffBanner,77
8693,System_B_TwoStageOffBanner,80
8694,System_B_TwoStageOffBanner,14
8695,System_B_TwoStageOffBanner,156
8696,System_B_TwoStageOffBanner,154
8697,System_B_TwoStageOffBanner,106
8698,System_B_TwoStageOffBanner,115
8699,System_B_TwoStageOffBanner,75
8700,System_B_TwoStageOffBanner,23
8701,System_B_TwoStageOffBanner,143
8702,System_B_TwoStageOffBanner,150
8703,System_B_TwoStageOffBanner,76
8704,System_B_TwoStageOffBanner,131
8705,System_B_TwoStageOffBanner,154
8706,System_B_TwoStageOffBanner,153
8707,System_B_TwoStageOffBanner,40
8708,System_B_TwoStageOffBanner,77
8709,System_B_TwoStageOffBanner,152
8710,System_B_TwoStageOffBanner,32
8711,System_B_TwoStageOffBanner,43
8712,System_B_TwoStageOffBanner,158
8713,System_B_TwoStageOffBanner,109
8714,System_B_TwoStageOffBanner,156
8715,System_B_TwoStageOffBanner,82
8716,System_B_TwoStageOffBanner,79
8717,System_B_TwoStageOffBanner,106
8718,System_B_TwoStageOffBanner,55
8719,System_B_TwoStageOffBanner,157
8720,System_B_TwoStageOffBanner,74
8721,System_B_TwoStageOffBanner,78
8722,System_B_TwoStageOffBanner,91
8723,System_B_TwoStageOffBanner,93
8724,System_B_TwoStageOffBanner,126
8725,System_B_TwoStageOffBanner,102
8726,System_B_TwoStageOffBanner,77
8727,System_B_TwoStageOffBanner,158
8728,System_B_TwoStageOffBanner,80
8729,System_B_TwoStageOffBanner,45
8730,System_B_TwoStageOffBanner,140
8731,System_B_TwoStageOffBanner,156
8732,System_B_TwoStageOffBanner,104
8733,System_B_TwoStageOffBanner,159
8734,System_B_TwoStageOffBanner,156
8735,System_B_TwoStageOffBanner,77
8736,System_B_TwoStageOffBanner,155
8737,System_B_TwoStageOffBanner,157
8738,System_B_TwoStageOffBanner,26
8739,System_B_TwoStageOffBanner,20
8740,System_B_TwoStageOffBanner,47
8741,System_B_TwoStageOffBanner,76
8742,System_B_TwoStageOffBanner,133
8743,System_B_TwoStageOffBanner,84
8744,System_B_TwoStageOffBanner,60
8745,System_B_TwoStageOffBanner,153
8746,System_B_TwoStageOffBanner,77
8747,System_B_TwoStageOffBanner,155
8748,System_B_TwoStageOffBanner,57
8749,System_B_TwoStageOffBanner,74
8750,System_B_TwoStageOffBanner,155
8751,System_B_TwoStageOffBanner,154
8752,System_B_TwoStageOffBanner,79
8753,System_B_TwoStageOffBanner,81
8754,System_B_TwoStageOffBanner,149
8755,System_B_TwoStageOffBanner,80
8756,System_B_TwoStageOffBanner,78
8757,System_B_TwoStageOffBanner,75
8758,System_B_TwoStageOffBanner,80
8759,System_B_TwoStageOffBanner,139
8760,System_B_TwoStageOffBanner,113
8761,System_B_TwoStageOffBanner,74
8762,System_B_TwoStageOffBanner,78
8763,System_B_TwoStageOffBanner,156
8764,System_B_TwoStageOffBanner,151
8765,System_B_TwoStageOffBanner,77
8766,System_B_TwoStageOffBanner,46
8767,System_B_TwoStageOffBanner,151
8768,System_B_TwoStageOffBanner,77
8769,System_B_TwoStageOffBanner,25
8770,System_B_TwoStageOffBanner,96
8771,System_B_TwoStageOffBanner,154
8772,System_B_TwoStageOffBanner,78
8773,System_B_TwoStageOffBanner,112
8774,System_B_TwoStageOffBanner,151
8775,System_B_TwoStageOffBanner,94
8776,System_B_TwoStageOffBanner,160
8777,System_B_TwoStageOffBanner,154
8778,System_B_TwoStageOffBanner,150
8779,System_B_TwoStageOffBanner,124
8780,System_B_TwoStageOffBanner,150
8781,System_B_TwoStageOffBanner,153
8782,System_B_TwoStageOffBanner,76
8783,System_B_TwoStageOffBanner,140
8784,System_B_TwoStageOffBanner,115
8785,System_B_TwoStageOffBanner,136
8786,System_B_TwoStageOffBanner,115
8787,System_B_TwoStageOffBanner,157
8788,System_B_TwoStageOffBanner,79
8789,System_B_TwoStageOffBanner,31
8790,System_B_TwoStageOffBanner,78
8791,System_B_TwoStageOffBanner,110
8792,System_B_TwoStageOffBanner,29
8793,System_B_TwoStageOffBanner,155
8794,System_B_TwoStageOffBanner,79
8795,System_B_TwoStageOffBanner,76
8796,System_B_TwoStageOffBanner,80
8797,System_B_TwoStageOffBanner,77
8798,System_B_TwoStageOffBanner,77
8799,System_B_TwoStageOffBanner,53
8800,System_B_TwoStageOffBanner,145
8801,System_B_TwoStageOffBanner,158
8802,System_B_TwoStageOffBanner,107
8803,System_B_TwoStageOffBanner,154
8804,System_B_TwoStageOffBanner,65
8805,System_B_TwoStageOffBanner,47
8806,System_B_TwoStageOffBanner,81
8807,System_B_TwoStageOffBanner,153
8808,System_B_TwoStageOffBanner,155
8809,System_B_TwoStageOffBanner,43
8810,System_B_TwoStageOffBanner,153
8811,System_B_TwoStageOffBanner,75
8812,System_B_TwoStageOffBanner,5
8813,System_B_TwoStageOffBanner,127
8814,System_B_TwoStageOffBanner,35
8815,System_B_TwoStageOffBanner,149
8816,System_B_TwoStageOffBanner,78
8817,System_B_TwoStageOffBanner,132
8818,System_B_TwoStageOffBanner,128
8819,System_B_TwoStageOffBanner,77
8820,System_B_TwoStageOffBanner,93
8821,System_B_TwoStageOffBanner,151
8822,System_B_TwoStageOffBanner,73
8823,System_B_TwoStageOffBanner,150
8824,System_B_TwoStageOffBanner,77
8825,System_B_TwoStageOffBanner,122
8826,System_B_TwoStageOffBanner,77
8827,System_B_TwoStageOffBanner,79
8828,System_B_TwoStageOffBanner,21
8829,System_B_TwoStageOffBanner,9
8830,System_B_TwoStageOffBanner,76
8831,System_B_TwoStageOffBanner,159
8832,System_B_TwoStageOffBanner,75
8833,System_B_TwoStageOffBanner,119
8834,System_B_TwoStageOffBanner,82
8835,System_B_TwoStageOffBanner,29
8836,System_B_TwoStageOffBanner,98
8837,System_B_TwoStageOffBanner,119
8838,System_B_TwoStageOffBanner,79
8839,System_B_TwoStageOffBanner,79
8840,System_B_TwoStageOffBanner,61
8841,System_B_TwoStageOffBanner,31
8842,System_B_TwoStageOffBanner,74
8843,System_B_TwoStageOffBanner,77
8844,System_B_TwoStageOffBanner,138
8845,System_B_TwoStageOffBanner,74
8846,System_B_TwoStageOffBanner,77
8847,System_B_TwoStageOffBanner,109
8848,System_B_TwoStageOffBanner,76
8849,System_B_TwoStageOffBanner,77
8850,System_B_TwoStageOffBanner,26
8851,System_B_TwoStageOffBanner,118
8852,System_B_TwoStageOffBanner,75
8853,System_B_TwoStageOffBanner,79
8854,System_B_TwoStageOffBanner,79
8855,System_B_TwoStageOffBanner,155
8856,System_B_TwoStageOffBanner,98
8857,System_B_TwoStageOffBanner,162
8858,System_B_TwoStageOffBanner,109
8859,System_B_TwoStageOffBanner,79
8860,System_B_TwoStageOffBanner,82
8861,System_B_TwoStageOffBanner,76
8862,System_B_TwoStageOffBanner,79
8863,System_B_TwoStageOffBanner,1
8864,System_B_TwoStageOffBanner,79
8865,System_B_TwoStageOffBanner,28
8866,System_B_TwoStageOffBanner,106
8867,System_B_TwoStageOffBanner,158
8868,System_B_TwoStageOffBanner,37
8869,System_B_TwoStageOffBanner,78
8870,System_B_TwoStageOffBanner,89
8871,System_B_TwoStageOffBanner,153
8872,System_B_TwoStageOffBanner,74
8873,System_B_TwoStageOffBanner,158
8874,System_B_TwoStageOffBanner,159
8875,System_B_TwoStageOffBanner,152
8876,System_B_TwoStageOffBanner,144
8877,System_B_TwoStageOffBanner,68
8878,System_B_TwoStageOffBanner,43
8879,System_B_TwoStageOffBanner,68
8880,System_B_TwoStageOffBanner,122
8881,System_B_TwoStageOffBanner,93
8882,System_B_TwoStageOffBanner,76
8883,System_B_TwoStageOffBanner,74
8884,System_B_TwoStageOffBanner,77
8885,System_B_TwoStageOffBanner,80
8886,System_B_TwoStageOffBanner,144
8887,System_B_TwoStageOffBanner,160
8888,System_B_TwoStageOffBanner,77
8889,System_B_TwoStageOffBanner,158
8890,System_B_TwoStageOffBanner,75
8891,System_B_TwoStageOffBanner,77
8892,System_B_TwoStageOffBanner,42
8893,System_B_TwoStageOffBanner,11
8894,System_B_TwoStageOffBanner,153
8895,System_B_TwoStageOffBanner,12
8896,System_B_TwoStageOffBanner,144
8897,System_B_TwoStageOffBanner,156
8898,System_B_TwoStageOffBanner,135
8899,System_B_TwoStageOffBanner,165
8900,System_B_TwoStageOffBanner,89
8901,System_B_TwoStageOffBanner,76
8902,System_B_TwoStageOffBanner,78
8903,System_B_TwoStageOffBanner,123
8904,System_B_TwoStageOffBanner,80
8905,System_B_TwoStageOffBanner,21
8906,System_B_TwoStageOffBanner,33
8907,System_B_TwoStageOffBanner,86
8908,System_B_TwoStageOffBanner,150
8909,System_B_TwoStageOffBanner,147
8910,System_B_TwoStageOffBanner,78
8911,System_B_TwoStageOffBanner,130
8912,System_B_TwoStageOffBanner,120
8913,System_B_TwoStageOffBanner,74
8914,System_B_TwoStageOffBanner,120
8915,System_B_TwoStageOffBanner,116
8916,System_B_TwoStageOffBanner,28
8917,System_B_TwoStageOffBanner,46
8918,System_B_TwoStageOffBanner,75
8919,System_B_TwoStageOffBanner,75
8920,System_B_TwoStageOffBanner,10
8921,System_B_TwoStageOffBanner,87
8922,System_B_TwoStageOffBanner,90
8923,System_B_TwoStageOffBanner,150
8924,System_B_TwoStageOffBanner,17
8925,System_B_TwoStageOffBanner,29
8926,System_B_TwoStageOffBanner,82
8927,System_B_TwoStageOffBanner,138
8928,System_B_TwoStageOffBanner,148
8929,System_B_TwoStageOffBanner,139
8930,System_B_TwoStageOffBanner,81
8931,System_B_TwoStageOffBanner,85
8932,System_B_TwoStageOffBanner,78
8933,System_B_TwoStageOffBanner,161
8934,System_B_TwoStageOffBanner,78
8935,System_B_TwoStageOffBanner,75
8936,System_B_TwoStageOffBanner,157
8937,System_B_TwoStageOffBanner,157
8938,System_B_TwoStageOffBanner,7
8939,System_B_TwoStageOffBanner,110
8940,System_B_TwoStageOffBanner,53
8941,System_B_TwoStageOffBanner,82
8942,System_B_TwoStageOffBanner,82
8943,System_B_TwoStageOffBanner,19
8944,System_B_TwoStageOffBanner,83
8945,System_B_TwoStageOffBanner,138
8946,System_B_TwoStageOffBanner,103
8947,System_B_TwoStageOffBanner,75
8948,System_B_TwoStageOffBanner,152
8949,System_B_TwoStageOffBanner,71
8950,System_B_TwoStageOffBanner,75
8951,System_B_TwoStageOffBanner,155
8952,System_B_TwoStageOffBanner,156
8953,System_B_TwoStageOffBanner,89
8954,System_B_TwoStageOffBanner,22
8955,System_B_TwoStageOffBanner,155
8956,System_B_TwoStageOffBanner,1
8957,System_B_TwoStageOffBanner,81
8958,System_B_TwoStageOffBanner,75
8959,System_B_TwoStageOffBanner,111
8960,System_B_TwoStageOffBanner,23
8961,System_B_TwoStageOffBanner,22
8962,System_B_TwoStageOffBanner,111
8963,System_B_TwoStageOffBanner,68
8964,System_B_TwoStageOffBanner,150
8965,System_B_TwoStageOffBanner,28
8966,System_B_TwoStageOffBanner,47
8967,System_B_TwoStageOffBanner,141
8968,System_B_TwoStageOffBanner,142
8969,System_B_TwoStageOffBanner,31
8970,System_B_TwoStageOffBanner,153
8971,System_B_TwoStageOffBanner,81
8972,System_B_TwoStageOffBanner,113
8973,System_B_TwoStageOffBanner,78
8974,System_B_TwoStageOffBanner,81
8975,System_B_TwoStageOffBanner,154
8976,System_B_TwoStageOffBanner,74
8977,System_B_TwoStageOffBanner,76
8978,System_B_TwoStageOffBanner,7
8979,System_B_TwoStageOffBanner,157
8980,System_B_TwoStageOffBanner,70
8981,System_B_TwoStageOffBanner,1
8982,System_B_TwoStageOffBanner,79
8983,System_B_TwoStageOffBanner,115
8984,System_B_TwoStageOffBanner,2
8985,System_B_TwoStageOffBanner,158
8986,System_B_TwoStageOffBanner,79
8987,System_B_TwoStageOffBanner,130
8988,System_B_TwoStageOffBanner,5
8989,System_B_TwoStageOffBanner,80
8990,System_B_TwoStageOffBanner,86
8991,System_B_TwoStageOffBanner,106
8992,System_B_TwoStageOffBanner,75
8993,System_B_TwoStageOffBanner,118
8994,System_B_TwoStageOffBanner,80
8995,System_B_TwoStageOffBanner,79
8996,System_B_TwoStageOffBanner,35
8997,System_B_TwoStageOffBanner,72
8998,System_B_TwoStageOffBanner,154
8999,System_B_TwoStageOffBanner,132
9000,System_B_TwoStageOffBanner,151
9001,System_B_TwoStageOffBanner,80
9002,System_B_TwoStageOffBanner,157
9003,System_B_TwoStageOffBanner,78
9004,System_B_TwoStageOffBanner,93
9005,System_B_TwoStageOffBanner,67
9006,System_B_TwoStageOffBanner,118
9007,System_B_TwoStageOffBanner,81
9008,System_B_TwoStageOffBanner,159
9009,System_B_TwoStageOffBanner,158
9010,System_B_TwoStageOffBanner,95
9011,System_B_TwoStageOffBanner,52
9012,System_B_TwoStageOffBanner,150
9013,System_B_TwoStageOffBanner,161
9014,System_B_TwoStageOffBanner,123
9015,System_B_TwoStageOffBanner,75
9016,System_B_TwoStageOffBanner,158
9017,System_B_TwoStageOffBanner,116
9018,System_B_TwoStageOffBanner,3
9019,System_B_TwoStageOffBanner,36
9020,System_B_TwoStageOffBanner,48
9021,System_B_TwoStageOffBanner,49
9022,System_B_TwoStageOffBanner,85
9023,System_B_TwoStageOffBanner,82
9024,System_B_TwoStageOffBanner,69
9025,System_B_TwoStageOffBanner,84
9026,System_B_TwoStageOffBanner,135
9027,System_B_TwoStageOffBanner,74
9028,System_B_TwoStageOffBanner,145
9029,System_B_TwoStageOffBanner,84
9030,System_B_TwoStageOffBanner,128
9031,System_B_TwoStageOffBanner,78
9032,System_B_TwoStageOffBanner,73
9033,System_B_TwoStageOffBanner,90
9034,System_B_TwoStageOffBanner,80
9035,System_B_TwoStageOffBanner,86
9036,System_B_TwoStageOffBanner,154
9037,System_B_TwoStageOffBanner,83
9038,System_B_TwoStageOffBanner,159
9039,System_B_TwoStageOffBanner,29
9040,System_B_TwoStageOffBanner,82
9041,System_B_TwoStageOffBanner,81
9042,System_B_TwoStageOffBanner,154
9043,System_B_TwoStageOffBanner,153
9044,System_B_TwoStageOffBanner,38
9045,System_B_TwoStageOffBanner,76
9046,System_B_TwoStageOffBanner,127
9047,System_B_TwoStageOffBanner,78
9048,System_B_TwoStageOffBanner,147
9049,System_B_TwoStageOffBanner,89
9050,System_B_TwoStageOffBanner,23
9051,System_B_TwoStageOffBanner,38
9052,System_B_TwoStageOffBanner,71
9053,System_B_TwoStageOffBanner,157
9054,System_B_TwoStageOffBanner,155
9055,System_B_TwoStageOffBanner,151
9056,System_B_TwoStageOffBanner,62
9057,System_B_TwoStageOffBanner,80
9058,System_B_TwoStageOffBanner,80
9059,System_B_TwoStageOffBanner,155
9060,System_B_TwoStageOffBanner,77
9061,System_B_TwoStageOffBanner,24
9062,System_B_TwoStageOffBanner,78
9063,System_B_TwoStageOffBanner,142
9064,System_B_TwoStageOffBanner,123
9065,System_B_TwoStageOffBanner,110
9066,System_B_TwoStageOffBanner,76
9067,System_B_TwoStageOffBanner,79
9068,System_B_TwoStageOffBanner,80
9069,System_B_TwoStageOffBanner,153
9070,System_B_TwoStageOffBanner,110
9071,System_B_TwoStageOffBanner,105
9072,System_B_TwoStageOffBanner,17
9073,System_B_TwoStageOffBanner,48
9074,System_B_TwoStageOffBanner,153
9075,System_B_TwoStageOffBanner,74
9076,System_B_TwoStageOffBanner,55
9077,System_B_TwoStageOffBanner,156
9078,System_B_TwoStageOffBanner,1
9079,System_B_TwoStageOffBanner,83
9080,System_B_TwoStageOffBanner,136
9081,System_B_TwoStageOffBanner,44
9082,System_B_TwoStageOffBanner,83
9083,System_B_TwoStageOffBanner,80
9084,System_B_TwoStageOffBanner,151
9085,System_B_TwoStageOffBanner,107
9086,System_B_TwoStageOffBanner,79
9087,System_B_TwoStageOffBanner,53
9088,System_B_TwoStageOffBanner,12
9089,System_B_TwoStageOffBanner,99
9090,System_B_TwoStageOffBanner,153
9091,System_B_TwoStageOffBanner,78
9092,System_B_TwoStageOffBanner,148
9093,System_B_TwoStageOffBanner,79
9094,System_B_TwoStageOffBanner,157
9095,System_B_TwoStageOffBanner,122
9096,System_B_TwoStageOffBanner,88
9097,System_B_TwoStageOffBanner,52
9098,System_B_TwoStageOffBanner,77
9099,System_B_TwoStageOffBanner,103
9100,System_B_TwoStageOffBanner,127
9101,System_B_TwoStageOffBanner,44
9102,System_B_TwoStageOffBanner,81
9103,System_B_TwoStageOffBanner,17
9104,System_B_TwoStageOffBanner,61
9105,System_B_TwoStageOffBanner,76
9106,System_B_TwoStageOffBanner,81
9107,System_B_TwoStageOffBanner,81
9108,System_B_TwoStageOffBanner,152
9109,System_B_TwoStageOffBanner,32
9110,System_B_TwoStageOffBanner,156
9111,System_B_TwoStageOffBanner,48
9112,System_B_TwoStageOffBanner,154
9113,System_B_TwoStageOffBanner,153
9114,System_B_TwoStageOffBanner,78
9115,System_B_TwoStageOffBanner,78
9116,System_B_TwoStageOffBanner,51
9117,System_B_TwoStageOffBanner,81
9118,System_B_TwoStageOffBanner,79
9119,System_B_TwoStageOffBanner,92
9120,System_B_TwoStageOffBanner,93
9121,System_B_TwoStageOffBanner,154
9122,System_B_TwoStageOffBanner,76
9123,System_B_TwoStageOffBanner,43
9124,System_B_TwoStageOffBanner,80
9125,System_B_TwoStageOffBanner,45
9126,System_B_TwoStageOffBanner,75
9127,System_B_TwoStageOffBanner,76
9128,System_B_TwoStageOffBanner,161
9129,System_B_TwoStageOffBanner,98
9130,System_B_TwoStageOffBanner,83
9131,System_B_TwoStageOffBanner,48
9132,System_B_TwoStageOffBanner,78
9133,System_B_TwoStageOffBanner,11
9134,System_B_TwoStageOffBanner,155
9135,System_B_TwoStageOffBanner,75
9136,System_B_TwoStageOffBanner,76
9137,System_B_TwoStageOffBanner,84
9138,System_B_TwoStageOffBanner,157
9139,System_B_TwoStageOffBanner,149
9140,System_B_TwoStageOffBanner,80
9141,System_B_TwoStageOffBanner,77
9142,System_B_TwoStageOffBanner,116
9143,System_B_TwoStageOffBanner,12
9144,System_B_TwoStageOffBanner,80
9145,System_B_TwoStageOffBanner,76
9146,System_B_TwoStageOffBanner,122
9147,System_B_TwoStageOffBanner,77
9148,System_B_TwoStageOffBanner,8
9149,System_B_TwoStageOffBanner,40
9150,System_B_TwoStageOffBanner,133
9151,System_B_TwoStageOffBanner,153
9152,System_B_TwoStageOffBanner,152
9153,System_B_TwoStageOffBanner,62
9154,System_B_TwoStageOffBanner,76
9155,System_B_TwoStageOffBanner,77
9156,System_B_TwoStageOffBanner,151
9157,System_B_TwoStageOffBanner,40
9158,System_B_TwoStageOffBanner,156
9159,System_B_TwoStageOffBanner,64
9160,System_B_TwoStageOffBanner,157
9161,System_B_TwoStageOffBanner,11
9162,System_B_TwoStageOffBanner,59
9163,System_B_TwoStageOffBanner,77
9164,System_B_TwoStageOffBanner,104
9165,System_B_TwoStageOffBanner,18
9166,System_B_TwoStageOffBanner,26
9167,System_B_TwoStageOffBanner,153
9168,System_B_TwoStageOffBanner,85
9169,System_B_TwoStageOffBanner,75
9170,System_B_TwoStageOffBanner,151
9171,System_B_TwoStageOffBanner,78
9172,System_B_TwoStageOffBanner,149
9173,System_B_TwoStageOffBanner,16
9174,System_B_TwoStageOffBanner,80
9175,System_B_TwoStageOffBanner,81
9176,System_B_TwoStageOffBanner,77
9177,System_B_TwoStageOffBanner,44
9178,System_B_TwoStageOffBanner,156
9179,System_B_TwoStageOffBanner,129
9180,System_B_TwoStageOffBanner,154
9181,System_B_TwoStageOffBanner,85
9182,System_B_TwoStageOffBanner,75
9183,System_B_TwoStageOffBanner,80
9184,System_B_TwoStageOffBanner,150
9185,System_B_TwoStageOffBanner,126
9186,System_B_TwoStageOffBanner,160
9187,System_B_TwoStageOffBanner,74
9188,System_B_TwoStageOffBanner,73
9189,System_B_TwoStageOffBanner,78
9190,System_B_TwoStageOffBanner,77
9191,System_B_TwoStageOffBanner,79
9192,System_B_TwoStageOffBanner,46
9193,System_B_TwoStageOffBanner,157
9194,System_B_TwoStageOffBanner,134
9195,System_B_TwoStageOffBanner,156
9196,System_B_TwoStageOffBanner,39
9197,System_B_TwoStageOffBanner,107
9198,System_B_TwoStageOffBanner,79
9199,System_B_TwoStageOffBanner,111
9200,System_B_TwoStageOffBanner,79
9201,System_B_TwoStageOffBanner,105
9202,System_B_TwoStageOffBanner,19
9203,System_B_TwoStageOffBanner,160
9204,System_B_TwoStageOffBanner,159
9205,System_B_TwoStageOffBanner,50
9206,System_B_TwoStageOffBanner,19
9207,System_B_TwoStageOffBanner,132
9208,System_B_TwoStageOffBanner,148
9209,System_B_TwoStageOffBanner,37
9210,System_B_TwoStageOffBanner,153
9211,System_B_TwoStageOffBanner,83
9212,System_B_TwoStageOffBanner,79
9213,System_B_TwoStageOffBanner,76
9214,System_B_TwoStageOffBanner,155
9215,System_B_TwoStageOffBanner,76
9216,System_B_TwoStageOffBanner,66
9217,System_B_TwoStageOffBanner,9
9218,System_B_TwoStageOffBanner,79
9219,System_B_TwoStageOffBanner,78
9220,System_B_TwoStageOffBanner,7
9221,System_B_TwoStageOffBanner,82
9222,System_B_TwoStageOffBanner,76
9223,System_B_TwoStageOffBanner,45
9224,System_B_TwoStageOffBanner,77
9225,System_B_TwoStageOffBanner,45
9226,System_B_TwoStageOffBanner,151
9227,System_B_TwoStageOffBanner,8
9228,System_B_TwoStageOffBanner,92
9229,System_B_TwoStageOffBanner,116
9230,System_B_TwoStageOffBanner,103
9231,System_B_TwoStageOffBanner,26
9232,System_B_TwoStageOffBanner,80
9233,System_B_TwoStageOffBanner,113
9234,System_B_TwoStageOffBanner,153
9235,System_B_TwoStageOffBanner,148
9236,System_B_TwoStageOffBanner,156
9237,System_B_TwoStageOffBanner,21
9238,System_B_TwoStageOffBanner,77
9239,System_B_TwoStageOffBanner,80
9240,System_B_TwoStageOffBanner,76
9241,System_B_TwoStageOffBanner,26
9242,System_B_TwoStageOffBanner,80
9243,System_B_TwoStageOffBanner,80
9244,System_B_TwoStageOffBanner,79
9245,System_B_TwoStageOffBanner,77
9246,System_B_TwoStageOffBanner,80
9247,System_B_TwoStageOffBanner,90
9248,System_B_TwoStageOffBanner,74
9249,System_B_TwoStageOffBanner,156
9250,System_B_TwoStageOffBanner,21
9251,System_B_TwoStageOffBanner,20
9252,System_B_TwoStageOffBanner,154
9253,System_B_TwoStageOffBanner,8
9254,System_B_TwoStageOffBanner,94
9255,System_B_TwoStageOffBanner,156
9256,System_B_TwoStageOffBanner,154
9257,System_B_TwoStageOffBanner,92
9258,System_B_TwoStageOffBanner,77
9259,System_B_TwoStageOffBanner,77
9260,System_B_TwoStageOffBanner,81
9261,System_B_TwoStageOffBanner,149
9262,System_B_TwoStageOffBanner,138
9263,System_B_TwoStageOffBanner,69
9264,System_B_TwoStageOffBanner,92
9265,System_B_TwoStageOffBanner,80
9266,System_B_TwoStageOffBanner,60
9267,System_B_TwoStageOffBanner,157
9268,System_B_TwoStageOffBanner,11
9269,System_B_TwoStageOffBanner,157
9270,System_B_TwoStageOffBanner,79
9271,System_B_TwoStageOffBanner,77
9272,System_B_TwoStageOffBanner,132
9273,System_B_TwoStageOffBanner,26
9274,System_B_TwoStageOffBanner,20
9275,System_B_TwoStageOffBanner,39
9276,System_B_TwoStageOffBanner,159
9277,System_B_TwoStageOffBanner,79
9278,System_B_TwoStageOffBanner,154
9279,System_B_TwoStageOffBanner,79
9280,System_B_TwoStageOffBanner,155
9281,System_B_TwoStageOffBanner,152
9282,System_B_TwoStageOffBanner,75
9283,System_B_TwoStageOffBanner,76
9284,System_B_TwoStageOffBanner,145
9285,System_B_TwoStageOffBanner,80
9286,System_B_TwoStageOffBanner,110
9287,System_B_TwoStageOffBanner,74
9288,System_B_TwoStageOffBanner,39
9289,System_B_TwoStageOffBanner,156
9290,System_B_TwoStageOffBanner,151
9291,System_B_TwoStageOffBanner,79
9292,System_B_TwoStageOffBanner,12
9293,System_B_TwoStageOffBanner,75
9294,System_B_TwoStageOffBanner,117
9295,System_B_TwoStageOffBanner,18
9296,System_B_TwoStageOffBanner,79
9297,System_B_TwoStageOffBanner,81
9298,System_B_TwoStageOffBanner,76
9299,System_B_TwoStageOffBanner,159
9300,System_B_TwoStageOffBanner,78
9301,System_B_TwoStageOffBanner,79
9302,System_B_TwoStageOffBanner,13
9303,System_B_TwoStageOffBanner,129
9304,System_B_TwoStageOffBanner,75
9305,System_B_TwoStageOffBanner,157
9306,System_B_TwoStageOffBanner,141
9307,System_B_TwoStageOffBanner,151
9308,System_B_TwoStageOffBanner,30
9309,System_B_TwoStageOffBanner,75
9310,System_B_TwoStageOffBanner,76
9311,System_B_TwoStageOffBanner,103
9312,System_B_TwoStageOffBanner,155
9313,System_B_TwoStageOffBanner,17
9314,System_B_TwoStageOffBanner,32
9315,System_B_TwoStageOffBanner,79
9316,System_B_TwoStageOffBanner,77
9317,System_B_TwoStageOffBanner,85
9318,System_B_TwoStageOffBanner,74
9319,System_B_TwoStageOffBanner,155
9320,System_B_TwoStageOffBanner,144
9321,System_B_TwoStageOffBanner,117
9322,System_B_TwoStageOffBanner,77
9323,System_B_TwoStageOffBanner,82
9324,System_B_TwoStageOffBanner,75
9325,System_B_TwoStageOffBanner,80
9326,System_B_TwoStageOffBanner,79
9327,System_B_TwoStageOffBanner,77
9328,System_B_TwoStageOffBanner,42
9329,System_B_TwoStageOffBanner,75
9330,System_B_TwoStageOffBanner,75
9331,System_B_TwoStageOffBanner,117
9332,System_B_TwoStageOffBanner,80
9333,System_B_TwoStageOffBanner,161
9334,System_B_TwoStageOffBanner,78
9335,System_B_TwoStageOffBanner,103
9336,System_B_TwoStageOffBanner,153
9337,System_B_TwoStageOffBanner,70
9338,System_B_TwoStageOffBanner,15
9339,System_B_TwoStageOffBanner,75
9340,System_B_TwoStageOffBanner,79
9341,System_B_TwoStageOffBanner,80
9342,System_B_TwoStageOffBanner,80
9343,System_B_TwoStageOffBanner,43
9344,System_B_TwoStageOffBanner,3
9345,System_B_TwoStageOffBanner,154
9346,System_B_TwoStageOffBanner,155
9347,System_B_TwoStageOffBanner,101
9348,System_B_TwoStageOffBanner,81
9349,System_B_TwoStageOffBanner,118
9350,System_B_TwoStageOffBanner,76
9351,System_B_TwoStageOffBanner,61
9352,System_B_TwoStageOffBanner,80
9353,System_B_TwoStageOffBanner,158
9354,System_B_TwoStageOffBanner,155
9355,System_B_TwoStageOffBanner,72
9356,System_B_TwoStageOffBanner,67
9357,System_B_TwoStageOffBanner,76
9358,System_B_TwoStageOffBanner,161
9359,System_B_TwoStageOffBanner,74
9360,System_B_TwoStageOffBanner,135
9361,System_B_TwoStageOffBanner,127
9362,System_B_TwoStageOffBanner,152
9363,System_B_TwoStageOffBanner,74
9364,System_B_TwoStageOffBanner,78
9365,System_B_TwoStageOffBanner,155
9366,System_B_TwoStageOffBanner,16
9367,System_B_TwoStageOffBanner,82
9368,System_B_TwoStageOffBanner,154
9369,System_B_TwoStageOffBanner,38
9370,System_B_TwoStageOffBanner,114
9371,System_B_TwoStageOffBanner,27
9372,System_B_TwoStageOffBanner,78
9373,System_B_TwoStageOffBanner,155
9374,System_B_TwoStageOffBanner,77
9375,System_B_TwoStageOffBanner,154
9376,System_B_TwoStageOffBanner,78
9377,System_B_TwoStageOffBanner,24
9378,System_B_TwoStageOffBanner,139
9379,System_B_TwoStageOffBanner,22
9380,System_B_TwoStageOffBanner,151
9381,System_B_TwoStageOffBanner,77
9382,System_B_TwoStageOffBanner,133
9383,System_B_TwoStageOffBanner,76
9384,System_B_TwoStageOffBanner,99
9385,System_B_TwoStageOffBanner,22
9386,System_B_TwoStageOffBanner,123
9387,System_B_TwoStageOffBanner,49
9388,System_B_TwoStageOffBanner,106
9389,System_B_TwoStageOffBanner,77
9390,System_B_TwoStageOffBanner,162
9391,System_B_TwoStageOffBanner,15
9392,System_B_TwoStageOffBanner,63
9393,System_B_TwoStageOffBanner,73
9394,System_B_TwoStageOffBanner,77
9395,System_B_TwoStageOffBanner,80
9396,System_B_TwoStageOffBanner,122
9397,System_B_TwoStageOffBanner,34
9398,System_B_TwoStageOffBanner,107
9399,System_B_TwoStageOffBanner,76
9400,System_B_TwoStageOffBanner,134
9401,System_B_TwoStageOffBanner,107
9402,System_B_TwoStageOffBanner,150
9403,System_B_TwoStageOffBanner,109
9404,System_B_TwoStageOffBanner,152
9405,System_B_TwoStageOffBanner,24
9406,System_B_TwoStageOffBanner,153
9407,System_B_TwoStageOffBanner,103
9408,System_B_TwoStageOffBanner,158
9409,System_B_TwoStageOffBanner,153
9410,System_B_TwoStageOffBanner,79
9411,System_B_TwoStageOffBanner,58
9412,System_B_TwoStageOffBanner,151
9413,System_B_TwoStageOffBanner,99
9414,System_B_TwoStageOffBanner,27
9415,System_B_TwoStageOffBanner,157
9416,System_B_TwoStageOffBanner,156
9417,System_B_TwoStageOffBanner,145
9418,System_B_TwoStageOffBanner,79
9419,System_B_TwoStageOffBanner,106
9420,System_B_TwoStageOffBanner,115
9421,System_B_TwoStageOffBanner,151
9422,System_B_TwoStageOffBanner,67
9423,System_B_TwoStageOffBanner,102
9424,System_B_TwoStageOffBanner,137
9425,System_B_TwoStageOffBanner,76
9426,System_B_TwoStageOffBanner,73
9427,System_B_TwoStageOffBanner,161
9428,System_B_TwoStageOffBanner,78
9429,System_B_TwoStageOffBanner,81
9430,System_B_TwoStageOffBanner,142
9431,System_B_TwoStageOffBanner,97
9432,System_B_TwoStageOffBanner,98
9433,System_B_TwoStageOffBanner,158
9434,System_B_TwoStageOffBanner,78
9435,System_B_TwoStageOffBanner,156
9436,System_B_TwoStageOffBanner,93
9437,System_B_TwoStageOffBanner,56
9438,System_B_TwoStageOffBanner,74
9439,System_B_TwoStageOffBanner,80
9440,System_B_TwoStageOffBanner,75
9441,System_B_TwoStageOffBanner,82
9442,System_B_TwoStageOffBanner,79
9443,System_B_TwoStageOffBanner,96
9444,System_B_TwoStageOffBanner,151
9445,System_B_TwoStageOffBanner,127
9446,System_B_TwoStageOffBanner,148
9447,System_B_TwoStageOffBanner,157
9448,System_B_TwoStageOffBanner,161
9449,System_B_TwoStageOffBanner,130
9450,System_B_TwoStageOffBanner,149
9451,System_B_TwoStageOffBanner,24
9452,System_B_TwoStageOffBanner,14
9453,System_B_TwoStageOffBanner,78
9454,System_B_TwoStageOffBanner,80
9455,System_B_TwoStageOffBanner,81
9456,System_B_TwoStageOffBanner,82
9457,System_B_TwoStageOffBanner,38
9458,System_B_TwoStageOffBanner,96
9459,System_B_TwoStageOffBanner,5
9460,System_B_TwoStageOffBanner,157
9461,System_B_TwoStageOffBanner,157
9462,System_B_TwoStageOffBanner,78
9463,System_B_TwoStageOffBanner,141
9464,System_B_TwoStageOffBanner,6
9465,System_B_TwoStageOffBanner,74
9466,System_B_TwoStageOffBanner,78
9467,System_B_TwoStageOffBanner,95
9468,System_B_TwoStageOffBanner,131
9469,System_B_TwoStageOffBanner,75
9470,System_B_TwoStageOffBanner,82
9471,System_B_TwoStageOffBanner,80
9472,System_B_TwoStageOffBanner,30
9473,System_B_TwoStageOffBanner,79
9474,System_B_TwoStageOffBanner,109
9475,System_B_TwoStageOffBanner,151
9476,System_B_TwoStageOffBanner,77
9477,System_B_TwoStageOffBanner,61
9478,System_B_TwoStageOffBanner,6
9479,System_B_TwoStageOffBanner,81
9480,System_B_TwoStageOffBanner,2
9481,System_B_TwoStageOffBanner,152
9482,System_B_TwoStageOffBanner,153
9483,System_B_TwoStageOffBanner,17
9484,System_B_TwoStageOffBanner,156
9485,System_B_TwoStageOffBanner,141
9486,System_B_TwoStageOffBanner,15
9487,System_B_TwoStageOffBanner,75
9488,System_B_TwoStageOffBanner,87
9489,System_B_TwoStageOffBanner,158
9490,System_B_TwoStageOffBanner,151
9491,System_B_TwoStageOffBanner,77
9492,System_B_TwoStageOffBanner,106
9493,System_B_TwoStageOffBanner,79
9494,System_B_TwoStageOffBanner,159
9495,System_B_TwoStageOffBanner,17
9496,System_B_TwoStageOffBanner,95
9497,System_B_TwoStageOffBanner,117
9498,System_B_TwoStageOffBanner,154
9499,System_B_TwoStageOffBanner,128
9500,System_B_TwoStageOffBanner,153
9501,System_B_TwoStageOffBanner,118
9502,System_B_TwoStageOffBanner,150
9503,System_B_TwoStageOffBanner,128
9504,System_B_TwoStageOffBanner,154
9505,System_B_TwoStageOffBanner,74
9506,System_B_TwoStageOffBanner,83
9507,System_B_TwoStageOffBanner,76
9508,System_B_TwoStageOffBanner,156
9509,System_B_TwoStageOffBanner,135
9510,System_B_TwoStageOffBanner,75
9511,System_B_TwoStageOffBanner,154
9512,System_B_TwoStageOffBanner,158
9513,System_B_TwoStageOffBanner,100
9514,System_B_TwoStageOffBanner,138
9515,System_B_TwoStageOffBanner,35
9516,System_B_TwoStageOffBanner,13
9517,System_B_TwoStageOffBanner,77
9518,System_B_TwoStageOffBanner,110
9519,System_B_TwoStageOffBanner,33
9520,System_B_TwoStageOffBanner,70
9521,System_B_TwoStageOffBanner,59
9522,System_B_TwoStageOffBanner,76
9523,System_B_TwoStageOffBanner,80
9524,System_B_TwoStageOffBanner,123
9525,System_B_TwoStageOffBanner,153
9526,System_B_TwoStageOffBanner,38
9527,System_B_TwoStageOffBanner,78
9528,System_B_TwoStageOffBanner,129
9529,System_B_TwoStageOffBanner,159
9530,System_B_TwoStageOffBanner,155
9531,System_B_TwoStageOffBanner,156
9532,System_B_TwoStageOffBanner,130
9533,System_B_TwoStageOffBanner,156
9534,System_B_TwoStageOffBanner,154
9535,System_B_TwoStageOffBanner,161
9536,System_B_TwoStageOffBanner,79
9537,System_B_TwoStageOffBanner,81
9538,System_B_TwoStageOffBanner,44
9539,System_B_TwoStageOffBanner,156
9540,System_B_TwoStageOffBanner,74
9541,System_B_TwoStageOffBanner,11
9542,System_B_TwoStageOffBanner,42
9543,System_B_TwoStageOffBanner,149
9544,System_B_TwoStageOffBanner,17
9545,System_B_TwoStageOffBanner,95
9546,System_B_TwoStageOffBanner,156
9547,System_B_TwoStageOffBanner,77
9548,System_B_TwoStageOffBanner,101
9549,System_B_TwoStageOffBanner,81
9550,System_B_TwoStageOffBanner,157
9551,System_B_TwoStageOffBanner,84
9552,System_B_TwoStageOffBanner,54
9553,System_B_TwoStageOffBanner,38
9554,System_B_TwoStageOffBanner,74
9555,System_B_TwoStageOffBanner,149
9556,System_B_TwoStageOffBanner,88
9557,System_B_TwoStageOffBanner,77
9558,System_B_TwoStageOffBanner,62
9559,System_B_TwoStageOffBanner,74
9560,System_B_TwoStageOffBanner,88
9561,System_B_TwoStageOffBanner,77
9562,System_B_TwoStageOffBanner,75
9563,System_B_TwoStageOffBanner,112
9564,System_B_TwoStageOffBanner,156
9565,System_B_TwoStageOffBanner,79
9566,System_B_TwoStageOffBanner,22
9567,System_B_TwoStageOffBanner,36
9568,System_B_TwoStageOffBanner,134
9569,System_B_TwoStageOffBanner,86
9570,System_B_TwoStageOffBanner,91
9571,System_B_TwoStageOffBanner,49
9572,System_B_TwoStageOffBanner,88
9573,System_B_TwoStageOffBanner,154
9574,System_B_TwoStageOffBanner,77
9575,System_B_TwoStageOffBanner,80
9576,System_B_TwoStageOffBanner,155
9577,System_B_TwoStageOffBanner,8
9578,System_B_TwoStageOffBanner,108
9579,System_B_TwoStageOffBanner,155
9580,System_B_TwoStageOffBanner,155
9581,System_B_TwoStageOffBanner,2
9582,System_B_TwoStageOffBanner,81
9583,System_B_TwoStageOffBanner,27
9584,System_B_TwoStageOffBanner,75
9585,System_B_TwoStageOffBanner,33
9586,System_B_TwoStageOffBanner,77
9587,System_B_TwoStageOffBanner,75
9588,System_B_TwoStageOffBanner,74
9589,System_B_TwoStageOffBanner,78
9590,System_B_TwoStageOffBanner,157
9591,System_B_TwoStageOffBanner,79
9592,System_B_TwoStageOffBanner,110
9593,System_B_TwoStageOffBanner,160
9594,System_B_TwoStageOffBanner,75
9595,System_B_TwoStageOffBanner,143
9596,System_B_TwoStageOffBanner,11
9597,System_B_TwoStageOffBanner,80
9598,System_B_TwoStageOffBanner,156
9599,System_B_TwoStageOffBanner,89
9600,System_B_TwoStageOffBanner,157
9601,System_B_TwoStageOffBanner,75
9602,System_B_TwoStageOffBanner,153
9603,System_B_TwoStageOffBanner,97
9604,System_B_TwoStageOffBanner,111
9605,System_B_TwoStageOffBanner,159
9606,System_B_TwoStageOffBanner,74
9607,System_B_TwoStageOffBanner,152
9608,System_B_TwoStageOffBanner,77
9609,System_B_TwoStageOffBanner,77
9610,System_B_TwoStageOffBanner,76
9611,System_B_TwoStageOffBanner,26
9612,System_B_TwoStageOffBanner,84
9613,System_B_TwoStageOffBanner,74
9614,System_B_TwoStageOffBanner,72
9615,System_B_TwoStageOffBanner,76
9616,System_B_TwoStageOffBanner,78
9617,System_B_TwoStageOffBanner,5
9618,System_B_TwoStageOffBanner,22
9619,System_B_TwoStageOffBanner,77
9620,System_B_TwoStageOffBanner,78
9621,System_B_TwoStageOffBanner,29
9622,System_B_TwoStageOffBanner,154
9623,System_B_TwoStageOffBanner,149
9624,System_B_TwoStageOffBanner,92
9625,System_B_TwoStageOffBanner,77
9626,System_B_TwoStageOffBanner,100
9627,System_B_TwoStageOffBanner,158
9628,System_B_TwoStageOffBanner,74
9629,System_B_TwoStageOffBanner,77
9630,System_B_TwoStageOffBanner,44
9631,System_B_TwoStageOffBanner,158
9632,System_B_TwoStageOffBanner,158
9633,System_B_TwoStageOffBanner,158
9634,System_B_TwoStageOffBanner,67
9635,System_B_TwoStageOffBanner,77
9636,System_B_TwoStageOffBanner,74
9637,System_B_TwoStageOffBanner,61
9638,System_B_TwoStageOffBanner,36
9639,System_B_TwoStageOffBanner,110
9640,System_B_TwoStageOffBanner,111
9641,System_B_TwoStageOffBanner,20
9642,System_B_TwoStageOffBanner,68
9643,System_B_TwoStageOffBanner,150
9644,System_B_TwoStageOffBanner,36
9645,System_B_TwoStageOffBanner,149
9646,System_B_TwoStageOffBanner,76
9647,System_B_TwoStageOffBanner,159
9648,System_B_TwoStageOffBanner,78
9649,System_B_TwoStageOffBanner,23
9650,System_B_TwoStageOffBanner,76
9651,System_B_TwoStageOffBanner,60
9652,System_B_TwoStageOffBanner,46
9653,System_B_TwoStageOffBanner,63
9654,System_B_TwoStageOffBanner,75
9655,System_B_TwoStageOffBanner,76
9656,System_B_TwoStageOffBanner,154
9657,System_B_TwoStageOffBanner,24
9658,System_B_TwoStageOffBanner,33
9659,System_B_TwoStageOffBanner,80
9660,System_B_TwoStageOffBanner,77
9661,System_B_TwoStageOffBanner,77
9662,System_B_TwoStageOffBanner,28
9663,System_B_TwoStageOffBanner,159
9664,System_B_TwoStageOffBanner,75
9665,System_B_TwoStageOffBanner,15
9666,System_B_TwoStageOffBanner,77
9667,System_B_TwoStageOffBanner,77
9668,System_B_TwoStageOffBanner,154
9669,System_B_TwoStageOffBanner,76
9670,System_B_TwoStageOffBanner,22
9671,System_B_TwoStageOffBanner,55
9672,System_B_TwoStageOffBanner,77
9673,System_B_TwoStageOffBanner,75
9674,System_B_TwoStageOffBanner,67
9675,System_B_TwoStageOffBanner,78
9676,System_B_TwoStageOffBanner,29
9677,System_B_TwoStageOffBanner,7
9678,System_B_TwoStageOffBanner,79
9679,System_B_TwoStageOffBanner,79
9680,System_B_TwoStageOffBanner,156
9681,System_B_TwoStageOffBanner,77
9682,System_B_TwoStageOffBanner,78
9683,System_B_TwoStageOffBanner,13
9684,System_B_TwoStageOffBanner,113
9685,System_B_TwoStageOffBanner,100
9686,System_B_TwoStageOffBanner,76
9687,System_B_TwoStageOffBanner,26
9688,System_B_TwoStageOffBanner,108
9689,System_B_TwoStageOffBanner,97
9690,System_B_TwoStageOffBanner,35
9691,System_B_TwoStageOffBanner,74
9692,System_B_TwoStageOffBanner,128
9693,System_B_TwoStageOffBanner,158
9694,System_B_TwoStageOffBanner,152
9695,System_B_TwoStageOffBanner,75
9696,System_B_TwoStageOffBanner,77
9697,System_B_TwoStageOffBanner,2
9698,System_B_TwoStageOffBanner,80
9699,System_B_TwoStageOffBanner,136
9700,System_B_TwoStageOffBanner,74
9701,System_B_TwoStageOffBanner,14
9702,System_B_TwoStageOffBanner,11
9703,System_B_TwoStageOffBanner,14
9704,System_B_TwoStageOffBanner,20
9705,System_B_TwoStageOffBanner,152
9706,System_B_TwoStageOffBanner,79
9707,System_B_TwoStageOffBanner,149
9708,System_B_TwoStageOffBanner,77
9709,System_B_TwoStageOffBanner,27
9710,System_B_TwoStageOffBanner,158
9711,System_B_TwoStageOffBanner,32
9712,System_B_TwoStageOffBanner,155
9713,System_B_TwoStageOffBanner,57
9714,System_B_TwoStageOffBanner,76
9715,System_B_TwoStageOffBanner,42
9716,System_B_TwoStageOffBanner,157
9717,System_B_TwoStageOffBanner,28
9718,System_B_TwoStageOffBanner,149
9719,System_B_TwoStageOffBanner,80
9720,System_B_TwoStageOffBanner,63
9721,System_B_TwoStageOffBanner,78
9722,System_B_TwoStageOffBanner,157
9723,System_B_TwoStageOffBanner,80
9724,System_B_TwoStageOffBanner,48
9725,System_B_TwoStageOffBanner,46
9726,System_B_TwoStageOffBanner,78
9727,System_B_TwoStageOffBanner,76
9728,System_B_TwoStageOffBanner,153
9729,System_B_TwoStageOffBanner,76
9730,System_B_TwoStageOffBanner,81
9731,System_B_TwoStageOffBanner,157
9732,System_B_TwoStageOffBanner,154
9733,System_B_TwoStageOffBanner,13
9734,System_B_TwoStageOffBanner,148
9735,System_B_TwoStageOffBanner,154
9736,System_B_TwoStageOffBanner,78
9737,System_B_TwoStageOffBanner,83
9738,System_B_TwoStageOffBanner,152
9739,System_B_TwoStageOffBanner,158
9740,System_B_TwoStageOffBanner,157
9741,System_B_TwoStageOffBanner,8
9742,System_B_TwoStageOffBanner,76
9743,System_B_TwoStageOffBanner,107
9744,System_B_TwoStageOffBanner,139
9745,System_B_TwoStageOffBanner,78
9746,System_B_TwoStageOffBanner,93
9747,System_B_TwoStageOffBanner,79
9748,System_B_TwoStageOffBanner,50
9749,System_B_TwoStageOffBanner,85
9750,System_B_TwoStageOffBanner,76
9751,System_B_TwoStageOffBanner,131
9752,System_B_TwoStageOffBanner,81
9753,System_B_TwoStageOffBanner,104
9754,System_B_TwoStageOffBanner,74
9755,System_B_TwoStageOffBanner,26
9756,System_B_TwoStageOffBanner,76
9757,System_B_TwoStageOffBanner,66
9758,System_B_TwoStageOffBanner,90
9759,System_B_TwoStageOffBanner,77
9760,System_B_TwoStageOffBanner,78
9761,System_B_TwoStageOffBanner,154
9762,System_B_TwoStageOffBanner,83
9763,System_B_TwoStageOffBanner,25
9764,System_B_TwoStageOffBanner,76
9765,System_B_TwoStageOffBanner,72
9766,System_B_TwoStageOffBanner,128
9767,System_B_TwoStageOffBanner,79
9768,System_B_TwoStageOffBanner,75
9769,System_B_TwoStageOffBanner,91
9770,System_B_TwoStageOffBanner,158
9771,System_B_TwoStageOffBanner,75
9772,System_B_TwoStageOffBanner,19
9773,System_B_TwoStageOffBanner,46
9774,System_B_TwoStageOffBanner,89
9775,System_B_TwoStageOffBanner,76
9776,System_B_TwoStageOffBanner,94
9777,System_B_TwoStageOffBanner,81
9778,System_B_TwoStageOffBanner,68
9779,System_B_TwoStageOffBanner,80
9780,System_B_TwoStageOffBanner,102
9781,System_B_TwoStageOffBanner,158
9782,System_B_TwoStageOffBanner,78
9783,System_B_TwoStageOffBanner,145
9784,System_B_TwoStageOffBanner,86
9785,System_B_TwoStageOffBanner,78
9786,System_B_TwoStageOffBanner,55
9787,System_B_TwoStageOffBanner,95
9788,System_B_TwoStageOffBanner,126
9789,System_B_TwoStageOffBanner,158
9790,System_B_TwoStageOffBanner,151
9791,System_B_TwoStageOffBanner,74
9792,System_B_TwoStageOffBanner,77
9793,System_B_TwoStageOffBanner,152
9794,System_B_TwoStageOffBanner,29
9795,System_B_TwoStageOffBanner,81
9796,System_B_TwoStageOffBanner,75
9797,System_B_TwoStageOffBanner,78
9798,System_B_TwoStageOffBanner,79
9799,System_B_TwoStageOffBanner,80
9800,System_B_TwoStageOffBanner,106
9801,System_B_TwoStageOffBanner,152
9802,System_B_TwoStageOffBanner,14
9803,System_B_TwoStageOffBanner,80
9804,System_B_TwoStageOffBanner,159
9805,System_B_TwoStageOffBanner,75
9806,System_B_TwoStageOffBanner,155
9807,System_B_TwoStageOffBanner,82
9808,System_B_TwoStageOffBanner,75
9809,System_B_TwoStageOffBanner,78
9810,System_B_TwoStageOffBanner,18
9811,System_B_TwoStageOffBanner,97
9812,System_B_TwoStageOffBanner,120
9813,System_B_TwoStageOffBanner,144
9814,System_B_TwoStageOffBanner,104
9815,System_B_TwoStageOffBanner,69
9816,System_B_TwoStageOffBanner,89
9817,System_B_TwoStageOffBanner,158
9818,System_B_TwoStageOffBanner,79
9819,System_B_TwoStageOffBanner,25
9820,System_B_TwoStageOffBanner,153
9821,System_B_TwoStageOffBanner,155
9822,System_B_TwoStageOffBanner,78
9823,System_B_TwoStageOffBanner,128
9824,System_B_TwoStageOffBanner,16
9825,System_B_TwoStageOffBanner,82
9826,System_B_TwoStageOffBanner,123
9827,System_B_TwoStageOffBanner,77
9828,System_B_TwoStageOffBanner,130
9829,System_B_TwoStageOffBanner,154
9830,System_B_TwoStageOffBanner,78
9831,System_B_TwoStageOffBanner,75
9832,System_B_TwoStageOffBanner,109
9833,System_B_TwoStageOffBanner,157
9834,System_B_TwoStageOffBanner,162
9835,System_B_TwoStageOffBanner,76
9836,System_B_TwoStageOffBanner,153
9837,System_B_TwoStageOffBanner,155
9838,System_B_TwoStageOffBanner,73
9839,System_B_TwoStageOffBanner,79
9840,System_B_TwoStageOffBanner,113
9841,System_B_TwoStageOffBanner,151
9842,System_B_TwoStageOffBanner,157
9843,System_B_TwoStageOffBanner,151
9844,System_B_TwoStageOffBanner,78
9845,System_B_TwoStageOffBanner,154
9846,System_B_TwoStageOffBanner,59
9847,System_B_TwoStageOffBanner,152
9848,System_B_TwoStageOffBanner,150
9849,System_B_TwoStageOffBanner,151
9850,System_B_TwoStageOffBanner,133
9851,System_B_TwoStageOffBanner,76
9852,System_B_TwoStageOffBanner,77
9853,System_B_TwoStageOffBanner,75
9854,System_B_TwoStageOffBanner,104
9855,System_B_TwoStageOffBanner,11
9856,System_B_TwoStageOffBanner,130
9857,System_B_TwoStageOffBanner,79
9858,System_B_TwoStageOffBanner,79
9859,System_B_TwoStageOffBanner,82
9860,System_B_TwoStageOffBanner,81
9861,System_B_TwoStageOffBanner,158
9862,System_B_TwoStageOffBanner,154
9863,System_B_TwoStageOffBanner,156
9864,System_B_TwoStageOffBanner,157
9865,System_B_TwoStageOffBanner,77
9866,System_B_TwoStageOffBanner,129
9867,System_B_TwoStageOffBanner,154
9868,System_B_TwoStageOffBanner,150
9869,System_B_TwoStageOffBanner,75
9870,System_B_TwoStageOffBanner,152
9871,System_B_TwoStageOffBanner,77
9872,System_B_TwoStageOffBanner,75
9873,System_B_TwoStageOffBanner,78
9874,System_B_TwoStageOffBanner,100
9875,System_B_TwoStageOffBanner,74
9876,System_B_TwoStageOffBanner,157
9877,System_B_TwoStageOffBanner,157
9878,System_B_TwoStageOffBanner,76
9879,System_B_TwoStageOffBanner,153
9880,System_B_TwoStageOffBanner,15
9881,System_B_TwoStageOffBanner,79
9882,System_B_TwoStageOffBanner,125
9883,System_B_TwoStageOffBanner,80
9884,System_B_TwoStageOffBanner,152
9885,System_B_TwoStageOffBanner,32
9886,System_B_TwoStageOffBanner,154
9887,System_B_TwoStageOffBanner,113
9888,System_B_TwoStageOffBanner,152
9889,System_B_TwoStageOffBanner,56
9890,System_B_TwoStageOffBanner,151
9891,System_B_TwoStageOffBanner,79
9892,System_B_TwoStageOffBanner,149
9893,System_B_TwoStageOffBanner,83
9894,System_B_TwoStageOffBanner,79
9895,System_B_TwoStageOffBanner,30
9896,System_B_TwoStageOffBanner,160
9897,System_B_TwoStageOffBanner,115
9898,System_B_TwoStageOffBanner,111
9899,System_B_TwoStageOffBanner,78
9900,System_B_TwoStageOffBanner,78
9901,System_B_TwoStageOffBanner,75
9902,System_B_TwoStageOffBanner,76
9903,System_B_TwoStageOffBanner,74
9904,System_B_TwoStageOffBanner,41
9905,System_B_TwoStageOffBanner,46
9906,System_B_TwoStageOffBanner,63
9907,System_B_TwoStageOffBanner,129
9908,System_B_TwoStageOffBanner,157
9909,System_B_TwoStageOffBanner,81
9910,System_B_TwoStageOffBanner,78
9911,System_B_TwoStageOffBanner,143
9912,System_B_TwoStageOffBanner,80
9913,System_B_TwoStageOffBanner,75
9914,System_B_TwoStageOffBanner,76
9915,System_B_TwoStageOffBanner,151
9916,System_B_TwoStageOffBanner,86
9917,System_B_TwoStageOffBanner,127
9918,System_B_TwoStageOffBanner,43
9919,System_B_TwoStageOffBanner,153
9920,System_B_TwoStageOffBanner,43
9921,System_B_TwoStageOffBanner,76
9922,System_B_TwoStageOffBanner,75
9923,System_B_TwoStageOffBanner,6
9924,System_B_TwoStageOffBanner,155
9925,System_B_TwoStageOffBanner,159
9926,System_B_TwoStageOffBanner,151
9927,System_B_TwoStageOffBanner,75
9928,System_B_TwoStageOffBanner,79
9929,System_B_TwoStageOffBanner,42
9930,System_B_TwoStageOffBanner,3
9931,System_B_TwoStageOffBanner,160
9932,System_B_TwoStageOffBanner,76
9933,System_B_TwoStageOffBanner,158
9934,System_B_TwoStageOffBanner,24
9935,System_B_TwoStageOffBanner,76
9936,System_B_TwoStageOffBanner,8
9937,System_B_TwoStageOffBanner,75
9938,System_B_TwoStageOffBanner,78
9939,System_B_TwoStageOffBanner,150
9940,System_B_TwoStageOffBanner,77
9941,System_B_TwoStageOffBanner,78
9942,System_B_TwoStageOffBanner,121
9943,System_B_TwoStageOffBanner,80
9944,System_B_TwoStageOffBanner,80
9945,System_B_TwoStageOffBanner,77
9946,System_B_TwoStageOffBanner,78
9947,System_B_TwoStageOffBanner,99
9948,System_B_TwoStageOffBanner,86
9949,System_B_TwoStageOffBanner,78
9950,System_B_TwoStageOffBanner,78
9951,System_B_TwoStageOffBanner,56
9952,System_B_TwoStageOffBanner,77
9953,System_B_TwoStageOffBanner,152
9954,System_B_TwoStageOffBanner,52
9955,System_B_TwoStageOffBanner,17
9956,System_B_TwoStageOffBanner,79
9957,System_B_TwoStageOffBanner,98
9958,System_B_TwoStageOffBanner,79
9959,System_B_TwoStageOffBanner,60
9960,System_B_TwoStageOffBanner,94
9961,System_B_TwoStageOffBanner,79
9962,System_B_TwoStageOffBanner,77
9963,System_B_TwoStageOffBanner,32
9964,System_B_TwoStageOffBanner,103
9965,System_B_TwoStageOffBanner,126
9966,System_B_TwoStageOffBanner,74
9967,System_B_TwoStageOffBanner,80
9968,System_B_TwoStageOffBanner,80
9969,System_B_TwoStageOffBanner,77
9970,System_B_TwoStageOffBanner,82
9971,System_B_TwoStageOffBanner,156
9972,System_B_TwoStageOffBanner,158
9973,System_B_TwoStageOffBanner,89
9974,System_B_TwoStageOffBanner,160
9975,System_B_TwoStageOffBanner,134
9976,System_B_TwoStageOffBanner,156
9977,System_B_TwoStageOffBanner,21
9978,System_B_TwoStageOffBanner,81
9979,System_B_TwoStageOffBanner,7
9980,System_B_TwoStageOffBanner,127
9981,System_B_TwoStageOffBanner,83
9982,System_B_TwoStageOffBanner,75
9983,System_B_TwoStageOffBanner,14
9984,System_B_TwoStageOffBanner,151
9985,System_B_TwoStageOffBanner,78
9986,System_B_TwoStageOffBanner,100
9987,System_B_TwoStageOffBanner,73
9988,System_B_TwoStageOffBanner,159
9989,System_B_TwoStageOffBanner,153
9990,System_B_TwoStageOffBanner,75
9991,System_B_TwoStageOffBanner,77
9992,System_B_TwoStageOffBanner,89
9993,System_B_TwoStageOffBanner,76
9994,System_B_TwoStageOffBanner,155
9995,System_B_TwoStageOffBanner,39
9996,System_B_TwoStageOffBanner,41
9997,System_B_TwoStageOffBanner,76
9998,System_B_TwoStageOffBanner,77
9999,System_B_TwoStageOffBanner,78
10000,System_B_TwoStageOffBanner,91
